<?xml version="1.0" encoding="UTF-8"?>


<text>


<header><url>http://cultura.elpais.com/cultura/2015/06/08/actualidad/1433746019_449949.html</url><media>El_País</media><section>cultura</section><date>2015/06/08</date><authors>Irene Crespo</authors></header>


<body>
<title>
Los británicos y la diversidad triunfan en los Premios Tony de teatro
</title>
<subtitle>
‘Fun Home’, la adaptación de la novela gráfica de Alison Bechdel, musical
</subtitle>
<main_text>
 <p>La dama, su alteza teatral y cinéfila, Helen Mirren fue la primera en subir al escenario del Radio City Music Hall el domingo durante la 69ª ceremonia de los premios Tony. Se alzó con el primer premio en la gran noche del teatro neoyorquino por su papel de Isabel II en la obra <em>The Audience,</em> de Peter Morgan, quien había firmado también el guion de la película <em>La reina</em>, por la que Mirren había ya ganado el Oscar. La actriz se convirtió así en la novena en lograr ambos premios por interpretar el mismo personaje en cine y teatro, aunque en este caso las historias fueran distintas.</p> <p>El de Mirren era el galardón más previsto que, además, anticipó una ceremonia muy británica: la producción inglesa <em>El curioso incidente del perro a medianoche</em> fue la mejor obra, también ganó su protagonista, Alex Sharp; y <em>Skylight</em> se coronó como mejor revival de obra de teatro.</p> <p>Todos ellos eran premios sobre los que había muy pocas dudas en una noche que se debatía más en el terreno musical entre el tributo a la película de Gene Kelly, <em>Un americano en París;</em> y la adaptación del cómic autobiográfico de Alison Bechdel, <em>Fun Home.</em></p> <p>Pero tras alzarse con cuatro de los premios más importantes (mejor dirección, libreto, protagonista masculino y música), parecía claro que la originalidad y canto a la aceptación de la diversidad y la identidad de <em>Fun Home</em> era la favorita. Y así se cumplió.</p> <p>Joel Grey, uno de esos actores con Tony y Oscar en su haber por su papel de maestro de ceremonias en <em>Cabaret,</em> fue el encargado de presentar, junto a su hija la actriz Jennifer Grey, la actuación central de la noche que era, precisamente, una de las canciones pilares de <em>Fun Home,</em> que cuenta la historia de cómo Bechdel salió del armario de joven y, poco después, su padre, luchando contra su propia homosexualidad, moría en lo que parecía un suicidio.</p> <p>La canción elegida para la ceremonia era muy poco representativa del estilo espectacular de los musicales de Broadway, pero tenía un valor especial por su mensaje –el momento en el que la protagonista, de 11 años, admite su homosexualidad–, que reforzaron al ser presentada por Grey, quien este mismo año, con 82, declaró públicamente su homosexualidad.</p> <p>Ese fue, probablemente, uno de los momentos más emotivos y brillantes de una gala que partía con dos desafíos importantes. Por un lado, recuperar el glamour en su alfombra roja. Una labor para la que la American Theater Wing contrató a Anna Wintour (y si el éxito se mide en caras conocidas, tuits y vestidos de diseñadores famosos, triunfó). Y, por otro, no perder más audiencia. Una tarea complicada y encomendada a dos presentadores, Alan Cumming y Kristin Chenoweth, que tomaban el relevo de actores con tanto tirón como son Neil Patrick Harris (que tuvo su momento autoparódico, riéndose de su fracaso en los Oscar) y Hugh Jackman.</p> <p>A pesar de no tener todo a su favor, Cumming y Chenoweth desplegaron todos sus pasos de bailes, su mejor voz, se lo pasaron mejor que nadie; y, sin embargo, no lograron encontrar el ritmo a una gala lastrada por un exceso de actuaciones, que solo son una suerte de reclamos comerciales de los musicales, nominados o no, en los que las compañías se gastan entre 100 mil y 400 mil dólares para atraer espectadores a su teatro. Una estrategia que parecía más innecesaria aún este año en el que Broadway ha superado un récord histórico de taquilla y audiencia.</p> <p><em>El rey y yo,</em> una de esas obras taquilleras de la temporada, fue la otra gran ganadora de la noche<em>,</em> consiguiendo cuatro de los nueve premios a los que aspiraba, entre ellos el de mejor revival musical. La obra llegó a Broadway por primera vez en 1951 con Yul Brynner, otro de esos actores con Tony y Oscar por un mismo papel a los que Helen Mirren acaba de unirse.</p> <p>Porque si algo prueban los premios Tony es que el cine y el teatro, Hollywood y Broadway, están siempre más cerca de lo que parece. Y no sólo por sus actores estrella. No había más que mirar en la gala del domingo al patio de butacas, donde se sentaba relajado Harvey Weinstein; y también sobre el escenario, donde el temible Scott Rudin intentó suavizar su mala imagen tras los correos de Sony al recoger uno de los premios británicos de la noche para <em>Skylight.</em></p>   
</main_text>
</body>

</text>



