<?xml version="1.0" encoding="UTF-8"?>


<text>


<header><url>http://cultura.elpais.com/cultura/2015/03/06/actualidad/1425667496_069488.html</url><media>El_País</media><section>cultura</section><date>2015/03/06</date><authors>Juan Cruz</authors></header>


<body>
<title>
Joaquín Reyes: “Los amigos estamos todos con el puñetero móvil”
</title>
<subtitle>
Albaceteño, de 40 años. El cómico no está en las redes sociales y abomina del mundo apresurado. Ahora lee a Marcel Proust
</subtitle>
<main_text>
 <p><strong>¿Qué lee?</strong> Todo lo bueno. Ahora estoy con [Marcel] Proust, con <em>El tiempo recobrado. Antes, con El tiempo perdido.</em> Leo porque me hace sentir más listo. Son novelas tan buenas que me hacen aprender también más vocabulario. Es una manera de ver cómo se contaban las cosas antes de que las contáramos a toda hostia.</p> <p><strong>¿Y ahora?</strong> Ahora todo es inmediato y breve. Estamos más informados, pero menos profundamente: es la cultura de lo inmediato. Un profesor me decía que el aburrimiento es bueno. ¡Ahora tenemos que estar entretenidos todo el rato!</p> <p><strong>No profundizamos...</strong> Los amigos estamos todos con el puñetero móvil; dicen que se lo están pasando pipa porque lo tuitean, pero no se ríen. ¡Es más importante para ellos contar que se lo están pasando bien que vivirlo!</p> <p><strong>Usted eligió el entretenimiento.</strong> Porque me encanta la comedia. Está hecha para entretener; si además le puedes hacer pensar a alguien, mejor. Como consumidor de entretenimiento es lo que más me gusta hacer.</p> <p><strong>Sus personajes desatan risa.</strong> Intento parodiar lo que percibimos. Es poner un espejo cóncavo delante de cada personaje... No imito su voz, los recreo.</p> <p><strong>Los interpreta.</strong> Siempre escribí mis textos, pero en <em>El Intermedio</em> hay guionistas fantásticos. Han sabido escribir para un tipo de parodia bastante personal. Por eso me resulta fácil hacerlo.</p> <p><strong>No los imita, pero se parece a ellos...</strong> Nacho Díaz, el maquillador, me da seguridad. Voy al espejo, veo a Pablo Iglesias y me resulta más fácil afrontar lo que tengo que hacer... Me escriben los guiones y me maquillan, ¡el porcentaje que me toca es muy pequeño!</p> <p><strong>Se dijo que usted “había clavado” a Iglesias.</strong> ¿Qué quiere decir esa expresión? La característica es la intensidad con la que él se presenta: el ceño fruncido, la mirada fija, como alguien que es un guía. De mi parodia eso es lo que más gracia le pudo hacer a la gente. Es la visión de alguien que se ha presentado mirando al espectador con otro discurso, sobre todo, en las formas. Ese es su mayor logro, se ha fogueado en foros incómodos, desde abajo, algo que no hacían los políticos.</p> <p><strong>¿Cómo ve a esta nueva clase política que emerge?</strong> Hay algo de emoción, más debate, más alternativa real. Recuerdo las últimas generales: ni Rajoy ni Rubalcaba eran capaces de entusiasmar a jóvenes. Vivimos un segundo cambio: las cosas se mueven y el cambio viene desde abajo.</p> <p><strong>¿Le hace reír la realidad?</strong> Tomo distancia. Me parece todo una astracanada, pero me indigna: mira el dinero público, mira el pequeño Nicolás. Un esperpento. Si lo hubiera inventado yo habrían dicho que soy un exagerado.</p> <p><strong>Dice que leer le hace más listo.</strong> <strong>¿Para qué quiere ser más listo?</strong> Es una sensación agradable la de saber más. Me hace sentir culpable ver ciertos programas de la tele y que me gusten. Por ejemplo, <em>Hombres, mujeres y viceversa...</em> Azcona decía que había que oír a la gente... ¡Hay que consumir de todo!</p> <p><strong>¿Cuál es ahora su ambición?</strong> Aspiro es a seguir hasta que me digan <em>¡ciao, bambino!</em> Los que salimos en la tele estamos al límite del <em>estomague</em>. Quiero estar en la línea del no <em>estomague</em>, pero soy consciente de que llega un momento en que la gente te coge manía y se harta.</p> <p><strong>¿Le dejarían hacer de Proust en <em><strong>El Intermedio?</strong></em></strong> Ja, ja, ja. ¡Hombre, no es un personaje que esté muy de actualidad! Con su naricita, un bigote, la peluca. Diría: ¡Dejadme solo aquí, que quiero escribir, no me agobiéis! ¡Sería un personajazo!</p>  
</main_text>
</body>

</text>



