<?xml version="1.0" encoding="UTF-8"?>


<text>


<header><url>http://cultura.elpais.com/cultura/2015/11/06/actualidad/1446813669_002034.html</url><media>El_País</media><section>cultura</section><date>2015/11/06</date><authors>Gregorio Belinchón</authors></header>


<body>
<title>
Sevilla y el mejor cine europeo
</title>
<subtitle>
La 12ª edición del festival de la capital andaluza repasa los mejores trabajos de continente
</subtitle>
<main_text>
 <p>Todos los años, los miembros de la Academia del cine europeo festejan el buen tiempo con que pueden anunciar las candidaturas de sus premios en Sevilla. Ya es tradición el topicazo del “marco incomparable”, pero es cierto: el festival de la capital andaluza nunca defrauda en su meteorología ni en su programación. Y esta 12ª edición, que empieza hoy y acaba el día 14, posee suficientes títulos atractivos como para que siga siendo gran cita del cine europeo.</p> <p>Hacía tiempo que el certamen no inauguraba con una película española. Este año ese honor recae en <em>Dos amigos,</em> del francés Louis Garrel, actor y director de una comedia sentimental de enredo que Garrel ha coescrito con Christophe Honoré. Por cierto, en la sección oficial también podrá verse <em>A la sombra de las mujeres,</em> de Garrel padre, Philippe. Junto a ellos, títulos dirigidos por cineastas consagrados como <em>El cuento de los cuentos,</em> filme en inglés de Matteo Garrone; <em>Langosta,</em> del griego Yorgos Lanthimos; la trilogía de <em>Las mil y noches,</em> del portugués Miguel Gomes; <em>La otra cara,</em> del italiano Roberto Minervini; <em>Under electric clouds,</em> del ruso Alexei German jr.; <em>Rabin, el último</em> <em>día,</em> del israelí Amos Gitai; <em>Sangre de mi sangre,</em> del italiano Marco Bellocchio, o <em>La academia de las musas,</em> de José Luis Guerín. En una gala especial se proyectará <em>El tiempo de los monstruos,</em> de Félix Sabroso, un homenaje a su compañera de aventuras cinematográficas y vitales Dunia Ayaso, con Candela Peña, Carmen Machi, Julián López, Secun de la Rosa, Javier Cámara, Pepón Nieto, Antonia San Juan y Pilar Castro, entre otros.</p>  <p>El jurado lo componen el cineasta chileno Santiago Mitre, la actriz sevillana Ingrid García-Jonsson, el director gallego Louis Patiño, el crítico australiano Adrian Martin y la directora y guionista italiana Tizza Covi. El premio homenaje lo recibirá el actor británico Timothy Spall, un grande crecido a la sombra de Mike Leigh.</p> <p>Mañana sábado, el cine europeo mirará a Sevilla, porque a las doce se celebrará el acto sobre el que gira la idiosincrasia del certamen, la lectura de las candidaturas del cine europeo.</p> <p>Como ya es habitual, se celebran las secciones Las nuevas olas (con los nuevos valores y más radicales del cine europeo), Resistencias (escaparate del llamado otro cine español), la selección EFA (los 20 títulos preseleccionados para los premios del cine europeo del año y ahí entran la islandesa <em>Rams</em>, reciente ganadora de la Seminci, <em>Mia madre,</em> de Nanni Moretti, <em>Eisenstein en Guanajato,</em> de Peter Greenaway o la francesa <em>Mustang,</em> de Deniz Gamze Ergüven) y el Panorama andaluz. Habrá ciclos dedicados al veterano creador francés Paul Vecchiali (de quien se estrena su último trabajo, <em>C’est l’amour),</em> a la alemana Birgit Hein, al sevillano Juan Sebastián Bollaín y al austriaco Peter Tscherkassky. Además, el festival de cine rinde culto a un nuevo tipo de comedia que subterráneamente une a varios creadores europeos como el británico Ben Wheatley o los españoles Daniel Castro y Chiqui Carabante.</p>  <p>Y todo lo anterior, llueva o no, aunque los académicos de cine del norte de Europa sigan cruzando los dedos para que, un año más, el agua no les chafe la fiesta.</p> 
</main_text>
</body>

</text>



