<?xml version="1.0" encoding="UTF-8"?>


<text>


<header><url>http://cultura.elpais.com/cultura/2015/06/08/actualidad/1433775600_1433787115.html</url><media>El_País</media><section>cultura</section><date>2015/06/08</date><authors>El País</authors></header>


<body>
<title>
Entrevista con Les Luthiers
</title>
<subtitle>
Grupo argentino de humor
</subtitle>
<main_text>
 <p>Jorge Maronna de Les Luthiers hablará sobre su nueva obra '¡Chist!, antología de las obras del grupo, y responderá a todas las cuestiones que le planteen los internautas </p><p><strong>1</strong>Isabel08/06/2015 05:23:40</p><p>Sólo quiero aprovechar la ocasión para darle las gracias a Ud y a sus amigos por existir. Mucha suerte, mucha salud y mucha felicidad. Gracias.</p><p>Muchas gracias por los buenos deseos, Isabel. Saludos desde Buenos Aires.</p><p><strong>2</strong>Azules08/06/2015 05:24:14</p><p>Si tuviera que elegir una obra de Les Luthiers para mandar al espacio y que lo escuchen desde otro planeta, cuál sería?</p><p>“Fronteras de la ciencia”, porque los marcianos deben estar deseosos de saber qué opinamos de ellos.</p><p><strong>3</strong>Corto08/06/2015 05:24:46</p><p>Hola, un placer saludarle. Espero poder seguir disfrutando de sus espectáculos mucho tiempo. Supongo que no contemplan la posibilidad de jubilarse, ¿verdad?</p><p>No, los Luthiers jubilados cobran aquí una miseria.</p><p><strong>4</strong>Pizza08/06/2015 05:25:27</p><p>Si no fuera argentino, en qué país le hubiera gustado nacer?</p><p>En España, y le puedo asegurar que no es demagogia ni iberogogia o hispagogia.</p><p><strong>5</strong>Avesucha08/06/2015 05:26:20</p><p>Maestro, ¿escucha en su hogar música de Les Luthiers, o ve videos de Les Luthiers solo por placer? ¿Qué otra música escucha?</p><p>No veo nuestros vídeos; prefiero tratar de olvidar esas piezas con las que convivimos tanto tiempo, para poder verlas años después y sorprenderme con ellas como si fueran nuevas. Suelo escuchar música clásica y brasileña, en particular del gran Chico Buarque.</p><p><strong>6</strong>Gabriela08/06/2015 05:27:17</p><p>¿A cuál obra de Les Luthiers que haya compuesto o escrito le tiene particular cariño?</p><p>Tal vez a la música de El Lago Encantado, que me obligó a estudiar cómo orquestaba el Maestro Chaikovsky.</p><p><strong>7</strong>DELICAR08/06/2015 05:28:18</p><p>Don Jorge,soy fanatica de su grupo pero quisiera saber ¿CUANDO VOLVERÁN AL PERU? y ¿COMO SE CREO EL GRUPO?. te quiero!!</p><p>El grupo original, llamado I Musicisti, se creó en el coro de la Facultad de Ingeniería de Buenos Aires, y no tenía más pretensión que la de ser un juego para las fiestas. Más adelante, de ese grupo nos fuimos cuatro y fundamos Les Luthiers. Es posible que actuemos en Perú el año próximo. Por favor, guárdennos un poco de ceviche, que nos encanta. </p><p><strong>8</strong>Anónimo08/06/2015 05:30:06</p><p>¿Qué géneros musicales le gusta componer/interpretar dentro y fuera de Les Luthiers?</p><p>En el grupo hay que poder componer y tocar todo tipo de músicas, populares o cultas, lo que significa un interesante aprendizaje que obliga a estudiar con cuidado los modelos a seguir. Salvo nuestra parodias de la música de consumo, disfruto tocando todos los estilos. Fuera de Les Luthiers me gusta tocar en guitarra música del Renacimiento, brasileña, popular argentina, etc.</p><p><strong>9</strong>Anónimo08/06/2015 05:31:26</p><p>Hola Jorge, buenas tardes. La colaboración que hacen ustedes con Joan Manuel Serrat en su último disco Antología desordenada donde interpretan Las malas compañías supera incluso al original. Me encantó la adaptación que hicieron ustedes de ese tema. ¿Cómo surgió esa colaboración?. Un afectuoso saludo</p><p>Gracias por el saludo. Serrat, a quien conocemos personalmente desde los años , nos propuso participar en ese tema, y aceptamos encantados. El arreglo lo hizo Carlos López Puccio con maestría y lo grabamos en Buenos Aires sobre una pista con la voz de Joan Manuel.</p><p><strong>10</strong>Marquis08/06/2015 05:36:27</p><p>Hola Les Luthiers, Que penseis de Yo soy Charlie, la ley mordaza y la censura, en el contexto actual de2015 ? Muchas gracias</p><p>Los asesinatos de los humoristas de Charlie nos horrorizaron, fueron una muestra espantosa de barbarie humana. Nuestra línea es a menudo crítica pero no provocadora.</p><p><strong>11</strong>Pizza08/06/2015 05:42:14</p><p>Cuál es el instrumento informal que más le gusta tocar?</p><p>Creo que el Bolarmonio, que aparece en Rhapsoy in Balls. Parte del placer de hacer esa obra es el de ser acompañado por Carlos Núñez, que toca un blues y un boogie boogie magistralmente.</p><p><strong>12</strong>Fernando Serrano08/06/2015 05:49:10</p><p>Me gustaría preguntarles qué influencias han tenido para sus sketches, y si entre ellas puede estar Tricicle. También querría saber si sabrían decirme cuál es la manera más segunda de hacer reír al público. Muchas gracias.</p><p>En nuestros comienzos abrevamos de Peter Schickele y Gerald Hoffnung. Por supuesto, disfrutamos y aprendemos de todos los buenos humoristas: Chaplin, Woody Allen, los hermanos Marx, Tip y Coll, Monty Python, Quino, etc. A los maravillosos Tricicle les robamos varios gags, lo que nos perdonaron después de haberlos invitado a cenar repetidas veces.</p><p><strong>13</strong>Anónimo08/06/2015 05:55:55</p><p>¿Quién es el más ocurrente de todos ustedes? ¿Cuánto tiempo tardan en elaborar el guion para uno de sus espectáculos?</p><p>Un espectáculo nuevo nos lleva casi dos años de preparación, de los que la mayor parte se invierte en la escritura de los guiones; la música se resuelve más rápidamente. Luego viene la etapa de ensayos y pruebas con público, previa al estreno oficial, en la que nos enteramos si a los espectadores le divierte o no lo que hicimos, y según esa respuesta modificamos las obras las veces que sea necesario. Es un trabajo tan interesante como agotador.</p><p><strong>14</strong>Emil Krik08/06/2015 05:57:00</p><p>? Cual es la composición cual te gusta más? </p><p>¡Son muchas, me resulta imposible elegir sólo una, disculpas!</p><p><strong>15</strong>Los Vandelay08/06/2015 06:05:53</p><p>¿Encuentra semejanzas entre su humor y el de los hermanos Marx y Abott y Costello?</p><p>Encuentro algún lejano parecido con los hermanso Marx en el uso ingenioso del diálogo y la ejecución de música. A Abott y Costello los veía de niño y ahora casi no los recuerdo; debería repasar...</p>   
</main_text>
</body>

</text>



