<?xml version="1.0" encoding="UTF-8"?>


<text>


<header><url>http://cultura.elpais.com/cultura/2015/07/07/actualidad/1436225038_723441.html</url><media>El_País</media><section>cultura</section><date>2015/07/07</date><authors>Rocío Ayuso</authors></header>


<body>
<title>
Diana Douglas, la matriarca del clan
</title>
<subtitle>
La actriz fue la primera mujer de Kirk, la madre de Michael y Joel y la abuela de Cameron
</subtitle>
<main_text>
 <p>El fallecimiento de Diana Douglas tras una larga batalla con el cáncer marca el fin de mucho más que una actriz. A lo largo de sus 92 años de vida la intérprete fue la primera esposa de Kirk Douglas, la madre de su primer hijo, Michael Douglas, y por siempre la matriarca del clan de los Douglas, lo más cercano a lo que se considera realeza en Hollywood. Un clan que dejó su huella juntos en la pantalla en 2003 cuando participaron en Cosas de familia. Diana interpretó el papel de devota esposa de Kirk, madre de Michael y abuela de Cameron Douglas (su verdadero nieto) en una cinta producida por su otro hijo, Joel Douglas. Cosas de familia fue también su último trabajo artístico.</p> <p>Douglas, casada desde hace 15 años con Donald Webster, su tercer marido, falleció la noche del viernes en Woodland Hills, California (EE UU). Nacida en Bermudas como Diana Love Hill, la más joven de una familia acomodada llegó a Hollywood pasando por Nueva York, donde coincidió con Kirk Douglas en sus clases de arte. En Los Ángeles rodó su primera película<em>, Keeper of the Flame</em> (1943), a las órdenes de George Cuckor y junto a Spencer Tracy. Pero su experiencia en Hollywood fue frustrante y volvió a Nueva York, donde trabajó como modelo. Su trabajo para la revista <em>Life</em> fue en los ojos de Kirk una carta de amor. Al ver la foto, Kirk prometió que se casaría con ella y un año más tarde así lo hizo, en Nueva Orleans y con el actor aún vistiendo el uniforme con el que servía durante la II Guerra Mundial.</p> <p>No todo fue tan romántico. Como confesó Kirk Douglas en sus memorias <em>90 Years of Living, Loving and Learning</em>, Michael llegó al mundo en 1944, pero para el nacimiento de su hermano Joel, en 1947, la pareja se había dado cuenta de que no estaban hechos el uno para el otro y se separaron amistosamente en 1951. Aun así ambos intentaron mantener los lazos que en su día les unieron en beneficio de sus hijos.</p> <p>Aunque la carrera de Diana no alcanzó la repercusión artística de su exmarido o de su hijo, su filmografía incluyó 22 largometrajes y numerosas series de televisión, incluido su trabajo junto a su hijo en <em>Las calles de San Francisco</em>. También trabajó en teatro y en 1999 escribió sus memorias, que le dedicó a su nieto Cameron, el primogénito de Michael ahora en la cárcel por narcotráfico. En <em>In the Wings: A Memoir,</em> Diana confesó que en su día fue novia de otra figura legendaria: Errol Flynn. En el libro la actriz, esposa, madre, abuela y matriarca confesó su filosofía de vida: “Ten valor, ten compasión y, por lo que más quieras, pásatelo bien”.</p> 
</main_text>
</body>

</text>



