<?xml version="1.0" encoding="UTF-8"?>


<text>


<header><url>http://cultura.elpais.com/cultura/2015/08/07/actualidad/1438935465_970425.html</url><media>El_País</media><section>cultura</secion><date>2015/08/07</date><authors>Toni Castarnado</authors></header>


<body>
<title>
España recibe 3,5 millones de cruceristas, nuevo récord semestral
</title>
<subtitle>
El movimiento de mercancías en los puertos también se sitúa en máximos históricos
</subtitle>
<main_text>
 <p>En los días previos a que The Kinks publicaran <em>The Village Green Preservation Society</em>, a los hermanos Davies (Ray y Dave), Peter Quaife y Mick Avory se les acusaba de repetir una fórmula que ellos mismos patentaron, se ponía en solfa su esquema compositivo. Precisamente, con ese disco de 1968 The Kinks anticipaban un nuevo formato, el del álbum conceptual.</p> <p>Ellos siempre fueron un paso por delante, incluso en la década de los setenta y estando entonces ligeramente fuera de foco le hincaron el diente al teatro y a la opera rock. Y en 1965, en su momento de brote, tres cuartos de lo mismo, con la Invasión Británica al acecho, nadie osaba con imitar un sonido como el suyo, fruto del RB dominante en la época, con el trazo grueso del pop y consecuencia de su entorno, un pub-rock localista pero efectivo.</p>    <p>Julien Temple, documentalista de prestigio responsable de <em>Imaginary Man</em>, centrado en la figura de Ray Davies (después firmó también uno sobre su hermano para evitar más enfrentamientos, siempre andaban a la greña), explicaba la razón de su deseo, de sus intenciones: “The Rolling Stones me gustaban, pero The Kinks eran otra cosa. Hablaban de lo que podías ver a diario por la ventana de tu casa, retrataban lo que pasaba en la calle, hablaban de esa Inglaterra a través de una música muy emocionante”.</p> <p>Con la ironía como punto de partida, en su maletín se colaban multitud de sonidos y referencias socio-culturales, electrizantes en sus primeros singles, como en el caso de <em>You Really Got Me</em> (precursora para el hard-rock) y <em>All Day And All Of The Night</em>. Una vez grabaron <em>The Kink Kontroversy</em> establecieron nuevas normas, con un estilo ponderado. No bastaba con hacer ruido. Es decir, se tenían que tejer historias, y a poder ser con un sentido no exclusivamente unidireccional, letras que luciesen ese drenaje social obvio, observando lo que sucede a tu alrededor, tomando conciencia (aunque en la contraportada del disco reconocen la simplicidad de sus letras, una absoluta contradicción).</p>   <p>La época era propicia, 1965 era el año clave, en primer término con The Beatles y The Rolling Stones, si bien también había variables, sacudían el saco de la contracultura The Sonics, The Animals o en el cauce del jazz John Coltrane con el revolucionario <em>A Love Supreme</em>. Y en medio, situados cómodamente en un islote estaban The Kinks. Por exigencias del guión y el grado de su propia responsabilidad, no les convenció el resultado de sus dos primeros discos, uno era una suma de versiones (<em>The Kinks</em>), al otro a pesar de la evolución le faltaba aún identidad, más calidad de sonido (<em>Kinda Kinks</em>).</p> <p>Finalmente <em>The Kink Kontroversy</em> planta la semilla correcta para definir el valor histórico de The Kinks. Una docena de canciones con un tono bastante uniforme, piezas tan elegantes y sobrias como las de los rivales que habitaban al doblar la esquina, en vísperas de la que sería su edad de oro a partir de su siguiente obra <em>Face To Face.</em> Con una portada que engaña: aunque parezca un disco psicodelico no lo es. Les gustaba desubicar a quienes les seguían y más aún a los que trataban de analizarles. Con <em>The Kink Kontroversy</em> sí lo pusieron en bandeja de plata (aquí en la portada con su icónica guitarra van directos al grano); guiados únicamente por su instinto asesino, una deriva de su verdadero talento, y el añadido del conocimiento que subyace de la filosofía de la calle, en este caso en Muswell Hill, al norte de Londres.</p> <p>Con el anticipo en forma de single con la colorista y satírica <em>Dedicated Follower of Fashion</em>, la versión de <em>Milk Cow Blues</em> de Sleepy John Estes abrasa. <em>Till The End Of The Day</em> tiene todavía la esencia de esa energía primeriza, mientras que <em>Where Have All The Good Time Gone</em> tira del carro de la nostalgia desde otro ángulo. En la inquietante <em>I´m A Free</em> disparan con bala, <em>The World Keeps Going Round</em> determina su función como medio tiempo ácido y agonizante, al tiempo que en <em>When I See That Girl Of Mine</em> Ray y Dave doblan voces evocando a un amor imposible. <em>The Kink Kontroversy</em> abría un interrogante que años más tarde trataría de cerrar Steve Marriott de Small Faces al preguntarse en voz alta y en público cómo demonios habían logrado ese sonido mágico de <em>Waterloo Sunset</em>, marcada a fuego como una de sus grandes gestas.</p> <p></iframe></p> 
</main_text>
</body>

</text>
<title>
‘The Kink Kontroversy’: La electrizante tercera vía
</title>



