<?xml version="1.0" encoding="UTF-8"?>


<text>


<header><url>http://cultura.elpais.com/cultura/2015/02/06/television/1423227675_927137.html</url><media>El_País</media><section>cultura</section><date>2015/02/06</date><authors>El País</authors></header>


<body>
<title>
El programa ‘Club de prensa’, premio Rey de España de Periodismo
</title>
<subtitle>
El espacio, dirigido por Juan Carlos Iragorri y emitido por la cadena colombiana NTN24, ha sido galardonado en la categoría de televisión
</subtitle>
<main_text>
 <p>El programa <em>Club de prensa</em>, de la cadena colombiana NTN24, ha sido galardonado este viernes con el Premio de Periodismo Rey de España en la categoría de <strong>Televisión</strong> en la XXXII edición de estos galardones, que constan de otras cinco categorías y a los que este año se han presentado 206 trabajos procedentes de 18 países. Dirigido por Juan Carlos Iragorri, <em>Club de prensa</em> es un espacio en el que destacados periodistas de la región, como el corresponsal de EL PAÍS en Washington, Marc Bassets, analizan las principales noticias del día. También ha contado con la presencia del director de <em>The Washington Post</em>, Martin Baron, además de académicos y analistas de centros de pensamiento.</p> <p>El espacio premiado fue emitido el 22 de noviembre de 2013 y contaba con una entrevista a Bob Menéndez, presidente del Comité de Relaciones Exteriores del Senado de Estados Unidos. En esa entrevista, Menéndez hablaba de cuestiones como las conversaciones entre el Gobierno colombiano y la guerrilla de las FARC, la situación en Cuba y la aprobación de la reforma migratoria en EE UU. Los vídeos más destacados del programa pueden verse cada semana en la portada de la edición América de EL PAÍS.</p>  <p>En el programa premiado participaron el entonces corresponsal de EL PAÍS en Washington y actual director de ese diario, Antonio Caño; la analista política de Club de Prensa, la politóloga caleña Muni Jensen; Silvia Pisani, de <em>La Nación</em> de Buenos Aires; y José Jaime Hernández, de <em>El Universal</em> de México.</p> <p>El jurado de la XXXII edición de los Premios Rey de España, convocados anualmente por la Agencia Efe y la Agencia Española de Cooperación Internacional para el Desarrollo, ha elegido como ganador este trabajo entre los 38 presentados en la categoría de Televisión. En su acta, el jurado valora el concepto de este programa sobre temas de actualidad, grabado en Washington y emitido en una veintena de países latinoamericanos que se configura como un club de debate y de encuentro de periodistas hispanohablantes que incrementa la visión hispana en toda América.</p> <p>Aparte de director de <em>Club de Prensa</em>, Iragorri lo es también del programa <em>Voces RCN</em>, de la cadena radiofónica del mismo nombre y, entre otras distinciones, ha recibido el Premio Planeta de Periodismo y el del Círculo de Periodistas de Bogotá. Iragorri es así mismo corresponsal en Washington de la revista <em>Semana</em> de Colombia y fue corresponsal durante más de 10 años en Madrid del diario <em>El Tiempo</em>, además de director-fundador de la Maestría en Periodismo de la Universidad del Rosario y Publicaciones Semana.</p>  <p>El jurado ha concedido asimismo una mención honorífica en la categoría de Televisión al programa <em>Bajo el redondo cielo del mundo</em>, emitido por Telemedellín y cuyo autor es Luis Fabián Berrio Velásquez. Es un recorrido de tres semanas por el Amazonas con el fútbol como hilo conductor que pretende demostrar que ante un balón el sentimiento de un niño es el mismo en cualquier parte del mundo.</p> <p>En el resto de categorías de estos premios, dotados con 6.000 euros y una estatua en bronce de Joaquín Vaquero Turcios, han sido galardonados informadores de Argentina, Bolivia, Brasil, Colombia, España y Perú. El de <strong>Radio</strong> ha sido para Margarita Esparza por un microrreportaje que recorre el mundo de los sin techo, emitido por la cadena pública Radio Nacional de España (RNE).</p> <p>En cuanto al premio a la <strong>Fotografía</strong>, ha sido galardonado el brasileño Domingos Peixoto por la imagen de un camarógrafo malherido durante unas protestas en Río de Janeiro en febrero de 2014 y que publicó <em>O Globo</em>. En la categoría de <strong>Periodismo Digital</strong> el ganador ha sido para el programa <em>Niños de la frontera</em>, publicado en Univision.com y elaborado por María Arce y su equipo, que aborda el drama de 50.000 menores no acompañados que han intentado llegar a Estados Unidos procedentes de México y Centroamérica.</p>  <p>Respecto al <strong>Premio de Periodismo Ambiental y Desarrollo Sostenible</strong>, ha sido para un reportaje sobre la escasez de agua y la sed que padecen millones de personas en todo el mundo, emitido por Televisión Española y cuyos autores fueron Nuria Mejías Ruiz y José Luis Fernández Cabeza.</p> <p>El jurado de estos galardones, patrocinados por OHL y el de Periodismo Ambiental por la Fundación Aquae, ha otorgado también el <strong>Premio Don Quijote de Periodismo</strong> al narrador y ensayista peruano Fernando Iwasaki por un ensayo sobre la situación del español y su futuro titulado <em>La Mancha Extraterritorial</em> y publicado en el diario chileno <em>El Mercurio</em>. Este galardón está patrocinado por la empresa pública española Tragsa con una dotación de 9.000 euros y una escultura conmemorativa.</p> <p>El jurado de estos galardones, creados para reconocer la labor de los comunicadores en lengua española y portuguesa de los países que forman la Comunidad Iberoamericana y de las naciones con las que España mantiene vínculos históricos, ha estado encabezado por el presidente de la Agencia Efe, José Antonio Vera, con el director del gabinete técnico de la Agencia Española de Cooperación, Fernando Castillo, como vicepresidente. Completan el jurado el corresponsal en España del diario argentino <em>La Nación</em>, Martín Rodríguez Yebra; la del colombiano <em>El Tiempo</em>, Juanita Samper; la del peruano <em>El Comercio,</em> Yolanda Vaccaro, el reportero español en zonas de conflicto Marc Marginedas y la periodista española Ana Vaca de Osma, mientras que la directora de Comunicación y Relaciones Externas de Efe, Rosario Pons, ha actuado como secretaria.</p> 
</main_text>
</body>

</text>



