<?xml version="1.0" encoding="UTF-8"?>


<text>


<header><url>http://cultura.elpais.com/cultura/2015/02/06/actualidad/1423220400_1423231696.html</url><media>El_País</media><section>cultura</section><date>2015/02/06</date><authors>El País</authors></header>


<body>
<title>
Entrevista con Estrella Morente
</title>
<subtitle>
Cantaora
</subtitle>
<main_text>
 <p>La artista, que actúa el martes 10 de febrero en el Teatro Nuevo Apolo de Madrid acompañada por Niño Josele a la guitarra, habla con los lectores sobre su carrera y su último proyecto, 'Amar en paz'. A partir de las 12.00, hora peninsular española.</p><p><strong>1</strong>Anónimo06/02/2015 12:17:42</p><p>Hola Estrella, buenos días. La colaboración con Niño Josele en tu último trabajo le da al disco Amar en paz una dimensión muy especial. Cómo ha sido esa colaboración? ¿Habrá más en el futuro? Un saludo</p><p>Hola Patricio!!, permíteme que a través de esta respuesta, aproveche para saludaros a todos, ya que es la primera... Deciros que me hace mucha ilusión compartir este ratito con vosotros y este disco que para mi, significa un sueño hecho realidad, porque no sólo me ha llevado a conocer y a disfrutar de la música brasileña, sino que me ha devuelto, a través de la figura del maestro Fernando Trueba, la necesidad de respetar y conocer a los clásicos... a las fuentes... en este caso, de Brasil... como lo haría mi padre, el gran Enrique Morente, que ademas, se enamoró profundamente de este proyecto, desde que Fernando lo propuso en casa. Este trabajo es un tesoro, y ha sido muy importante llevarlo a cabo junto a Niño Josele, no había nadie mas idóneo para desglosar, interpretar y sentir esta música, estos registros, melodías, escalas... como lo ha hecho Josele, he disfrutado y aprendido mucho y ahora necesito compartirlo. Estoy convencida de que esto será un antes y un después en mi carrera como músico, como también lo estoy de que ya nunca me separaré de este género maravilloso, que de alguna manera siempre he llevado dentro. Os prometo que las próximas respuestas serán mas cortas... jajaja Un fuerte abrazo</p><p><strong>2</strong>Eva06/02/2015 12:24:39</p><p>Se puede amar en paz?</p><p>Se debería...</p><p><strong>3</strong>Alejandro Magno06/02/2015 12:31:06</p><p>¿Qué opinas del trabajo que está haciendo tu hermana Soleá Morente?</p><p>Soleá Morente ha superado todas las expectativas...me tiene sorprendida. Siempre ha sido así, desde pequeña, pero ahora más que nunca, como una joven mas de éste país, que lucha por respirar, está sabiendo responder a las adversidades a base de talento, de esfuerzo, de sacrificio, de trabajo e inteligencia... la aplica a cada minuto, cada cosa que hace... se parece mucho a mi padre, no hace nada sin intentar utilizar la inteligencia. Tiene sus errores como todo el mundo, no es perfecta jajaja, sobre todo por si lee esto, no me gustaría que se confundiese, pero está rozando la perfección...</p><p><strong>4</strong>perepa06/02/2015 12:46:43</p><p>que opinón tienes de la música experimental y del arte abstracto?</p><p>No hay nada más libre que la expresión del arte, el arte está para eso, para expresarse... y el artista esta para contar y proyectar ese interior y ese pensamiento... el sentimiento! Por eso es muy importante ser respetuoso con los creadores.</p><p><strong>5</strong>Javier197706/02/2015 01:02:01</p><p>Hola Estrella. Es cierto que eres directora de una cátedra de flamencología en la Universidad Católica de Murcia? Cuéntanos algo de ese proyecto. Muchas gracias!</p><p>Pues te tengo que confesar...que es algo que no me hubiese imaginado ni hubiera buscado en la vida que me correspondiese... El flamenco está lleno de artistas, monstruos, auténticos genios con muchos mas años y más sabiduría que yo... que merecen tener un altavoz para contar cosas muy importantes, yo me considero una humilde cantaora, es lo único que quiero, cantar... cantar y sacar tiempo de donde sea para transmitirles a mis hijos unos valores que les hagan medio fuertes, en el mundo que les ha tocado vivir, como a todas las criaturas de su generación y a las venideras... En este caso se me nombra Catedrática de un flamenco que entra en la Universidad, de manera oficial. A mi, que amo el flamenco, que lo venero por encima de todo, que le he entregado mi vida desde que era niña, sólo se me ocurre pensar en que tengo una gran responsabilidad de seguir aprendiendo y desarrollando mi tesoro, que es mi profesión, mi cante. </p><p><strong>6</strong>Anónimo06/02/2015 01:18:26</p><p>¿Cómo ves la cantera de cantaores? ¿Se hace buen trabajo desde las peñas a día de hoy?</p><p>Hay un ambientazo... Tenemos afortunadamente una generación de flamencos, que no solamente son cantaores, guitarristas, bailaores, percusionistas... Todos hacen de todo, manejan los estudios de grabación, es decir, controlan y utilizan las tecnologías, conocen los instrumentos... Vivimos una era del flamenco acorde con los tiempos... La verdad, es que yo soy una gran nostálgica y echo de menos detalles, maneras, formas que se pierden en el camino y con los tiempos, y hay muchas cosas que se hacen mas con la cabeza que con el corazón... Pero confío, plenamente, en la calidad y en la afición de muchos compañeros con los que tengo la suerte de compartir muchos momentos, entre otras cosas me gusta ir a escucharlos cantar. Tengo un hermano cantaor, Jose Enrique Morente, del que me siento muy orgullosa, porque veo en su juventud la necesidad de aprender y la ambición del conocer los cantes, cada día más... y me cuenta anécdotas, momentos que comparte con otros colegas, se juntan, tocan, escuchan, componen... El flamenco está en movimiento... como todo en la vida... y debe ir hacia adelante, pero para mí, es fundamental volver a las raíces, a Kiki, (Jose Enrique), le he recomendado que se de una vuelta por las peñas, es muy importante para un cantaor, yo empecé cantando en , la peña de La Platería, fué muy emotivo, desde ahí arranqué, desde una de las peñas más bonitas del mundo, a los pies de La Alhambra... luego vinieron La peña Los Cernicalos de Jerez, la peña El Taranto de Almería, la peña La Parra... El Morato...Illora... </p><p><strong>7</strong>Anónimo06/02/2015 01:21:20</p><p>que piensas del niño que salió en la voz kids raul el balilla?</p><p>De momento el nombre me encanta!! Tiene arte, alguna vez lo he escuchado y me parece genial, es un niño que siente el flamenco en su piel, desde pequeño...Ojalá y disfrute mucho a través del arte, todo mi cariño hacía él, es un muñeco.</p><p><strong>8</strong>Paula Casas06/02/2015 01:24:28</p><p>Hola Estrella, preguntarle si algún día vendrías para Ceuta para actuar en el teatro nuevo Gracias y mucha mierda como decimos los artistas en tu próxima actuación Paula Ceuta</p><p>Estaría encantada de cantar en Ceuta, me gusta mucho esa ciudad. Gracias por tu deseo amiga jajaja. Un beso</p><p><strong>9</strong>Amaia06/02/2015 01:31:43</p><p>Hola Estrella, qué ganas de ir a verte en directo! ¿Como consideras que ha evolucionado el flamenco en los últimos años? ¿Se ha perdido la verdadera esencia? </p><p>No me gusta ser pesimista, a pesar de que es verdad que nos faltan cosas, y de que esta todo un poco raro, como diría el maestro Isidro Muñoz entenguerengue, a mi me gustaría mandar un mensaje de esperanza, de cariño, de confianza en quien trabaja, de ilusión, aunque sé que las cosas no están fáciles y hay gente sufriendo mucho, por eso, más que pararme a pensar si se ha perdido la esencia o no del flamenco, tiraría de la alegría y de la sonrisa, de la paz que es de lo que habla este disco a la hora de afrontar nuestro día a día, no merece la pena mal gastar el tiempo en flagelarnos. Se pierden cosas en el camino y se ha de luchar para conseguir otras...no?. Yo vivo cada uno de mis directos como si fuera el último, ojalá compartamos alguno.</p><p><strong>10</strong>Elisabet06/02/2015 01:41:20</p><p>Hola Estrella! Nos gustaría saber algo, lo que se pueda, de tus proyectos profesionales más inminentes. Un saludo</p><p>Nunca paro, estoy mal enseñada jajaja... Mi padre nos enseñó que nunca había final en el trabajo, se me pisan los proyectos, haya o no posibilidades de llevarlos a cabo, como le pasa a la mayoría, de momento presentamos nuestro disco Amar en paz en el teatro Apolo de Madrid, el día de febrero, y el día en el Palau de Barcelona, nada mas y nada menos... A la vez estoy inmersa en la grabación de mi próximo disco, y conjuntamente trabajando con Jose Enrique y Soleá con los suyos propios, que van a sacar dos maravillas... como veis, no han tenido prisa ninguna, a pesar de que se le han presentado grandes oportunidades de hacer discos, reportajes, otras ofertas. En cambio, cada uno de ello, tiene muy claro lo que quiere, y estoy disfrutando de verles seleccionar con calidad un texto, y de tomar camino realmente fuerte y directo de donde quieren ir cada uno en su estilo, es decir, tienen lo más importante, que es la personalidad. Y bueno entre otras cosas, mi marido y yo volamos a América, al día siguiente del Palau, porque el torea... Así es que como podeis comprobar, nuestra vida se rige a través del arte, y no desconectamos nunca jajjaja Y gracias a Dios que tenemos la oportunidad de expresarnos a través de lo que amamos y de lo que más nos gusta hacer.</p><p><strong>11</strong>zizou06/02/2015 01:50:01</p><p>Estrella, además de indicarte que me encanta tu voz y tu arte. Cohen es amigo familiar, Como es Cohen como ser humano? Es tan maravillosos como aparenta, perdona por no preguntarte por tu estreno próximo</p><p>Jajajaja No te preocupes, ya te lo digo yo, mi próximo estreno es el día de febrero en el Teatro Apolo de Madrid, y el día en el Palau de Barcelona, jajajaja Fuera de broma, el gran amigo Leonardo, como le llamaba mi padre, no es maravilloso, ni gentil, ni generoso, ni cercano, ni humilde, ni sensible... es más que todo eso!!! Un ser inigualable. Imagínate, el orgullo y la sensación que yo sentí cuando leí la carta que nos mandó al partir su amigo... Creo que esta publicada, la leyó en público desde el escenario del Teatro Español, su director Natalio Grueso, realmente ahí deja constancia de lo que significaban el uno para el otro. Yo como hija, como músico no tengo palabras para definir esa unión que he tenido la suerte de vivir tan cerca, de la que surgió un trabajo histórico... OMEGA!!!</p><p><strong>12</strong>Alberto Soria06/02/2015 01:57:50</p><p>¿Qué opinas de la revolución política en España y los partidos como Podemos? ¿La cultura va de la mano de las revoluciones o es conservadora? Gracias</p><p>Creo en la libertad de expresión del pueblo, y el pueblo se está quejando, pero tampoco soy de los que piensan que todo el pueblo es Podemos. Y en cuanto a la segunda pregunta, tengo que decir que la cultura jamás va de la mano de la Revolución, porque las revoluciones normalmente son sangrientas, y la cultura mas bien va de la mano de la libertad y del respeto hacia todo.</p><p><strong>13</strong>ham06/02/2015 02:02:47</p><p>Hola Estrella, qué opinión te merece la cantaora María Toledo. Está acaparando unos niveles mediáticos acordes a su trayectoria o piensas que se la está apoyando demasiado en comparación con otros como tú que llevais más tiempo en este mundillo.</p><p>Pero como se va a apoyar demasiado a un artista? Nunca es demasiado. Al público no lo engaña nadie y María está donde se merece, gracias a su trabajo, a su empeño y a su simpatía, y hay que decirlo, es muy importante hablar bien de los compañeros cuando se siente, reconocerles y valorarles, o por qué tengan mas éxito ya no son buenos? Claro que si... Palante. Todo lo que sean noticias buenas son bienvenidas, bastante ruina tenemos ya con poner el telediario, que por cierto, estoy enganchada a las noticias.</p><p><strong>14</strong>Laurita06/02/2015 02:27:59</p><p>Hola Estrella! Por fin y gracias a los reyes magos podré disfrutar de tu arte en directo el próximo 10 de Febrero! Además de las canciones de tu ultimo trabajo, ¿nos deleitarás con algún tema de flamenco puro? Qué ganas de escucharte!!!!</p><p>Que Reyes con mas cantidad de arte Laura!!! El de febrero es nuestra primera presentación con Amar en Paz... no me gustaría hacer nada que no perteneciese a la obra... de hecho me gustaría respetar hasta el orden del disco, que para eso está muy bien pensado por el maestro Fernando Trueba, Josele también está de acuerdo... intentaremos ser lo mas fieles posibles, como ha sucedido a la hora de grabar el disco... y eso sí, nosotros somos flamencos hagamos lo que hagamos, queramos o no. Amaremos a la música brasileña desde lo más puro de nuestro flamenco...</p><p><strong>15</strong>jovial turolense06/02/2015 02:30:55</p><p>Hola Estrella, aparta por un segundo el flamenco (ya se, es dificil, je) pero dinos que grupos o músicos prefieres en estilos como el rock, el pop, blues, etc etc</p><p>Hombre... en casa siempre se ha escuchado a los buenos y a los malos, mi padre decía que había que escucharlos a todos, que de los buenos se aprende y de los malos también, en mi casa tenian cabida todos. Pero si tuviese que citarte algunos de los nombres que nos han acompañado te diría Frank Sinatra, Nina Simone, Mozart, Maria Callas, Sonic Youth, The Beattles, Los Rollings, Leonard Cohen, Sting... que por cierto se quedaron a las puertas de una colaboracíon, que hubiera sido única... Sting y Enrique Morente! Amamos la música...en general, aunque lo cierto es que casi en forma de ritual todos los días la que suena a primera hora del día se llama Pastora Pavón, La Niña de los Peines...</p><p><strong>16</strong>Samba06/02/2015 02:41:57</p><p>Es fantástico que una cantaora se deje llevar por su instinto y haga este gran homenaje a la música brasileña. Sin embargo, la crítica y algunos aficionados del flamenco echan de menos a la Estrella de Mi cante y un poema. ¿Volverás a sacar algún disco de flamenco más clásico? </p><p>Claro, por supuesto, yo soy cantaora flamenca, pero creo que no hay porque elegir, no hay dos Estrellas Morente, solo hay una, no me puedo partir por la mitad, así me siento como músico y tenía la necesidad, y casi diria la obligación, como creadora, de conocer, analizar y enriquecerme de toda esta maravilla, no creo que haya hecho daño a nadie, sino por el contrario he pretendido recordar, homenajear, evocar, siempre con respeto, lo que considero un tesoro musical, que es este repertorio que abarca música brasileña durante todo un siglo desde Pixinguinha hasta Caetano Veloso...He escuchado tantas versiones de cada tema... se ha portado tan bien Fernando, ha hecho un libreto tan especial contando las historias de cada tema, con una dedicación, y con un cariño que se refleja en la fidelidad de su traducción al español, de este trabajo, y ha trabajado tan bien Josele, con tanta afición, que sinceramente hay que escuchar a los demás, y las críticas son muy importantes, para crecer no solamente como artista sino como ser humano, pero también es verdad, que a veces, es importante ser valiente, sobre todo cuando estas defendiendo algo que merece la pena, y ofrecer tu criterio. Yo me siento muy afortunada de haber tenido una oportunidad tan bonita, de hecho, para mí, este Amar en Paz en la música brasileña, fiel a sus principios, significa lo mismo que mi Cante y un Poema, en otra dimensión. Es decir, con los dos discos, tengo la sensación de haber tenido la suerte de haber acertado, y haber entrado por la puerta grande de ambos géneros. Los dos, son dos discos serios, respetuoso con la historia y abiertos a un futuro. </p>   
</main_text>
</body>

</text>



