<?xml version="1.0" encoding="UTF-8"?>


<text>


<header><url>http://cultura.elpais.com/cultura/2015/09/07/actualidad/1441613145_599258.html</url><media>El_País</media><section>cultura</section><date>2015/09/07</date><authors>El País</authors></header>


<body>
<title>
Escucha en EL PAÍS el nuevo disco de Richard Hawley
</title>
<subtitle>
El compositor británico publicará el 11 de septiembre 'Hollow Meadows'
</subtitle>
<main_text>
 <p>Richard Hawley, uno de los mejores músicos británicos de la última década, publicará el próximo 11 de septiembre su octavo trabajo en estudio, <em>Hollow Meadows</em> (Warner). EL PAÍS te ofrece la escucha completa del disco antes de su llegada a las tiendas.</p> <p>Grabado en la primavera de 2015 en el Yellow Arch Studio de Sheffield, <em>Hollow Meadows</em> marca el regreso de Hawley a la composición clásica y sofisticada con arreglos que le convirtieron desde sus inicios en un artista admirado. Reflexionando acerca de temas como el paso del tiempo o las relaciones humanas, gran parte del disco transmite una atmósfera inquietante, nostálgica y romántica que recuerda a algunos de sus primeros discos como <em>Late Night Final</em> o <em>Lowedges</em>.</p>  <p>Por primera vez en su carrera, Hawley compuso las <em>demos</em> en su estudio con su guitarrista, su confidente Shez Sheridan. Eso le permitió entrar a grabar con canciones completamente terminadas y muchas de esas demos eran tan potentes que se incluyeron directamente en el disco.</p> <p>Siguiendo con la tradición de los discos anteriores que hacen alusión a Sheffield y a algunos de sus lugares cercanos, Hawley tomó el nombre de <em>Hollow Meadows</em> de la que pudo ser la ubicación de un hospital que existió en los años cincuenta.</p> <p>El compositor británico lo presentará el 16 de noviembre en el Teatro Barceló de Madrid y el 17 de noviembre en la sala Apolo de Barcelona.</p> 
</main_text>
</body>

</text>



