<?xml version="1.0" encoding="UTF-8"?>


<text>


<header><url>http://cultura.elpais.com/cultura/2015/07/07/actualidad/1436302556_111718.html</url><media>El_País</media><section>cultura</section><date>2015/07/07</date><authors>Leontxo García</authors></header>


<body>
<title>
El sutil Petrosián (III)
</title>
<subtitle>
En los quince siglos de historia del ajedrez hay muy pocos genios con una visión tan profunda como la de Petrosián. Captaba el meollo de la posición con una exactitud prodigiosa
</subtitle>  
<main_text>
 <p>En los quince siglos de historia del ajedrez hay muy pocos genios con una visión tan profunda como la de Petrosián. Captaba el meollo de la posición con una exactitud prodigiosa.</p> <p>Blancas: <strong>T. Petrosián.</strong> Negras: <strong>V. Smyslov.</strong> Gambito de Dama Aceptado (D15). Campeonato de la URSS. Moscú, 1951.</p> <p>Tigrán Petrosián prefería defenderse, pero también era un virtuoso del ataque, como en este gran combate de titanes: <strong>1 d4 d5 2 c4 dxc4 3 Cf3 Cf6 4 Cc3 c6 5 e4 b5 6 e5 Cd5 7 a4 e6 8 axb5 Cxc3 9 bxc3 cxb5 10 Cg5 Ab7 11 Dh5 g6! 12 Dg4 Ae7 13 Ae2 Cd7 14 h4 h5! 15 Dg3 Cb6</strong> (más prudente era 15 ..Ad5) <strong>16 0–0 a5! 17 d5!!</strong> (un golpe genial, que los amigos de silicio no comprenden, de lógica aplastante: el rey negro, cómodo en el centro con la posición cerrada, tendrá problemas con la columna 'd' abierta) <strong>17 ..Cxd5?!</strong> (Petrosián dijo que era mejor 17 ..Axd5, y las máquinas coinciden; la variante crítica es 18 Td1 Dc7 19 Ae3 Dc6! 20 Df4 0–0 21 g4!; quizá las máquinas encuentren la defensa, pero no es nada fácil) <strong>18 Td1 Dc7 19 Ce4 0–0–0!</strong> (si 19 ..0–0?! 20 Axh5) <strong>20 Ag5!</strong> (este cambio favorece a las blancas porque su caballo irá a d6, obligando a entregar una torre por él y abriendo aún más la posición) <strong>20 ..Axg5 21 Dxg5 a4?!</strong> (el gran recurso oculto era 21 ..f6!! 22 exf6 Cf4 23 Txd8+ Txd8 24 Af3 Ad5!) <strong>22 Dg3 f5 23 Cd6+ Txd6 24 exd6 f4?</strong> (24 ..Dg7!) <strong>25 Dxg6 Dxd6 26 Af3 Ac6 27 Te1 Te8 28 Axd5!</strong> (muy profundo) <strong>28 ..Dxd5 29 Tad1! Df5 30 Dxf5 exf5 31 Txe8+ Axe8 32 f3!</strong> (la clave, para activar el rey) <strong>32 ..Rc7 33 Rf2 Rb6 34 Re2 Ra5 35 Tb1! a3 36 Rd2 b4</strong> (si 36 ..Ra4 37 Tb4+ Ra5 38 Rc2, seguido de Rb1–Ra2) <strong>37 cxb4+ Ra4 38 Rc3 a2 39 Ta1 Ra3</strong> (diagrama) <strong>40 Rxc4!</strong> (cálculo preciso) <strong>40 ..Rb2 41 Td1 a1D 42 Txa1 Rxa1 43 b5 Ad7 44 b6 Ac8 45 Rd4 Rb2 46 Re5 Rc3 47 Rxf4 Rd4 48 Rg5 Re5 49 Rxh5 Rf6 50 g4 Ab7 51 Rh6</strong>, y Smyslov se rindió. Correspondencia: ajedrez@elpais.es</p> 
</main_text>
</body>

</text>



