<?xml version="1.0" encoding="UTF-8"?>


<text>


<header><url>http://cultura.elpais.com/cultura/2015/09/07/television/1441636169_935187.html</url><media>El_País</media><section>cultura</section><date>2015/09/07</date><authors>El País</authors></header>


<body>
<title>
‘Breaking Bad’ tiene cafetería
</title>
<subtitle>
Estambul abre un comercio que recrea el el laboratorio de los protagonistas de la serie
</subtitle>
<main_text>
 <p>Una tabla periódica, trajes especiales amarillos y cafés servidos en vasos de laboratorio. El ambiente de la serie de <em>Breaking Bad</em> tiene cafetería propia y está en Estambul, Turquía. El lugar se llama Walter's Coffee Roastery (la tostadora de café de Walter) y recrea el laboratorio de Walter White y Jesse Pinkman, los protagonistas de esta ficción que emitió el último capítulo hace ya dos años.</p> <p>Desde que abrió en marzo de este año, por este establecimiento han pasado fans de la serie de todo el mundo. Los propietarios cuentan que la idea partió casi de una broma, pero en la actualidad se ha convertido en lugar de encuentro de curiosos donde comer metanfetamina en forma de bizcochos se ha vuelto un habitual.</p> <p>Tanto ha sido el éxito en el recreo de este laboratorio, que el dueño ya tiene pensado abrir el establecimiento en otros países: Dubai, Moscú y Nueva York podrían ser los próximos escenarios.</p> 
</main_text>
</body>

</text>



