<?xml version="1.0" encoding="UTF-8"?>


<text>


<header><url>http://cultura.elpais.com/cultura/2015/10/07/television/1444242096_593810.html</url><media>El_País</media><section>cultura</section><date>2015/10/07</date><authors>Fernando Morales</authors></header>


<body>
<title>
‘Salvados’ y El Terrat deciden poner fin a su colaboración
</title>
<subtitle>
Tras 10 temporadas trabajando juntos y a pocos días del prestreno de la nueva temporada, Jordi Évole y Ramón Lara asumen la producción del programa
</subtitle>
<main_text>
 <p>La productora El Terrat y el programa <em>Salvados,</em> liderado por Jordi Évole, han decidido de mutuo acuerdo poner fin a su colaboración tras 10 exitosas temporadas en la antena de La Sexta según un comunicado enviado a los medios por el programa.</p> <p>Con esta decisión, <em>Salvados</em>, que cerró el pasado 11 de mayo la mejor temporada de su historia siendo líder de audiencia y lo más visto del fin de semana con un 16% de cuota de pantalla y cerca de tres millones de espectadores, y la productora, creadora y productora del formato de éxito, dejan paso a una etapa “más personal del proyecto en la que Jordi Évole y Ramón Lara asumen la producción del programa que codirigen”, señalan.</p>   <p>Tanto los responsables del programa como de la productora emprenden esta nueva etapa en sus trayectorias “valorando muy satisfactoriamente la estrecha colaboración que han llevado a cabo durante estas 10 temporadas. Una decisión que no afectará a la relación entre las dos partes ni a la emisión de <em>Salvados</em> en La Sexta, del grupo Atresmedia, con el que el programa tiene un compromiso de larga duración.</p> <p>Esta ruptura se ha anunciado tan solo cuatro días antes de que <em>Salvados</em> preestrene nueva temporada el próximo domingo en La Sexta, mientras que El Terrat seguirá trabajando en la creación y la producción de contenidos para televisión, cine, internet, publicidad, teatro, digital y editorial.</p> <p>Para este especial de <em>Salvados</em> que se emite este domingo, el cantante Julio Iglesias será entrevistado por Jordi Évole tratando temas como el IVA cultural.</p>  
</main_text>
</body>

</text>



