<?xml version="1.0" encoding="UTF-8"?>


<text>


<header><url>http://cultura.elpais.com/cultura/2015/01/07/actualidad/1420628285_650837.html</url><media>El_País</media><section>cultura</section><date>2015/01/07</date><authors>  Gregorio Belinchón</authors></header>


<body>
<title>  ‘La isla mínima’ y ‘El niño’, cara a cara en las nominaciones a los Goya</title>
<subtitle>  La gala del próximo 7 de febrero será una competición entre los dos ‘thrillers’ El fenómeno del año, 'Ocho apellidos vascos', se queda en cinco candidaturas</subtitle>
<main_text>
   <p>La ceremonia de los Goya el próximo 7 de febrero se ha convertido en un cara a cara entre <em>La isla mínima,</em> de Alberto Rodríguez, y <em>El niño,</em> de Daniel Monzón. El <em>thriller</em> datado en la España de 1980 ha logrado 17 candidaturas (en 16 categorías porque obtienen dos en actor protagonista, con Raúl Arévalo y Javier Gutiérrez) por las 16 de la visión del narcotráfico en el Estrecho de Gibraltar. La lectura esta mañana de las candidaturas de los Goya no ha deparado grandes sorpresas, con otros tres títulos compitiendo en el galardón a mejor película: <em>Loreak,</em> <em>Magical girl</em> y <em>Relatos salvajes.</em> Se queda fuera de la batalla por el premio más prestigioso <em>Ocho apellidos vascos:</em>la película española más vista de la historia ha tenido que conformarse con optar a cinco galardones.</p> <p>Curiosamente otro taquillazo, <em>Relatos salvajes,</em> de Damián Szifron, es también candidata –y además la gran favorita- a mejor película iberoamericana por su condición de coproducción argentinoespañola. La producción de El Deseo ha obtenido nueve selecciones. Las candidaturas han sido leídas esta mañana en la Academia por el director Kike Maíllo y las actrices Marián Álvarez y Blanca Suárez.</p>  <p><em>El niño,</em> de Monzón, ha obtenido 16 candidaturas, adelantada <em>in extremis</em> por <em>La isla mínima</em> con su doble presencia en actor protagonista. Bárbara Lennie logra doblete como actriz secundaria en este <em>thriller</em> y como protagonista por <em>Magical girl.</em> La película de Carlos Vermut, ganadora en el certamen de San Sebastián de la Concha de Oro y del premio a la mejor dirección, compite en siete categorías. La quinta película en discordia, <em>Loreak,</em> solo ha obtenido esa candidatura y mejor banda sonora.</p> <p><em>Ocho apellidos vascos,</em> la comedia que ha roto la taquilla con más de 50 millones de euros de recaudación, ha sido elegida en cinco candidaturas. Otro de los grandes taquillazos, <em>Mortadelo y Filemón contra Jimmy el cachondo,</em> ha llegado hasta las seis, y es la favorita en película de animación.</p>  <p>Esther García, productora de El Deseo y candidata ella misma por su dirección de producción en <em>Relatos salvajes,</em> se mostró feliz con esa doble candidatura mejor película y mejor película iberoamericana, un hecho que solo había pasado con <em>El secreto de sus ojos:</em> “Nosotros vamos a por todas. Aún así estamos muy contentos con estar en esas selecciones repletas de buenas películas”. Y confesó que en su categoría –mejor dirección de producción- personalmente quiere que gane Toni Novella por <em>El niño</em>. <em>Relatos salvajes</em> está también en la carrera de los Oscar, “labor en la que está Damián Szifron en Nueva York, en un trabajo muy duro”.</p> <p>Con tres nominaciones se quedan el documental <em>Paco de Lucía: la búsqueda,</em> <em>10.000 kilómetros</em> –la película que ganó en el certamen de Málaga- y <em>Musarañas.</em> El director de <em>10.000 kilómetros,</em> Carlos Marques-Marcet, y su productor, Tono Folguera, defendieron en la Academia sus candidaturas (dirección novel, actor novel y actriz novel) como representantes de un nuevo cine español. “No debemos pensar en cómo hacer películas baratas, sino en qué necesitas para contar una historia”, aseguró su director, que no se sintió herido por obtener solo tres candidaturas cuando había entrado en la terna a los Oscar. “Son votaciones distintas con diferentes objetivos”.</p>  <p>Javier Gutiérrez, ganador de la Concha de Plata a mejor actor en San Sebastián con <em>La isla mínima,</em> encabezaba el equipo del <em>thriller</em> de Alberto Rodríguez. No se sentía favorito: “Eso se lo paso a otros. Y aún no me he preocupado en si se dividen los votos entre Raúl y yo. Nunca entendí la película sin él”.</p> <p>En el galardón a Mejor película europea, la favorita, la polaca <em>Ida,</em> de Pawel Pawlikowsky, competirá contra <em>La sal de la Tierra,</em> de Win Wenders y Juliano Ribeiro Salgado; <em>Dios mío, ¿pero qué hemos hecho?,</em> de Philippe de Chauveron, y <em>El abuelo que saltó por la ventana</em> y se largó, de Felix Herngren.</p>  <p>En documental, <em>Paco de Lucía: la búsqueda,</em> de Curro Sánchez Varela –que además compite en dirección novel y montaje- se enfrenta a <em>Edificio España,</em> <em>2014. Nacido en Gaza</em> y <em>El último adiós de Bette Davis.</em> En película iberoamericana, contra <em>Relatos salvajes</em> están <em>La distancia más larga,</em> <em>Kaplan</em> y <em>Conducta.</em></p> <p><em>Autómata,</em> la apuesta de Antonio Banderas por la ciencia ficción, ha logrado cuatro candidaturas. No para su protagonista, que en cambio sí recibirá el Goya de Honor.</p>   <p>La saga Torrente ha logrado colarse con su quinta entrega en la categoría de mejores efectos especiales, mientras que bastante más habitual es la presencia de Antonio de la Torre, con <em>La isla mínima:</em> el malagueño ha estado constantemente seleccionado en los últimos años.</p> <p>A mejor dirección compiten Monzón, Rodríguez, Vermut y Szifron. En dirección novel están Curro Sánchez Varela; Esteban Roel y Juanfer Andrés, por <em>Musarañas,</em> Marques-Marcet (<em>10.000 kilómetros</em>) y Beatriz Sanchis (<em>Todos están muertos</em>).</p> <p>En actor protagonista, contra Arévalo y Gutiérrez competirán Ricardo Darín (<em>Relatos salvajes</em>) y Luis Bermejo (<em>Magical girl</em>). A mejor actriz, junto a Lennie, están María León (<em>Marsella</em>), Macarena Gómez (<em>Musarañas</em>) y Elena Anaya (<em>Todos están muertos</em>), que en la Academia confesó que nada más oír su candidatura se tomó un tequila.</p>   <p>En los secundarios masculinos, están Eduard Fernández (<em>El niño</em>), Antonio de la Torre (<em>La isla mínima</em>), José Sacristán (<em>Magical girl</em>) y Karra Elejalde (<em>Ocho apellidos vascos</em>). En las actrices de reparto, contra Lennie están Goya Toledo (<em>Marsella</em>), Carmen Machi (<em>Ocho apellidos vascos</em>) y Mercedes León (<em>La isla mínima)</em>.</p> <p>En actriz revelación, se enfrentan Natalia Tena (<em>10.000 kilómetros</em>), Yolanda Ramos (<em>Carmina y Amén</em>), Ingrid García-Jonsson (<em>Hermosa juventud,</em> en la única candidatura de la película de Jaime Rosales) y Nerea Barros (<em>La isla mínima</em>). Y en actor revelación, Dani Rovira, presentador de la gala y protagonista de <em>Ocho apellidos vascos,</em> compite contra Jesús Castro (El niño), Israel Elejalde (<em>Magical girl)</em> y David Verdaguer (<em>10.000 kilómetros</em>).</p> <p>Se han presentado a la convocatoria 109 películas entre largos de ficción, de animación y documentales. El récord de candidaturas aún lo mantiene <em>Días contados,</em> de Imanol Uribe, con 19.</p> 
</main_text>
</body>

</text>



