<?xml version="1.0" encoding="UTF-8"?>


<text>


<header><url>http://cultura.elpais.com/cultura/2015/11/06/actualidad/1446803706_034389.html</url><media>El_País</media><section>cultura</section><date>2015/11/06</date><authors>El País</authors></header>


<body>
<title>
Coldplay estrena un fragmento de una nueva canción en Facebook
</title>
<subtitle>
El último sencillo de la banda se puede escuchar en su web hasta que el 4 de diciembre salga su séptimo disco
</subtitle>
<main_text>
 <p>Un año después de su último trabajo, la banda británica Coldplay ha interrumpido su silencio para estrenar una nueva canción. Lo ha hecho a través de su perfil en la red social Facebook, pero si se quiere escuchar el tema completo hay que acudir a su web. El tema se llama <em>Adventure of a Lifetime</em> (<em>La aventura de una vida</em>). En la publicación inicial realizada en la red social no llevaba título. Iba acompañado de las etiquetas AOAL y AHFOD, que equivalen al título de la canción y del que será el nuevo álbum del grupo, <em>A Head Full Of Dreams</em> <em>(Una cabeza llena de sueños</em>).</p> <p>La publicación en Facebook se completaba con un enigmático 4 de diciembre, que es la fecha en la que saldrá a la luz el séptimo álbum del grupo, según han confirmado en su propia web. El disco sucederá a <em>Ghost Stories</em> (2014), último trabajo de los británicos hasta el momento.</p>      <p>#AOAL #AHFOD</p> Posted by Coldplay on Miércoles, 4 de noviembre de 2015    <p>En diciembre de 2014, el líder de la banda, Chris Martin, sugirió que este disco podría ser el último del grupo. Es nuestro séptimo disco y lo vemos como si fuese el último libro de Harry Potter, dijo. No ha vuelto a mencionar el tema, pero mientras preparaba el nuevo disco sí ha afirmado que estamos haciendo una música que suena diferente si la comparamos con las canciones del álbum anterior. Es un momento divertido para Coldplay.</p> <p>El grupo británico hizo su debut en 2000 con <em>Parachutes</em> y, desde entonces, se ha consolidado como una de las bandas de pop más influyentes y con más seguidores en el mundo. Solo en Facebook son casi 38 millones las personas que siguen a la banda.</p>   
</main_text>
</body>

</text>



