<?xml version="1.0" encoding="UTF-8"?>


<text>


<header><url>http://cultura.elpais.com/cultura/2015/08/07/actualidad/1438954464_672536.html</url><media>El_País</media><section>cultura</secion><date>2015/08/07</date><authors>Juan Cruz</authors></header>


<body>
<title>
“Me he conocido a través de los dolores”
</title>
<subtitle>
La experiencia de la miseria dejó en él una tristeza que no le ha impedido hacer música
</subtitle>
<main_text>
 <p>Hijo de palestino que vino a estudiar Medicina, Marwan nació en Aluche de madre española. La experiencia de la miseria dejó en él una tristeza que no le ha impedido ni la risa ni la música</p> <p><strong>Pregunta.</strong> ¿De dónde viene usted?</p> <p><strong>Respuesta.</strong> De Aluche. Mi madre es de Soria y mi padre palestino, nació en Jordania.</p> <p><strong>P.</strong> ¿Qué es esa combinación?</p> <p><strong>R.</strong> No sé, es la mía. Ha dado de sí lo que somos mi hermano y yo, dos buenas personas. Tener un padre palestino nos ha aportado cierta sensibilidad ante las cosas. Mi padre ha tenido una infancia durísima, nació en la más absoluta miseria en una tienda de campaña de un campamento de refugiados porque a mi abuelo le quitaron todo. Quizá por eso él siempre ha tenido una gran pasión por los débiles. Yo también la tengo. Mi madre también viene de una familia española muy humilde.</p> <p><strong>P.</strong> ¿Qué le contó su padre de esa infancia?</p>   <p><strong>R.</strong> Está en una canción que está en el disco El Trapecista. Nació en una tienda de campaña en un campamento de refugiados, en 1950. En 1948 se había creado el Estado de Israel y él nace en la más absoluta miseria; su primera casa fue esa tienda y después una habitación en la que dormían 12 ó 14 personas, mis abuelos, mis tíos y alguna mujer de mis tíos, algún hijo incluso. Una infancia llena de miseria. Recibía ayuda de la UNRWA (United Nations Relief and Works Agency), para los refugiados palestinos. Les daban unos kilos de ayuda humanitaria que casi nunca les llegaba para pasar todo el mes. Con 16 años tuvo que luchar en la Guerra de los Seis Días, reclutaron a todos los jóvenes palestinos y estuvieron a punto de matarlo. Una vida llena de desgracia.</p> <p><strong>P.</strong> ¿Cómo le ha afectado el conocimiento de esa vida?</p> <p><strong>R.</strong> Siento mucha tristeza, creo que he heredado la tristeza de mi padre a niveles muy profundos.</p> <p><strong>P.</strong> Usted no parece triste.</p> <p><strong>R.</strong> He hecho mucha psicoterapia pero soy una persona muy triste; de niño era muy sensible.</p> <p><strong>P.</strong> ¿Cómo recibían los demás su extrema sensibilidad?</p> <p><strong>R.</strong> Era extrema en todos los sentidos; a veces era híper sensible, todo me hacía daño. Me regañaban porque me enfadaba continuamente. Tenía mucha rabia dentro.</p> <p><strong>P.</strong> ¿Cómo lo canalizó para convertirlo en alegría?</p> <p><strong>R.</strong> Es complejo. Siempre que me reprochaban algo sentía que no me querían y buscaba que me quisieran por todos los medios. Uno de los medios fue hacer reír a la gente. La respuesta de la gente también me traía alegría a mí.</p> <p><strong>P.</strong> ¿Qué le hace reír?</p> <p><strong>R.</strong> Desde chistes zafios hasta el humor más fino. Las cosas buenas me hacen reír o emocionarme.</p> <p><strong>P.</strong> Su poesía es sutil. Extraña este verso en un poema sobre María, su compañera: ¡No me gustan los políticos! Parece un tópico.</p> <p><strong>R.</strong> Sí, lo es. Los dos coincidimos en que las altas instancias están muy alejadas de la sensibilidad o la ética. Creo que la ética no ha llegado al poder. Han llegado más ambiciones que sensibilidades.</p> <p><strong>P.</strong> ¿Cómo nació su poesía?</p> <p><strong>R.</strong> Nace cantando. Era cantautor y en el 97, cuando Ismael Serrano saca su primer disco, empiezo a componer. Escuchaba mucho heavy, hip-hop y soul con mis amigos, a los 16 años escucho a Silvio y a Serrat, a los 18 conozco a Ismael Serrano, me vuelvo loco con la canción de autor y empiezo a componer. Al mismo tiempo presto más atención a Benedetti, Miguel Hernández o Neruda. Ahí nacen mis primeras canciones y mis primeros poemas. Hasta 2010 creo que no salió nada decente.</p> <p><strong>P.</strong> ¿Qué es decente en poesía?</p> <p><strong>R.</strong> Que a mí me emocione. Comparaba mis poemas con los poemas que me gustaban y los míos eran una ful de Estambul [la expresión se refiere a algo que no sólo es de ínfima calidad, sino que, de lo malo, es precisamente lo peor], muy malos, no me gustaban. Me parecían súper pretenciosos, intentaba rizar el rizo con figuras estilísticas complejas, la gente no llegaba a entenderlos del todo.</p> <p><strong>P.</strong> Y ha buscado la sencillez.</p> <p><strong>R.</strong> Sí.</p> <p><strong>P.</strong> ¿Qué ha encontrado en la vida que le haga explicar el origen de su padre, de su madre, los orígenes en general?</p> <p><strong>R.</strong> La psicoterapia ha sido lo mejor, el autoconocimiento, bucear dentro de uno mismo. Sobre todo me he conocido a mí mismo a través de los dolores, he ido viendo de dónde venía cada cosa. También he hecho terapia regresiva. Mis psicólogos iban viendo y analizando cosas del pasado y así también he logrado conocer mucho más a mis padres. A través de ellos he ido reconociendo muchos elementos que yo también encerraba.</p> <p><strong>P.</strong> ¿Cuáles?</p> <p><strong>R.</strong> Ciertas inseguridades. Siento que cargo con muchos de los fantasmas de mis padres, el miedo a que no nos quieran forma parte de la familia, cierta rabia y cierto genio que tenemos todos.</p> <p><strong>P.</strong> Cuando lo ve lo que pasa en Gaza, ¿qué siente?</p> <p><strong>R.</strong> Me siento muy herido como ser humano, impotente por no poder hacer más aunque organizo y participo en eventos benéficos por Palestina. Tengo algún proyecto con UNRWA pero me encantaría poder ayudar más. Siento impotencia y sobre todo la increíble injusticia de que la comunidad internacional siga permitiéndolo una y otra vez. que iba a los territorios ocupados a grabar un documental y a cantar y me tuvieron muchas horas. La segunda les mentí.</p> 
</main_text>
</body>

</text>



