<?xml version="1.0" encoding="UTF-8"?>


<text>


<header><url>http://cultura.elpais.com/cultura/2015/06/08/actualidad/1433737439_110508.html</url><media>El_País</media><section>cultura</section><date>2015/06/08</date><authors>Antonio Lorca</authors></header>


<body>
<title>
Sebastián Castella, triunfador y autor de la mejor faena de San Isidro
</title>
<subtitle>
Alberto López Simón, que también salió a hombros, declarado torero revelación de la feria
</subtitle>
<main_text>
 <p>El diestro Sebastián Castella ha sido declarado triunfador de la recién finalizada feria de San Isidro 2015 y autor de la mejor faena por el jurado de los premios Taurodelta, compuesto por críticos taurinos, representantes de la empresa que dirige la plaza de Las Ventas y de la Comunidad de Madrid.</p> <p>Otros premiados han sido los matadores de toros Alberto López Simón y Joselito Adame, el novillero Posada de Maravillas, el rejoneador Diego Ventura, el picador Pedro Iturralde, los banderilleros Curro Javier y Juan José Trujillo, la ganadería de Juan Pedro Domecq y el toro Jabatillo, de la de Alcurrucén.</p> <p>Esta es la relación completa de los premiados en sus respectivas categorías:</p> <p>Triunfador de la feria: Sebastián Castella. Salió a hombros por la puerta grande el 27 de mayo tras cortar dos orejas al toro Jabatillo de la ganadería de Alcurrucén.</p> <p>Mejor faena: Sebastián Castella.</p> <p>Mejor novillero: Posada de Maravillas. Cortó una oreja el 18 de mayo a un novillo del Conde de Mayalde.</p> <p>Mejor rejoneador: Diego Ventura. Salió a hombros por duodécima vez el día 16 tras cortar dos orejas.</p> <p>Torero revelación: Alberto López Simón. Sorprendió por su valerosa y torera actitud el 24 de mayo y salió a hombros.</p> <p>Mejor estocada: Joselito Adame. Cortó una oreja a un toro de El Montecillo el 17 de mayo.</p> <p>Mejor picador: Pedro Iturralde, de la cuadrilla de Paco Ureña.</p> <p>Mejor brega de subalterno: Curro Javier, de la cuadrilla de José María Manzanares.</p> <p>Mejor par de banderillas: Juan José Trujillo, de la cuadrilla de Alejandro Talavante.</p> <p>Mejor ganadería: Juan Pedro Domecq, lidiada el 29 de mayo por Finito de Córdoba, Alejandro Talavante y Daniel Luque.</p> <p>Mejor toro: Jabatillo, número 145, de Alcurrucén, al que Sebastián Castella le cortó las dos orejas el día 27 de mayo.</p> 
</main_text>
</body>

</text>



