<?xml version="1.0" encoding="UTF-8"?>


<text>


<header><url>http://cultura.elpais.com/cultura/2015/08/07/actualidad/1438966058_290268.html</url><media>El_País</media><section>cultura</secion><date>2015/08/07</date><authors>Fernando Navarro</authors></header>


<body>
<title>
La impunidad es la mayor tragedia de Veracruz y de todo México
</title>
<subtitle>
El país sigue precipitándose en un escenario de violencia y descomposición de su frágil democracia
</subtitle>
<main_text>
 <p>El segundo título del álbum es tan obvio como definitivo: <em>Otis Redding sings soul</em> (Otis Redding canta <em>soul</em>). Era como decir Picasso pinta cuadros de cubismo. John Ford filma <em>westerns</em>. Pablo Neruda escribe poemas. El orgasmo es maravilloso. En mitad de una revolución cultural sin precedentes en el mundo anglosajón, con la vibrante comunión sonora del rock y el pop entre Estados Unidos y Reino Unido, Otis Redding cantaba <em>soul</em> en 1965. Pero el mensaje era otro: aquel negro de un pueblo de Georgia contratacaba.</p> <p>Estados Unidos era un país que aceptaba la segregación racial. Más allá de la lucha por los derechos civiles liderada por Martin Luther King y los disturbios que acontecieron en aquel año, como el <em>Domingo Sangriento</em> en Selma, el racismo también se imponía en la música con la existencia de listas de éxitos que distinguían entre la creada por blancos y la creada por negros. Los conocidos como <em>Race Records charts</em> (las listas de ventas de discos de raza –negra-) transmutaron en <em>Rhythm  Blues Records Charts</em>, pero no dejaba de ser un eufemismo para aplicar la distinción racial.</p>    <p>Otis Redding cantaba para dar identidad al <em>soul,</em> a la población negra. También, y sobre todo, porque cantar era lo que mejor sabía hacer. En marzo de 1965 había publicado el magnífico <em>The Great Otis Redding Sings Soul Ballads,</em> pero en aquel septiembre sacó <em>Otis Blue</em> / <em>Otis Redding sings soul.</em> Con su confluencia de vitalidad, garra y ternura, <em>Otis Blue</em> era la piedra filosofal del <em>soul</em>, un disco que, por sus huellas sonoras y su pasión desbordada, definía un género que ya era una realidad en Norteamérica.</p> <p>Si bien es cierto que el <em>soul</em> contó con obras pioneras y trascendentales de Ray Charles o Solomon Burke previas a este trabajo, Redding, máximo exponente de Stax Records, el sello del blanco Jim Stewart, llevó al género un paso más allá, al límite, a un estado tan primario y carnal que parecía naturaleza virgen, recién descubierta. Buena parte de culpa residía en los músicos de los que se hacía acompañar, gracias al laboratorio del profundo Memphis que era Stax. Bajo la batuta del cantante, estaba la plana mayor de Stax: todo un Isaac Hayes al piano antes de lanzarse en solitario, Booker T Jones a los teclados, Steve Cropper a la guitarra, Donald <em>Duck</em> Dunn al bajo, Al Jackson Jr. a la batería y la sección de viento de The Memphis Horns. Casi se pueden oír los vientos pronunciando cada palabra del álbum. Se usan como instrumentación rítmica, refuerzo emocional de los lamentos o alaridos viscerales de Redding, pero también como punto y seguido, salto de registro en mitad del éxtasis.</p>   <p>Esa sección rítmica de Redding rasgaba las vestiduras<em>.</em> Agarraba al oyente, lo subía y lo bajaba, lo arrastraba o lo impulsaba, con una fuerza inaudita, pero nada comparado como la voz de Otis, un vocalista con escasa técnica pero un auténtico portento emocional, puro nervio, fuego en las entrañas. Su carácter sísmico e incontrolable al micrófono atravesaba en cada verso. Parecía jugarse la vida en cada palabra. Mientras grandes voces del género como Sam Cooke o Solomon Burke, ambos versionados en <em>Otis Blue</em>, modulaban, desplegaban recursos de altura y elegancia, Redding, admirador devoto de Little Richard, era otra cosa. Era un cantante arrasador, cuando entraba en la canción lo hacía como una manada de caballos salvajes en estampida. <em>Shake,</em> de Sam Cooke, es el mejor ejemplo. Pero también podrían serlo, a su modo, <em>A Change gonna come</em> o <em>Wonderful World</em>, que también aparecen versionadas en el disco. Lo que hacía Redding era coger la maravillosa galantería de Cooke y desnudarla sin contemplaciones en pleno revolcón emocional. Era todo sudor y arrebato, incluso cuando se trataba de las baladas.</p> <p><em>Otis Blue</em> se grabó en 24 horas. Además de Sam Cooke y Solomon Burke (<em>Down in the valley</em>), Redding versionó a B. B. King (<em>Rock me Baby</em>), Smokey Robinson (<em>My Girl</em>) y William Bell (<em>You Don't Miss Your Water</em>). Cogió las tradiciones del blues y el góspel y el incipiente <em>soul</em> y las insufló una nueva energía, pasadas por el filtro de su garganta las llevó a otro estado sentimental. Las canciones sonaban como sonarían en un club nocturno, con esa intensidad íntima en el canturreo ardiente de Otis. El dolor y la euforia alcanzaban un punto de entrega absoluto, tan honesto y humano, que marcaba un hito para el <em>soul</em>. A partir de este disco, Aretha Franklin seguiría sus pasos y se empezó a hablar del <em>soul</em> de Memphis, caracterizado por sus arreglos con vientos y su fuerte <em>beat</em>, ilustrado por cantantes poderosos.</p> <p>Con <em>Otis Blue,</em> Redding contratacaba. En el álbum se incluía <em>Satisfaction</em>, la canción de los Rolling Stones que en 1965 era todo un acontecimiento. El músico la escuchó por primera vez durante un descanso de las sesiones de grabación después de que Steve Crooper comprase el disco en una tienda cercana a Stax. En el receso, el guitarrista aprovechó a tocarla y escribir su letra en un papel. Redding, que aspiraba a ser una estrella de pop como aquellos Dylan, Lennon o Jagger, era la primera vez que la oía. Decidió grabarla. A su estilo, en sus términos, en clave <em>soul</em>, con su acento sureño diciendo “Satis<em>fashion</em>”. Su canto daba personalidad a un estilo musical hoy universal. Era la voz orgullosa y reivindicativa de los afroamericanos en la Norteamérica de 1965. Otis Redding cantaba <em>soul</em>. Era obvio, pero también definitivo. Si el mundo estaba cambiando, allí estaba Otis Redding, y lo que representaba, destripándose con su <em>soul</em>. Eran parte del cambio como los que más .</p> <p></iframe></p> 
</main_text>
</body>

</text>
<title>
‘Otis Blue’: La pasión desbordada
</title>



