<?xml version="1.0" encoding="UTF-8"?>


<text>


<header><url>http://cultura.elpais.com/cultura/2015/05/07/actualidad/1430986128_023183.html</url><media>El_País</media><section>cultura</section><date>2015/05/07</date><authors>El País</authors></header>


<body>
<title>
Anna Caballé gana el premio Manuel Alvar de estudios humanísticos
</title>
<subtitle>
La autora analiza la tradición diarística española, que incluye un diccionario de escritores Una biografía sobre Francisco Ayala es galardonada con el premio Domínguez Ortiz
</subtitle>
<main_text>
 <p>Anna Caballé, profesora titular de Literatura española en la Universidad de Barcelona y responsable de su unidad de estudios biográficos, ha ganado el premio Manuel Alvar de estudios humanísticos 2015 con un ensayo sobre la tradición diarística española titulado <em>Pasé la mañana escribiendo. Poéticas del diarismo español</em>. El jurado considera que se trata de un exhaustivo balance de la tradición diarística española, que llega hasta los cultivadores del género, fruto de años de estudio que cristalizan tanto en la introducción, breve pero esclarecedora, como en el diccionario de autores y conceptos.</p> <p>Por su parte, un estudio de Antonio Astorga sobre el escritor Francisco Ayala ha ganado el premio Domínguez Ortiz a la mejor biografía.De esta obra, el jurado valoró la calidad del retrato humano, construido a partir de los propios testimonios del escritor y los sucesivos balances que dejó en la última etapa de su vida.</p> <p>Ambos galardones, dotados con 6.000 euros, han sido concedidos por la Fundación Cajasol. Serán entregados mañana viernes. La obra de Caballé se publicará a finales de mayo, mientras que la de Astorga lo hará un mes después.</p> <p>El jurado de ambas distinciones estuvo formado por María Teresa Gabriel, Nativel Preciado, Marta Puerta, Jacobo Cortines, Ignacio Fernández Garmendia, Alberto González Troyano y Joaquín Pérez-Azaústre.</p> 
</main_text>
</body>

</text>



