<?xml version="1.0" encoding="UTF-8"?>


<text>


<header><url>http://cultura.elpais.com/cultura/2015/04/07/television/1428418054_964418.html</url><media>El_País</media><section>cultura</section><date>2015/04/07</date><authors>N. M.</authors></header>


<body>
<title>
‘Barrio Sésamo’ parodia ‘Juego de tronos’ con ‘Game of Chairs’
</title>
<subtitle>
La serie de HBO se une a la lista de parodias protagonizadas por los personajes infantiles
</subtitle>
<main_text>
 <p>En <em>Barrio Sésamo</em> son muy aficionados a parodiar las series más populares del momento. Y pocas que levanten tantas pasiones como <em>Juego de tronos</em>, cuya quinta temporada arrancará en solo unos días (en Canal + Series se podrá ver a la vez que en EE UU a las 3.00 de la madrugada del domingo al lunes). Pero en este caso, el rey de los Siete Reinos se decide de forma mucho más sencilla y eficaz que en la serie: con el juego de las sillas.</p> <p>Desde una versión propia de la cabecera hasta muñecos que parodian los personajes protagonistas de la serie y referencias al transcurso de la historia. En esta parodia, Daenerys, Rob Stark, Cersei y Joffrey participan en el juego de las sillas musicales y van cayendo poco a poco hasta que se decide quién será el rey.</p>  <p>Con el estreno de la tercera temporada de <em>House of Cards</em>, <em>Barrio Sésamo</em> también apostó por una parodia del mundo de la serie pero utilizando el cuento de <em>Los tres cerditos</em> como hilo conductor. En esta ciudad debes saber hacia dónde sopla el viento y ahora mismo va a haber un vendaval.</p>  <p>Una de las primeras series de la nueva edad dorada de la televisión que fue objeto de parodia por parte de los personajes de <em>Barrio Sésamo</em> fue <em>Mad Men</em>, la serie que ahora está emitiendo sus capítulos finales. Un peculiar Don Draper buscaba ideas para anunciar miel.</p>  <p>El mundo de la mafia de Atlantic City que reflejaba <em>Boardwalk Empire</em> también pasó por el filtro de los teleñecos con <em>Birdwalk Empire</em>. Una peculiar batalla entre Nucky Ducky Thompson y Mallard Capone y Clucky Luciano.</p>  <p>Una de las parodias más celebradas en su momento fue la que hicieron de <em>Homeland</em>, rebautizada en este caso como <em>Homelamb. </em>En ella, la oveja Carrie intenta convencer a sus compañeros de que el Nicholas Barody es un lobo disfrazado con piel de cordero.</p>  <p>También tuvo mucho éxito la versión de la serie británica (con mucho tirón en Estados Unidos) <em>Downton Abbey</em>, <em>Upside Downton Abbey</em>. Unos personajes a los que no les gusta nada los cambios tienen que lidiar con el mundo del revés, literalmente.</p>  
</main_text>
</body>

</text>



