<?xml version="1.0" encoding="UTF-8"?>


<text>


<header><url>http://cultura.elpais.com/cultura/2015/03/06/television/1425649105_914196.html</url><media>El_País</media><section>cultura</section><date>2015/03/06</date><authors>El País</authors></header>


<body>
<title>
TVE apuesta por las entrevistas con Bertín Osborne como presentador
</title>
<subtitle>
El cantante jerezano vuelve a la cadena pública con 'En tu casa o en la mía'
</subtitle>
<main_text>
 <p>Bertín Osborne es el nuevo fichaje de TVE. El cantante, presentador y actor jerezano estará a cargo de <em>En tu casa o en la mía</em>, un programa de conversación que emitirá La 1 y en el que entrevistará a personajes famosos, ya sea en el domicilio de estos o en misma casa de Osborne, tal y como su nombre lo indica. Para el espacio, el presentador pondrá a disposición de la cadena su finca de Sevilla y otras propiedades que posee en diferentes lugares del mundo.</p> <p>Con este fichaje, Osborne, que en los últimos años ha presentado programas en Intereconomía y en distintas cadenas autonómicas, vuelve a la cadena pública, donde hasta 2006 presentaba el programa <em>Ankawa</em>, dedicado a los animales, y donde antes estuvo encargado de <em>Contacto con tacto</em>. Durante 2012, presentó en La 2 <em>Un mundo diferente</em>, un espacio dedicado a las causas sociales. </p> <p>TVE pretende sumarse a la avalancha de programas de entrevistas que en el último tiempo están dando buenos resultados de audiencia en las distintas cadenas. El formato de <em>En tu casa o en la mía</em>, que estará producido por Proamagna -que estuvo a cargo de los desaparecidos <em>Entre todos</em> y <em>T con T</em>- y que previsiblemente se estrenará durante las próximas semanas en horario nocturno, es muy parecido al de espacios como <em>El Objetivo</em> y <em>Salvados</em>, en LaSexta o <em>Viajando con Chester</em>, en Cuatro.</p> 
</main_text>
</body>

</text>



