<?xml version="1.0" encoding="UTF-8"?>


<text>


<header><url>http://cultura.elpais.com/cultura/2015/09/07/actualidad/1441638819_154104.html</url><media>El_País</media><section>cultura</section><date>2015/09/07</date><authors>Gregorio Belinchón</authors></header>


<body>
<title>
Uno de cada dos, a ver cine español
</title>
<subtitle>
Este fin de semana, el 50% de la taquilla lo han logrado películas españolas como 'Atrapa la bandera', 'Anacleto' y 'Un día perfecto'
</subtitle>
<main_text>
 <p>Es cierto que el otoño es la estación del cine español, con el desembarco de los títulos que participan en San Sebastián y Toronto. También es cierto que a Telecinco Cinema le gusta lanzar una de sus grandes apuestas de la temporada el último fin de semana de agosto, como así hicieron el 28 de agosto con <em>Atrapa la bandera.</em> Pero la cuota de mercado andaba algo mustia con un 10,3% en el primer semestre de este año y que un fin de semana, este pasado, se eleve hasta el 50% alegra a la industria cinematográfica. En concreto el <em>top20</em> del pasado fin de semana recaudó -según datos aportados por la auditora Rentrak, que son provisionales ya que faltan aún algunos cines por proporcionar sus cifras- 5,222.870 euros (probablemente llegue a los 5,4 millones). Y en esos 20 filmes más taquilleros hay cuatro españoles, cuyas ganancias sumadas logran ese 50%: <em>Atrapa la bandera</em> (1ª), <em>Anacleto: agente secreto</em> (2ª), <em>Un día perfecto</em> (4ª) y <em>Extinction</em> (13ª). A ese 50% no se llegaba desde los momentos de gloria de <em>Ocho apellidos vascos.</em></p>    <p>La taquilla sigue liderada por <em>Atrapa la bandera,</em> de Enrique Gato, que ha ganado estos pasados tres días 1.381.000 euros -según su productora supera los 1,4 millones- y ya acumula 4,5 millones de euros en diez días. Y puede seguir ganando dinero, incluso llegar a los diez millones (su presupuesto fue de 12,5 millones) porque además no hay un título de animación familiar en el futuro cercano en la cartelera. Detrás entra <em>Anacleto: agente secreto,</em> de Javier Ruiz Caldera, con 844.000 euros, y una media de 2.300 euros por pantalla, el mejor promedio del <em>top20.</em></p> <p>En cuarto lugar se mantiene en su segunda semana <em>Un día perfecto,</em> de Fernando León de Aranoa, con 395.000 euros (acumulados, ya un millón), Y 13ª, en su cuarta semana en cartel, <em>Extinction,</em> de Miguel Ángel Vivas, con 112.000 euros (1,9 millones de acumulado).</p>  <p>En cualquier caso, habrá que ver si <em>Atrapa la bandera</em> (cuyo arranque de 1,5 millones está lejos de la precedente de Gato, <em>Las aventuras de Tadeo Jones,</em> que empezó con 2,8 millones de euros en su primer fin de semana y superó los 18 millones al final de su recorrido) supera al final del año a <em>Perdiendo el norte,</em> que lleva 10,3 millones de euros, en el primer puesto de la taquilla del cine español, un puesto para el que también habrá que contar con <em>Ma ma,</em> de Julio Medem, <em>Regresión</em>, de Alejandro Amenábar, <em>Mi gran noche,</em> de Alex de la Iglesia, <em>Palmeras en la nieve,</em> de Fernando González Molina, y <em>Ocho apellidos catalanes,</em> de Emilio Martínez Lázaro.</p>    <p>En cuanto a la película más taquillera en España en 2015, por ahora la cosa está entre <em>Jurassic World,</em> que está en casi 22 millones de euros, <em>Los minions,</em> que sigue en el <em>top20</em> y acumula 23,5 millones de euros, y <em>Del revés,</em> tercera actualmente entre las más taquilleras, y que lleva ya 20 millones de euros. ¿Podrá con ellas <em>El despertar de la fuerza?</em></p> 
</main_text>
</body>

</text>



