<?xml version="1.0" encoding="UTF-8"?>


<text>


<header><url>http://cultura.elpais.com/cultura/2015/03/06/actualidad/1425630509_306264.html</url><media>El_País</media><section>cultura</section><date>2015/03/06</date><authors>Pilar Bonet</authors></header>


<body>
<title>
El archivo de la Internacional Comunista, accesible en versión digital
</title>
<subtitle>
En la web hay documentos de las Brigadas Internacionales que lucharon en la Guerra Civil
</subtitle>
<main_text>
 <p>El archivo de la Komintern (la Internacional Comunista u organización de partidos y movimientos de esa ideología, fundada en 1919 y disuelta 1943) fue abierto al público en versión electrónica ayer jueves 5 de marzo en el Archivo Estatal de Historia Social y Política de Rusia (AEHSPR) de Moscú.</p> <p>Los materiales escaneados y divulgados en la web equivalen a cerca del 10% del conjunto de documentos de la entidad que vertebró a decenas de partidos y organizaciones comunistas de todo el mundo en torno a los comunistas soviéticos en la Tercera Internacional. El material digitalizado supone cerca de 89 colecciones (de un total de 500) y más de 1,5 millones de documentos, según los organizadores.</p> <p>La versión digital del archivo de la Komintern culmina cerca de una década de trabajo realizado bajo los auspicios del Consejo de Europa y el Consejo Internacional de Archivos. En el proyecto participaban también otros archivos internacionales, entre ellos de España, Italia, Francia, Suiza, Alemania y la Biblioteca del Congreso de EE UU. La digitalización de nuevos materiales depende de la obtención de recursos financieros para ello, afirmó Svetlana Rosenthal, vicejefa de departamento de trabajo científico en el AEHSPR y responsable de temas de movimiento obrero. El equivalente a 10 colecciones de documentos de la Komintern tienen todavía carácter secreto, aunque se trabaja en su desclasificación, afirmó la investigadora.</p> <p>Con motivo del lanzamiento del archivo digital se celebró en el AEHSPR una exposición en la que figuran correspondencia de los dirigentes políticos, incluido Stalin, carteles, fotografías (también de la guerra de España y las Brigadas Internacionales), todo ello en versión original.</p> <p>“Uno de los archivos más cerrados del mundo está ahora en la web”, dijo David Leitch, el director del Consejo Internacional de Archivos, asistente a una mesa redonda sobre el acceso a los archivos en el que participo Andréi Sorokin, el director del AEHSPR, el director del Archivo Estatal de Rusia, Andrei Artízov, y directores de archivos de otros países, incluido el director del Centro Documental de la Memoria Histórica de Salamanca, Manuel Melgar.</p> <p>Leitch consideró que la digitalización de los archivos del Komintern es una muestra de lo que puede conseguir la cooperación internacional y un éxito habido cuenta el enorme volumen y diversidad lingüística de los materiales. La digitalización realizada hasta ahora ha costado un millón de dólares y el acceso a los fondos es libre y gratuito. Antes, los investigadores podían consultarlos en la sala de lectura del AEHSPR.</p> <p>El AEHSPR, que dirige el historiador Sorokin, ha divulgado también en la web los documentos personales de Stalin así como la documentación del Politburó del Partido Comunista de la URSS (órgano de dirección colectiva del partido dirigente del Estado). Asimismo, están accesibles los documentos de las Brigadas Internacionales que lucharon en la Guerra Civil.</p> 
</main_text>
</body>

</text>



