<?xml version="1.0" encoding="UTF-8"?>


<text>


<header><url>http://cultura.elpais.com/cultura/2015/05/07/television/1430994921_468107.html</url><media>El_País</media><section>cultura</section><date>2015/05/07</date><authors>Natalia Marcos</authors></header>


<body>
<title>
Fox cancela ‘The Mindy Project’, pero Hulu podría rescatarla
</title>
<subtitle>
La productora de la serie negocia con el portal web su repesca para dos temporadas más
</subtitle>
<main_text>
 <p>La paciencia de la cadena estadounidense Fox con la serie <em>The Mindy Project</em> se ha acabado. La comedia creada y protagonizada por Mindy Kaling, que terminó su tercera temporada hace unas semanas (en España se puede ver ahora en Cosmo), no destacaba precisamente por sus datos de audiencia, que en sus últimas emisiones habían llegado a su mínimo. Pero la cancelación de <em>The Mindy Project</em> en Fox no tiene por qué suponer el final de la serie.</p>   <p>Según apuntan medios especializados estadounidenses, la productora de la serie, Universal TV, está negociando con el portal de vídeo bajo demanda Hulu la repesca de <em>The Mindy Project</em> y la producción de dos temporadas más. La posibilidad de que la serie se pasara a Internet era algo que se venía comentando desde hace meses. Además, en Hulu ya se podían ver bajo demanda las temporadas anteriores de la comedia, por lo que parece el hogar natural para una segunda vida de la serie.</p> <p>De confirmarse el acuerdo, sería otro paso de Hulu en su apuesta por la producción de series. El portal ya tiene previsto el estreno de <em>11/22/63</em>, creada por J.J. Abrams, <em>Difficult People</em>, que tiene entre sus creadores a Amy Poehler, o su último anuncio, el encargo de una temporada del drama <em>Myst</em>, basado en el videojuego de mismo nombre. Además, parece que podría no ser la única serie de la cadena Fox que repesque. <em>The Following</em> y <em>Stalker</em>, que parecen candidatas a la cancelación por parte del canal de televisión, también están buscando tener opciones de una segunda vida en la web.</p> 
</main_text>
</body>

</text>



