<?xml version="1.0" encoding="UTF-8"?>


<text>


<header><url>http://cultura.elpais.com/cultura/2015/05/07/actualidad/1431023868_191729.html</url><media>El_País</media><section>cultura</section><date>2015/05/07</date><authors>Víctor Núñez Jaime</authors></header>


<body>
<title>
Clara Janés, nueva académica de la lengua
</title>
<subtitle>
Clara Janés ha sido elegida para ocupar el sillón que dejó vacante Eduardo García de Enterría, fallecido en septiembre de 2013
</subtitle>
<main_text>
 <p>El pleno de la Real Academia Española (RAE), al que asistieron 24 académicos, eligió ayer a Clara Janés para ocupar el sillón U. La poetisa y traductora, avalada inicialmente por Luis María Anson, Margarita Salas y Soledad Puértolas, se impuso a Fernando Galván, rector de la Universidad de Alcalá de Henares. El sillón U había estado previamente ocupado por Eduardo García de Enterría, fallecido en septiembre de 2013.</p> <p> Clara Janés (Barcelona, 1940) ha escrito poesía, novela, biografía y ensayo. Es, además, traductora de varias lenguas, sobre todo de la checa y de la obra poética de Vladimir Holan y Jaroslav Seifert. Ha traducido también al español a Marguerite Duras, Nathalie Sarraute, Katherine Mansfield y William Golding. Entre los galardones que ha recibido destacan el Premio Nacional de Traducción en 1997 por el conjunto de su obra, el Premio Ciudad de Barcelona de Ensayo en 1972 con <em>La vida callada de Federico Monpou,</em> y queda finalista, ese mismo año, del Premio Café Gijón. Ganó el Premio Ciudad de Barcelona de Poesía en 1983 con <em>Vivir.</em></p> <p>“Me ha impresionado mucho que me tomaran en cuenta para la Academia. Son cosas que siempre se esperan para los demás y no para uno. Todo esto es muy sorprendente. Me han propuesto tres académicos con los que apenas he tenido contacto. Ser elegida es, sobre todo, una gran responsabilidad”, dijo ayer a este diario la nueva académica. “Como traductora, siempre trabajo con las palabras. Me apasiona porque, gracias a ellas, una se da cuenta de la mentalidad humana. Y, como el lenguaje está vivo, una es testigo de las nuevas incorporaciones y de las dolencias entre cada vocablo”.</p> <p>Solo hay seis mujeres académicas de número en la RAE: Carmen Iglesias (E), Margarita Salas (i), Soledad Puértolas (g), Inés Fernández-Ordóñez (P), Carme Riera (n) y Aurora Egido Martínez (B), quien ingresó en la institución en junio de 2014. Además, si se observa el listado histórico, a las mencionadas académicas solo habría que sumar tres nombres más: los de Carmen Conde, primera académica de número de la RAE, quien leyó su discurso de ingreso en 1979 y que ocupó la silla K hasta su muerte en 1996; Ana María Matute, fallecida en junio de 2014, quien ocupó este sillón posteriormente; y Elena Quiroga, quien tomó posesión en 1984 de la silla a, y falleció en 1995. Así que Janés se convierte en la décima académica en los 302 años de historia de la institución.</p> <p>Janés ha dedicado gran parte de su obra e investigaciones a las diversas expresiones del talento femenino, no solo en la literatura, sino también en la ciencia y en otras áreas de conocimiento. Su obra más reciente, <em>Guardar la casa y cerrar la boca</em> (Siruela), es un recorrido por distintas culturas y periodos de la historia a través de las principales obras literarias de mujeres que encontraron en las letras la forma idónea para manifestar su sensibilidad y talento. En el libro, la autora sostiene que, según la situación social de la mujer en distintos lugares y épocas, la libertad podía hallarse en el encierro (las monjas) y la esclavitud en la alcurnia (las reinas) y que, en contra de lo que afirmó Simone de Beauvoir, hubo muchas mujeres guerreras, incluso órdenes de caballería femeninas.</p> <p>La RAE cuenta con un total de cuarenta y seis sillas académicas. Actualmente, están vacantes las sillas correspondientes a las letras H, s y K, cuyos últimos titulares fueron Martín de Riquer, José Luis Pinillos y Ana María Matute, respectivamente.</p> 
</main_text>
</body>

</text>



