<?xml version="1.0" encoding="UTF-8"?>


<text>


<header><url>http://cultura.elpais.com/cultura/2015/10/07/television/1444237255_211738.html</url><media>El_País</media><section>cultura</section><date>2015/10/07</date><authors>Luis R. Aizpeolea</authors></header>


<body>
<title>
Valioso rescate del olvido
</title>
<subtitle>
El gran acierto del documental es haber rescatado del olvido la gesta de un equipo plural de políticos —PNV, PSOE, PCE, ANV y republicanos— que, en condiciones muy difíciles, simbolizó la legitimidad democrática frente a la dictadura
</subtitle>
<main_text>
 <p>El principal valor de <em>El Gobierno vasco en el exilio. Crónica de una esperanza</em>, la serie que ayer empezó a emitir ETB, en el 79º aniversario de la constitución del primer Ejecutivo vasco de la historia, en plena Guerra Civil, radica en haber rescatado del olvido la gesta de un equipo plural de políticos —PNV, PSOE, PCE, ANV y republicanos— que, en condiciones muy difíciles, simbolizó la legitimidad democrática frente a la dictadura. Resistió hasta 1979, cuando Euskadi recuperó las instituciones autonómicas.</p> <p>Coordinada por Ander Landaburu y dirigida por Antonio Cristóbal, que ha contado como guionistas con prestigiosos historiadores (José Luis de la Granja, Ludger Mees, Santiago de Pablo...), la serie narra con rigor las vicisitudes en que se vio envuelto el Gobierno autónomo desde su constitución en 1936 hasta su disolución con la democracia: sus medidas, incluida la emisión de moneda, hasta la caída de Bilbao en 1937; la participación del Batallón Gernika en la liberación de Burdeos; la huida del lehendakari José Antonio Aguirre de los nazis; su colaboración con los servicios secretos aliados en la II Guerra Mundial; su participación en el Congreso de la Haya y en la construcción europea...</p> <p>La serie aporta nueva luz al controvertido Pacto de Santoña, la rendición de los batallones nacionalistas a las tropas italianas, tras la caída de Bilbao, al revelar que el lehendakari Aguirre discrepó de la decisión del presidente del PNV, Juan Ajuriaguerra, de cesar la guerra tras caer Bilbao. Aguirre se reafirmó al trasladar la sede del Gobierno vasco a Barcelona hasta el final de la guerra y convertirse en figura clave de la política en el exilio. De tal modo que el presidente de las Cortes, Martínez Barrio, le ofreció la presidencia del Gobierno republicano. Aguirre, subraya la serie, tuvo claro que el futuro del Gobierno vasco pasaba por la legalidad democrática española, entonces republicana.</p> <p>La serie tiene carga emotiva. No elude el carisma de Aguirre, pero no cae en la hagiografía ni en el sectarismo. Predomina el rigor histórico.</p> 
</main_text>
</body>

</text>



