<?xml version="1.0" encoding="UTF-8"?>


<text>


<header><url>http://cultura.elpais.com/cultura/2015/08/07/actualidad/1438940061_363129.html</url><media>El_País</media><section>cultura</secion><date>2015/08/07</date><authors>El País</authors></header>


<body>
<title>
Las Spice Girls planean su regreso
</title>
<subtitle>
La cantante Mel B dice que "es el momento" de reunirse por el 20 aniversario
</subtitle>
<main_text>
 <p>La posible reunión de las Spice Girls, la banda femenina que protagonizaron los noventa con éxitos como <em>Wannabe</em>, parece más cerca.</p> <p>Melanie Brown, más conocida como Mel B, ha dicho en el programa televisivo de Jimmy Fallon que es el momento para que el grupo se reúna. Se acerca el 20 aniversario del grupo y, según la cantante, hay que hacer algo para celebrarlo. Está en mis planes, no sé si en el resto, planteó. Tengo grandes recuerdos de haber ido de gira por todo el mundo con cuatro de mis mejores amigas. Aún hoy seguimos apoyándonos unas a las otras, explicó.</p> <p>El diario británico The Sun ha ido más allá al informar que las Spice Girls preparan su regreso sin Victoria Beckham. Mel B, Mel C, Emma Bunton y Geri Halliwell estarían negociando las condiciones de la gira, según el rotativo.</p> <p>Sería el tercer reencuentro del grupo británico tras su separación en en 2001. Después de un primer retorno en el 2007 con varios conciertos y una segunda actuación en la ceremonia de clausura de los Juegos Olímpicos de Londres en el 2012.</p> <p>Las <em>chicas picantes</em> ya han dado pistas sobre esta posible reunión a través de Twitter.</p>  <p>Necesito ponerme las coletas?!?!?, se preguntaba Emma Bunton en la red social.</p>  <p>Mel C planteaba si debería volver a practicar sus piruetas.</p>  <p>Victoria Bechkam ha aprovechado para enviar amor a sus antiguas compañeras.</p> 
</main_text>
</body>

</text>



