<?xml version="1.0" encoding="UTF-8"?>


<text>


<header><url>http://cultura.elpais.com/cultura/2015/02/06/television/1423242299_906605.html</url><media>El_País</media><section>cultura</section><date>2015/02/06</date><authors>El País</authors></header>


<body>
<title>
‘Acacias 38’, nueva serie diaria para la sobremesa de La 1 de TVE
</title>
<subtitle>
La cadena pública retomará este formato después del fracaso de espacios como 'T con T' y los telefilmes de sobremesa
</subtitle>
<main_text>
 <p>TVE, después de intentar levantar su maltrecha franja de sobremesa (sin conseguirlo) con programas como <em>T con T</em> (el polémico espacio presentado por Toñi Moreno) y, ahora, con telefilmes de escasa calidad, vuelve a apostar por un serial de próximo estreno para la tarde. Se trata de <em>Acacias 38,</em> nombre del portal señorial donde se desarrollarán las historias, serie diaria y coral, ambientada en 1899, que cuenta lo que sucede en un edificio de la burguesía de finales del siglo XIX situado en un barrio lleno de situaciones variopintas.</p> <p>Realizada por TVE en colaboración con Boomerang TV (responsable de títulos como <em>El secreto de Puente Viejo</em> y <em>El tiempo entre costuras),</em> este nuevo proyecto arranca de una idea original de Susana López Rubio, Aurora Guerra, Miquel Peidró y Josep Cister, es una ficción cercana, cálida, luminosa y romántica en la que los grandes protagonistas son los sentimientos universales: el amor, los celos, las pasiones, las venganzas y los odios, según comentan desde TVE.</p> <p>La nueva serie diaria, que se se graba en unos platós de 2.600 metros cuadrados, cuenta con un reparto coral formado por más de 20 personajes principales a los que darán vida Sheyla Fariña, Roger Berruezo, David Muro, Iago García, Arantxa Aranguren, Carlos Serrano-Clark, Sara Miquel, Inés Aldea</p> 
</main_text>
</body>

</text>



