<?xml version="1.0" encoding="UTF-8"?>


<text>


<header><url>http://cultura.elpais.com/cultura/2015/09/07/actualidad/1441615792_573633.html</url><media>El_País</media><section>cultura</section><date>2015/09/07</date><authors>Tommaso Koch</authors></header>


<body>
<title>
Venecia, capital de América Latina
</title>
<subtitle>
El festival del cine propone 10 películas de directores nacidos en esa zona, dos de ellas en la competición oficial
</subtitle>
<main_text>
 <p>El idioma castellano es de los más ricos. Cuenta con palabras para describir prácticamente todo. Sin embargo, hay un concepto tan complejo que ni la lengua es capaz de resumirlo en un solo término: la pérdida de un hijo. Hay viudos, hay huérfanos, pero los padres que entierran a su heredero no tienen definición. Quizás una cámara sirva mejor que un diccionario para explicar tamaño drama. Así que con unas (pocas) palabras y sobre todo imágenes, el filme chileno <em>La memoria del agua</em> intenta asumir este reto. Y, de paso, mostrar una de las muchísimas facetas que el cine latinoamericano ha traído hasta la 72ª edición del festival de Venecia.</p> <p>Son hasta 10 los directores que cuentan en La Mostra el mundo visto desde América Latina. Una olla enorme, donde se cuece un <em>potpourri</em> con decenas de ingredientes distintos: drama, retratos intimistas, cine documental, poesía visual, violencia, risas. Todo con un hilo conductor, al menos según Matías Bize, director chileno de <em>La memoria del agua</em>: “Hay un sello, somos autores hablando de verdad de sus temas, con una mirada muy personal”.</p> <p>Al fin y al cabo, el propio director del festival, Alberto Barbera, no se cansa de repetir que allí se halla el futuro. “Las películas más interesantes nacen en América Latina, el único cine que está contando cosas nuevas y proponiendo talentos con estilos distintos”, declaró antes del comienzo del certamen a EL PAÍS. Y su visión se refleja, más que nunca, en su selección de los filmes.</p> <p>Ante todo, hay dos películas latinoamericanas en la competición por el León de Oro. Por un lado, <em>El clan</em>, de Pablo Trapero, acogida con aplausos y con cierta incredulidad frente a una historia real y sin embargo alucinante: la de los Puccio, una familia que en la Argentina de los ochenta llevó a cabo una serie de secuestros y asesinatos. Y, luego, <em>Desde allá</em>, filme de debut del venezolano Lorenzo Vigas, sobre un hombre que paga a jóvenes para llevárselos a casa y tan solo observarlos, sin contacto físico.</p> <p>“Hay un movimiento creciente en América Latina, aunque el cine europeo y el estadounidense siguen produciendo grandísimos filmes”, reivindica Guillermo Francella, protagonista de <em>El clan.</em> En concreto, su Argentina natal contribuye con otras dos películas al certamen: <em>55 pastillas,</em> cortometraje de Sebastián Muro, y <em>Mate-me por favor</em>, de la brasileña Anita Rocha Da Silveira, coproducida justamente con Brasil y que analiza la violencia a través de los ojos de una niña de Río de Janeiro; ambas se exhiben en Horizontes, el segundo apartado del festival.</p>    <p>De la colaboración entre distintos países de la zona se beneficia también otro cineasta brasileño, Gabriel Mascaro: ha podido sacar adelante su <em>Boi Neon</em> gracias a fondos procedentes de Brasil y Uruguay. “No creo que haya una identidad nacional ni me gusta hablar de cine en términos diplomáticos, prefiero basarme en si un filme me afecta o no”, matiza el cineasta, cuyo filme se proyecta en Horizontes y se centra en la Vaquijada, un deporte extremadamente popular en su país que consiste en intentar tumbar a un toro agarrándole por la cola.</p> <p>Mascaro añade que por lo menos en su Brasil natal se ha “democratizado” el acceso a los fondos para levantar los proyectos. Que un joven de Recife como él pudiera rodar una película y llevarla hasta Venecia “hace 15 años era imposible”. Y también de Brasil procede <em>Tarántula</em>, cortometraje de Aly Muritiba y Marja Calafange.</p> <p>El otro dominador tradicional del cine latinoamericano, México, ha traído a tres creadores hasta Venecia. Al maestro Arturo Ripstein, que presenta su última fatiga, <em>La calle de la amargura</em>, se suman Rodrigo Plá, que inauguró Horizontes con <em>El monstruo de mil cabezas</em>, y Mariana Arriaga, con el corto <em>En defensa propia.</em> Entre luchadores, amenazas, pistolas y frustración contra el sistema, cuentan historias típicas de sus tierras, y que sin embargo entiende todo el planeta.</p> <p>“Son autores muy arraigados a la realidad de sus países, que narran tramas que se vuelven universales en el momento en que cuentan la verdad de un contexto particular. El secreto del buen cine está ahí”, defendía Barbera a este periódico hace una semana. Aunque Benjamín Vicuña, protagonista chileno de <em>La memoria del agua</em> junto con la española Elena Anaya, invita a ampliar el foco: “Estoy orgulloso de este movimiento. Pero creo que se puede incluir a España y hablar de cine hispanoamericano. Me encantaría que hubiese un gran mercado común de todas estas películas”.</p> <p>Quizás sea justamente esa la asignatura pendiente. Aunque España coproduce tanto <em>El clan</em> como el filme de Ripstein. Y la película <em>Zonda</em>, del maestro español Carlos Saura, está producida por Argentina. Ida y vuelta sobre el océano. El viaje acaba de empezar.</p> 
</main_text>
</body>

</text>



