<?xml version="1.0" encoding="UTF-8"?>


<text>


<header><url>http://cultura.elpais.com/cultura/2015/02/06/television/1423239270_291956.html</url><media>El_País</media><section>cultura</section><date>2015/02/06</date><authors>El País</authors></header>


<body>
<title>
Cuatro cancela ‘Todo va bien’ de forma fulminante
</title>
<subtitle>
Desde el lunes, su lugar lo ocuparán más capítulos de la comedia 'Gym Tony'
</subtitle>
<main_text>
 <p>Tres semanas después de que Lara Álvarez se incorporara a <em>Todo va bien</em> como nueva copresentadora tras la marcha de Edurne, Cuatro ha decidido retirar el programa de la parrilla de forma repentina. Como informan en un comunicado, el espacio ya no estará en antena el próximo lunes 9 de febrero. Su puesto en el <em>access prime time</em> (justo antes de que arranque la programación del horario de máxima audiencia) lo ocuparán más capítulos de la tira cómica <em>Gym Tony</em>.</p> <p><em>Todo va bien</em> arrancaba en junio con Xavi Rodríguez y Edurne como presentadores de este espacio de entretenimiento que llevaba ya semanas con un futuro incierto. Ahora, Cuatro anuncia la preparación de un nuevo formato de entretenimiento junto con el mismo equipo creativo del programa de Producción Mandarina.</p> <p>Poco antes de que Edurne fuera anunciada como la futura representante de España en Eurovisión, la cantante y presentadora había abandonado el programa. Su puesto había sido ocupado por Lara Álvarez.</p> <p>Además, Mediaset también ha decidido retirar de la parrilla <em>Hable con ellas</em>. El programa de Telecinco no es la primera vez que desaparece de la programación. Ya le ocurrió en otoño, cuando desapareció de la parrilla para volver a la cadenas unas semanas después.</p> 
</main_text>
</body>

</text>



