<?xml version="1.0" encoding="UTF-8"?>


<text>


<header><url>http://cultura.elpais.com/cultura/2015/08/07/actualidad/1438946619_041527.html</url><media>El_País</media><section>cultura</secion><date>2015/08/07</date><authors>Rocío García</authors></header>


<body>
<title>
Terence Davies vuelve a la sección oficial del Festival de San Sebastián
</title>
<subtitle>
Una película de animación compite por primera vez por la Concha de Oro
</subtitle>
<main_text>
 <p>Con un relato épico e intimista sobre la esperanza, la tragedia y el amor al inicio de la Gran Guerra, el cineasta británico Terence Davies regresa a la sección oficial del Festival de Cine de San Sebastián, que tendrá lugar del 18 al 26 de septiembre. Su película <em>Sunset song</em>, adaptación de la novela del autor escocés Lewis Grassic Gibbon, es uno de los ocho títulos internacionales anunciados por la dirección del certamen para optar a la Concha de Oro.</p> <p>Entre esas películas también destaca el primer filme de animación que compite en el Zinemaldia, <em>Bakemono no ko</em>, del japonés Mamoru Hosoda, que narra la historia de Kyuta, un niño solitario que vive en Tokio, y Kumatetsu es una criatura sobrenatural aislada en un mundo imaginario. En la 61ª edición, <em>Futbolín,</em> del argentino Juan José Campanella en 3D, se convertía en la primera película de animación en inaugurar el festival, pero no optaba al palmarés.</p> <p>Los títulos citados anteriormente se unen a las producciones españoles anunciadas hace unos días. Davies ya compitió en San Sebastián en 2011 con <em>The deep blue sea</em>, protagonizada por la actriz Rachel Weisz.</p> <p>Además de <em>Sunset song</em> y <em>Bakemono no ko</em>, los títulos que se hicieron públicos ayer viernes son: <em>21 nuits avec Pattie</em> (Francia), de Jean-Marie Larrieu y Arnaud Larrieu; <em>Les démons</em> (Canadá), de Philippe Lesage; <em>Evolution</em> (Francia-Bélgica y España), de la cineasta francesa Lucile Hadzihalilovic, que en 2004 ganó el premio a nuevos directores por <em>Innocence</em>; <em>High-rise</em> (Reino Unido), de Ben Wheatley; <em>Moira</em> (Georgia), dirigida por Levan Tutberidze; y <em>Sparrows</em> (Dinamarca-Croacia), de Rúnar Rúnarsson.</p> <h3>Cineastas españoles</h3> <p>A falta todavía por conocer los títulos de inauguración y clausura del Festival de San Sebastián, estos títulos internacionales anunciados competirán con los realizados por cineastas españoles: <em>Amama</em> (Asier Altuna), <em>El apóstata</em> (Federico Veiroj), <em>Un dia perfecte</em> (Marc Recha), <em>Eva no duerme</em> (Pablo Agüero), <em>El Rey de La Habana</em> (Agustí Villaronga) y <em>Truman</em> (Cesc Gay). Otras tres películas españolas estarán en la sección oficial pero no a competición, como <em>Mi gran noche</em>, de Álex de la Iglesia; <em>Lejos del mar</em>, de Imanol Uribe, y <em>No estamos solos,</em> de Pere Joan Ventura.</p> 
</main_text>
</body>

</text>



