<?xml version="1.0" encoding="UTF-8"?>


<text>


<header><url>http://cultura.elpais.com/cultura/2015/09/07/actualidad/1441606539_974308.html</url><media>El_País</media><section>cultura</section><date>2015/09/07</date><authors>EFE</authors></header>


<body>
<title>
Rotundo triunfo de Alberto López Simón en la goyesca de Aranjuez
</title>
<subtitle>
Los rejoneadores Fermín Bohórquez, Hermoso y Lea Vicens, a hombros en la feria de Ronda
</subtitle>
<main_text>
 <p>El diestro Alberto López Simón cosechó un triunfo rotundo de seis orejas y un rabo, en la localidad madrileña de Aranjuez, en un festejo goyesco de carácter mixto prologado por el rejoneador Sergio Galán, que también cortó una oreja de cada toro de su lote.</p> <p>Con media entrada en los tendidos, se lidiaron dos toros para rejoneo -primero y cuarto- de Luis Terrón, manejables; y cuatro en lidia ordinaria de Jandilla, discretos de presentación, mansurrones y deslucidos, a excepción del buen segundo, premiado con la vuelta al ruedo.</p> <p>El rejoneador Sergio Galán, oreja y oreja, y Alberto López Simón, dos orejas y rabo, oreja tras aviso, dos orejas y oreja.</p> <p>Exigentes ‘garcigrandes’ en Bayona</p> <p>El diestro mexicano Joselito Adame cortó una oreja a una exigente corrida de toros de la ganadería de Garcigrande celebrada en la ciudad francesa de Bayona.</p> <p>Con tres cuartos de entrada, se lidiaron toros de Garcigrande, bien presentados pero complicados.</p> <p>El rejoneador Leonardo Hernández, oreja; Sebastián Castella, ovación y ovación; Iván Fandiño, ovación tras aviso y silencio, y Joselito Adame, silencio y oreja.</p> <p>Castella no se acopló del todo con el primero de Garcigrande, un toro pronto, muy humillado pero rebrincado, que embistió con mucha transmisión en el capote. El cuarto rompió a bueno después de una tanda inicial de doblones mandones y llenos de torería. Castella falló con la espada.</p> <p>El primero de Fandiño embistió con profundidad y fijeza siempre que el torero le bajó la mano y lo llevó largo, pero pinchó dos veces antes de agarrar una buena estocada, escuchó un aviso y perdió un trofeo. El quinto pareció mejor de lo que fue a la postre y la faena decayó.</p> <p>El tercero fue un toro exigente con el que Joselito Adame anduvo muy firme sin poder lucirse más que su valor. El último alternó embestidas muy entregadas y amagos de huida. Adame tiró de oficio y cortó la única oreja de la lidia ordinaria después de una estocada de efecto rápido.</p> <p>Todos a hombros en Ronda</p> <p>Los rejoneadores Fermín Bohórquez, Pablo Hermoso de Mendoza y Lea Vicens se repartieron un total de siete orejas y salieron a hombros al término de la trigésimo cuarta edición de la corrida goyesca de rejoneo celebrada en la localidad malagueña de Ronda.</p> <p>Con más de tres cuartos de entrada, se lidiaron toros de la ganadería portuguesa de Passanha, desiguales de presentación y juego.</p> <p>Fermín Bohórquez, oreja y oreja; Pablo Hermoso de Mendoza, oreja con petición de segunda y oreja, y Lea Vicens, oreja y dos orejas.</p> <p>Al término del paseíllo, la empresa de Ronda entregó a Fermín Bohórquez un recuerdo por ser la última vez que toreaba en la localidad malagueña, ya que se retirará al final de temporada.</p> 
</main_text>
</body>

</text>



