<?xml version="1.0" encoding="UTF-8"?>


<text>


<header><url>http://cultura.elpais.com/cultura/2015/05/07/actualidad/1430996739_144770.html</url><media>El_País</media><section>cultura</section><date>2015/05/07</date><authors>Mikel Ormazabal</authors></header>


<body>
<title>
Muere Aitor Mazo, un actor que estaba en todas las salsas
</title>
<subtitle>
El intérprete, que trabajó en más de 30 películas, ha fallecido hoy en su casa de Bilbao
</subtitle>
<main_text>
 <p>Aitor Mazo tenía un físico imponente (con 12 años ya medía 1,80), tan rotundo como poderosa era su capacidad de interpretación, ya fuese en el teatro, el cine o en la televisión. Se atrevía y brillaba en todo, porque era, afirma el guionista y cineasta Borja Cobeaga, un “tipo total”. El actor bilbaíno falleció este jueves a los 53 años de edad. Fue encontrado sin vida en su domicilio, al parecer víctima de una insuficiencia coronaria. El gremio de la actuación vuelve a quedarse huérfano con la pérdida de otro todoterreno de la escena. “El teatro es mi oficio”, contaba en una entrevista a este diario, pero le gustaba estar siempre “metido en bastantes salsas”. Por eso, su rostro se fue desplegando por las series televisivas más exitosas y encarnó a un sinfín de personajes secundarios.</p> <p>La semana pasada estaba en el estreno madrileño de la película <em>A esmorga</em> y hoy tenía que subirse al escenario del Teatro Gayarre de Pamplona en una función de la obra <em>La calma mágica</em>, que ha quedado suspendida. Hasta hace unas semanas hacía de monologuista caracterizado como Antton Abbadia, impulsor de la cultura vasca. Sus compañeros le recuerdan como el “hombretón divertido e incombustible”</p> <p>Vistió los guantes de portero de pequeño y coqueteó después con la radio, hasta que se introdujo de lleno en el mundo del teatro. Su mejor escuela fue la compañía Maskarada, con la que salía a unas 90 funciones anuales. “Desde pequeño he tenido vocación de bufón. Se me ocurrían muchas tonterías que me quemaban dentro y tenía que sacarlas, las tenía que decir. Siempre he hecho bastante el payasete. Cuando pusieron [en Bilbao] el cine Albéniz como teatro estable, venía lo mejor de toda España y creo que eso fue lo que me enganchó. Sentía una gran envidia de la gente que estaba encima del escenario”.</p>    <p>El escenario: pasión y profesión para Mazo. El cine le llegó más tarde, primero con “papelitos de poca monta”, decía, hasta adentrarse de lleno en la gran pantalla, casi siempre como “un maravilloso secundario”, dice Cobeaga. Arrancó como actor de reparto en <em>Lauaxeta, a los cuatro vientos</em> (1987), de José Antonio Zorrilla, y después fue un soldado en <em>Vacas</em> (1990), de Julio Medem. Ha trabajado a las órdenes de los directores españoles, como Gonzalo Suárez, Luis García Berlanga, Álex de la Iglesia o Emilio Martínez Lázaro, entre otros muchos.</p> <p>En su dilatada carrera cinematográfica, destacó en el papel de Pintinho en <em>Airbag</em> (1997) junto a Karra Elejalde, con quien muchos años después coincidió en el éxito de taquilla <em>Ocho apellidos vascos</em>, con Mazo en el papel del peculiar cura Inaxio. Él siempre recordaba con cariño su interpretación en <em>Cachito</em> (1995), de Enrique Urbizu, en la que hacía de un defiente mental vestido con la camiseta del Betis.</p> <p>“Gran actor, estupendo director y mejor compañero, diste mucho y nos dejas con ganas de más”, fue el mensaje que lanzó por las redes sociales el actor Unax Ugalde al conocer que Mazo había fallecido. Ambos coincidieron en el rodaje de <em>Bypass</em>, aquel en el reparto y este como codirector junto a Patxo Telleria. Con él completó su faceta como cineasta con <em>La máquina de pintar nubes</em>.</p> <p>En series de televisión participó en <em>Querido maestro, Petra Delicado, Policías, Manolito Gafotas, El comisario, Amar es para siempre</em> y en <em>El ministerio del tiempo,</em> en el capítulo dedicado al inquisidor Torquemada.</p> <p>“Lo que realmente me gusta es que la gente salga con la boca abierta”, solía decir Mazo.</p>   
</main_text>
</body>

</text>



