<?xml version="1.0" encoding="UTF-8"?>


<text>


<header><url>http://cultura.elpais.com/cultura/2015/05/07/babelia/1430998416_914787.html</url><media>El_País</media><section>cultura</section><date>2015/05/07</date><authors>Guillermo Altares</authors></header>


<body>
<title>
El día en que murió Hitler
</title>
<subtitle>
La investigación del historiador Trevor-Roper sobre el suicidio del líder nazi, que Stalin intentó ocultar, fue el primer libro de la Guerra Fría
</subtitle>
<main_text>
 <p>Aunque experto en los siglos XVI y XVII, el historiador Hugh Redwald Trevor-Roper (1914-2003) había cimentado su fama en una investigación, encargada por los servicios secretos británicos, que sigue siendo un <em>best seller, Los últimos días de Hitler.</em> Fue el primero que narró, en 1947 a través de testimonios de primera mano, lo que había ocurrido en el búnker de la Cancillería en Berlín durante el desmoronamiento del régimen y las circunstancias del suicidio de Hitler, el 30 de abril de 1945, hace 70 años. Sin embargo, el 1 de abril de 1983, cuando ya estaba más que consagrado y había sido nombrado lord Dacre of Glanton, recibió una llamada relacionada con aquella primera investigación que acabó por suponer un golpe tremendo del que el historiador más conocido de su generación nunca se recuperó totalmente.</p> <p>Trevor-Roper era uno de los asesores independientes de <em>The Times</em> y el diario se puso en contacto con él por el posible descubrimiento del Santo Grial de los estudios de la Segunda Guerra Mundial, los presuntos diarios de Hitler, 60 volúmenes escritos de su puño y letra por el dictador. La revista <em>Stern</em> creía haberlos conseguido y quería vender los derechos. La vieja cabecera de la prensa británica, que había comprado Rupert Murdoch, estaba dispuesta a pagar una millonada. La misión de Trevor-Roper era viajar a Ginebra para autentificar un documento que podía cambiar la visión del siglo XX.</p>   <p>El novelista Robert Harris escribió en 1986 un relato apasionante de la falsificación de los diarios, <em>Selling Hitler,</em> en la que exculpa bastante a Trevor-Roper pese a que su participación en todo aquel feo asunto le acompañó hasta su muerte —en su obituario del historiador, <em>The New York Times</em> citaba el episodio en su primer párrafo—. Según Harris, a Trevor-Roper le dijeron dos mentiras: que la antigüedad del papel había sido confirmada y que conocía la identidad del oficial que había guardado los documentos. Al final, fue la química la que demostró la superchería más allá de cualquier duda: la cola de los cuadernos en los que estaban escritos los presuntos diarios tenía elementos que no existían cuando, en teoría, fueron redactados.</p> <p>La investigación de Harris no es sólo el relato de un tremendo error, es también una inmersión en el submundo de los tipos obsesionados con todo lo que tenga que ver con Hitler, los coleccionistas de sus cuadros o de cualquier objeto relacionado con el personaje que llevó al mundo a la catástrofe y ordenó el exterminio del pueblo judío. Lo curioso es que no todos son nostálgicos del nazismo: algunos son personas que no pueden evitar asomarse al abismo del mal.</p> <p>Stalin era plenamente consciente del poder de esta figura, incluso con la Alemania nazi derrotada, y por eso quiso ocultar que se había suicidado. Antony Beevor relata en <em>Berlín: la caída, 1945</em> que ni siquiera Zhúkov, el general que dirigió la ofensiva final sobre el Tercer Reich, fue informado de que sus tropas habían encontrado los cadáveres. De hecho, hasta los años noventa, con la <em>perestroika,</em> no se conoció que los soviéticos se habían llevado una parte de la mandíbula y dos puentes dentales del dictador en una caja de puros, que fueron destruidos en los setenta por orden de Bréznev.</p>    <p>Beevor explica así los motivos del dictador: “El sistema de Stalin necesitaba la presencia de enemigos tanto externos como internos, porque temía rebajar la tensión. Cuando encontraron el verdadero cadáver del Führer, llegaron de inmediato órdenes del Kremlin que prohibían que se dijese a nadie una palabra sobre el asunto. Resulta evidente que la estrategia de Stalin consistía en asociar a Occidente con el nazismo al hacer ver que los británicos o los estadounidenses estaban escondiendo al dirigente nazi. De hecho, ya circulaban rumores que afirmaban que había escapado”. Las teorías de la conspiración sobre la presunta fuga de Hitler del Berlín asediado no se han acabado nunca y se siguen publicando en España libros que dan pábulo a estas ridículas historias.</p> <p>Cuando los aliados comprendieron la jugada de Stalin, entró en juego Trevor-Hoper. Como joven oficial de inteligencia, su misión era establecer los últimos días de Hitler y difundirlos para desbaratar el plan de la URSS. <em>Los últimos días de Hitler</em> fue, en este sentido, el primer libro de la Guerra Fría.</p> <p>La mayoría de los detalles que relató entonces han sido confirmados por las investigaciones posteriores más concienzudas, como la que realizó su biógrafo Ian Kershaw y la del historiador y periodista alemán Joachim Fest, en la que se basó <em>El hundimiento,</em> la película de Oliver Hirschbiegel. En este filme, Bruno Ganz traza un impresionante retrato de un dictador iracundo, que vive en un mundo de fantasía, esperando el contraataque definitivo, con la mano temblorosa, preso de ataques de furia y cruel hasta el final con los civiles atrapados por la batalla de Berlín: pensaba que si el pueblo alemán no había sido capaz de ganar la guerra, no merecía ninguna piedad. Trevor-Roper nunca supo lo que había ocurrido con el cadáver más allá de que fue quemado y asegura que se disparó en la boca, mientras que Kershaw precisa que se disparó en la sien derecha con su pistola, una Walther de 7,65 milímetros. Eran las 15.30 del 30 de abril. Hitler tenía 56 años. Los cadáveres fueron sacados al exterior para ser quemados con gasolina. Antony Beevor añadió un momento increíble a esa escena, que se produjo en la puerta del búnker bajo una intensa lluvia de proyectiles de artillería: uno de los guardias de la SS le dijo a un compañero: “El jefe está ardiendo. ¿Vienes a echar un vistazo?”. Joachim Fest revela un detalle sobre Eva Braun siniestro, surrealista, para alguien que había compartido su vida con el responsable de millones de muertos: poco antes de tomar la cápsula de cianuro, estaba preocupada por sus joyas (“por desgracia, mi reloj de diamantes lo están reparando”) y por ocultar las facturas de su vestuario a la posteridad.</p>  <p>Pero, básicamente, el relato de los últimos días de Hitler quedó marcado por el libro de Trevor-Roper. Todo está ya allí: la celebérrima bronca a sus generales del 22 de abril, cuando Hitler reconoce por primera vez que “todo está perdido” —escena de <em>El hundimiento</em> que ha sido parodiada decenas de veces en Internet—; las tensiones finales y la traición de Himmler; el matrimonio con Eva Braun el día antes del suicidio —que Trevor-Roper describe con enorme precisión—; el envenenamiento del pastor alemán hembra de Hitler, <em>Blondie;</em> el final de los Goebbels, que envenenaron a sus seis hijos antes de pegarse un tiro…</p> <p>Todas las investigaciones se centran en un momento crucial de estos días finales: su testamento, que dictó después de su boda a su secretaria, Traudl Junge, que sobrevivió a la guerra y que aparece al principio y al final de <em>El hundimiento.</em> Hasta 2001, cuando tenía 81 años, Junge no publicó sus memorias de aquellos días, tituladas <em>Hasta el último momento.</em> Este documento es importante no sólo porque muestra que el delirio antisemita le acompañó hasta la tumba —culpa de la II Guerra Mundial a sus principales víctimas, los judíos—, sino porque es lo más cerca que estuvo de reconocer que había ordenado el Holocausto. “Tendría que rendir cuentas esta raza que es la culpable de esta lucha criminal: los judíos”, fueron sus palabras. Raul Hilberg, autor de la obra de referencia sobre la Shoah, <em>La destrucción de los judíos de Europa,</em> lo relata así<em>:</em> “En su testamento no dejaba duda: era él el que había profetizado el final del judaísmo y los judíos habían pagado por sus pecados”. </p> <p>Trevor-Roper, que no hablaba alemán con fluidez, no volvió a publicar ninguna obra importante sobre el nazismo, aunque sí ensayos reconocidos sobre la historia inglesa, centrados sobre todo en el momento crucial de la reforma. Escribió un célebre libro sobre el sinólogo británico Edmund Backhouse, <em>Hermit of Peking,</em> y otro sobre el traidor del siglo, Kim Philby. Falleció a los 89 años convertido en lord Dacre. Pero no importa lo que hiciese: siempre estuvo identificado con <em>Los últimos días de Hitler.</em> Es un fantasma demasiado poderoso del que nadie puede escapar.</p> 
</main_text>
</body>

</text>



