<?xml version="1.0" encoding="UTF-8"?>


<text>


<header><url>http://cultura.elpais.com/cultura/2015/09/07/actualidad/1441647101_456082.html</url><media>El_País</media><section>cultura</section><date>2015/09/07</date><authors>Winston Manrique Sabogal</authors></header>


<body>
<title>
Enrique Vila-Matas, Premio FIL 2015
</title>
<subtitle>
La Feria del Libro de Guadalajara distingue la obra del autor español por su "aporte significativo a la literatura de nuestros días"
</subtitle>
<main_text>
 <p>México fue el primer país que vio algo especial en la literatura de Enrique Vila-Matas y la apreció de verdad. Luego vendrían los otros países latinoamericanos. Ahora la Feria Internacional del Libro de Guadalajara lo distingue con el Premio FIL de Literatrua en Lenguas Romances 2015 a toda una obra, su máxima recompensa. El galardón le será entregado el 28 de noviembre, durante la inauguración de la feria del libro más importante del español. Es la segunda vez que América Latina premia al autor barcelonés con sus galardones literarios más importantes, ya que en 2001 recibió el Rómulo Gallegos por la novela <em>El viaje vertical.</em></p> <p>El premio coincide con el buen momento de reconocimientos internacionales que vive Vila-Matas (Barcelona, 1948). Varios periódicos como <em>The New York Times, The Guardian</em> o <em>The Wall Street Journal</em> han publicado este verano críticas elogiosas de su último libro, <em>Kassel no invita a la lógica</em> (Seix Barral). Incluso <em>The Guardian</em> lo incluyó entre los cinco mejores autores latinoamericanos del momento. Sí, “latinoamericano”, por la fuerte vinculación de Vila-Matas con ese continente desde comienzos de los años 90.</p> <p>El premio, dice el autor de obras como <em>El mal de Montano,</em> “es una agradable noticia que me llega de Jalisco, de la tierra de Juan Rulfo. Y la sitúo en el contexto de mis estrechas relaciones desde hace un cuarto de siglo con la literatura latinoamericana. El premio lo veo no tanto como un mérito mío, sino como un regalo muy generoso procedente del país que primero apreció mi literatura. Me dicen que el premio reconoce la obra de escritores con ‘un aporte significativo a la literatura de nuestros días’ y yo entiendo que encajo en esta premisa: escribo en la necesidad de encontrar escrituras que nos interroguen desde la estricta contemporaneidad, y no se limiten a reproducir modelos que ya estaban obsoletos hace cien años”.</p>   <p>Vila-Matas asegura que desde un primer momento, y “por puro instinto”, se alejó “de esos modelos obsoletos”. Una ruta que no ha abandonado. Sus dos últimos libros <em>(Kassel no invita a la lógica</em> y <em>Marienbad eléctrico)</em> “son novelas que entrarían en la categoría de semi-ficciones”, tanto que a veces él mismo las ve como “paseos en prosa”.</p> <p>El autor de títulos como <em>La asesina ilustrada, El viaje vertical, Bartleby y compañía, El mal de Montano, Dublinesca</em> y <em>Aire de Dylan</em> recuerda que su desembarco al otro lado del Atlántico fue con el libro <em>Historia abreviada de la literatura portátil,</em> original de 1985, pero en México entre los años 80 y 90. Esa obra fue apreciada por escritores mexicanos y latinoamericanos como Sergio Pitol, Carlos Monsiváis, Augusto Monterroso o Álvaro Mutis; e incluso el artista Vicente Rojo. A partir de ahí y de ellos, dice el escritor, fue que su obra se extendió. Nacía así una relación muy especial entre el autor y sus lectores. Se reafirmó, además, la idea de un escritor de culto.</p> <p>¿Pero por qué le hicieron tanto caso los latinoamericanos, antes que ninguno? ¿Qué vieron en el mundo de Vila-Matas? Al comienzo el escritor barcelonés no tenía ni idea. Hasta que un día le pregunto a Pitol y la respuesta del autor mexicano fue: “Porque tu literatura es excéntrica y América Latina es excéntrica, en el sentido literal de la palabra; de la propia excentricidad de la literatura latinoamericana”.</p> <p>La cascada de ediciones de sus títulos en el mundo anglosajón, tan difícil para quienes no escriben en inglés, se debe, cree el escritor, a que se ha despertado el interés por la literatura en español, y en especial por los creadores de América Latina.</p> <p>En medio de la fiesta, Enrique Vila-Matas otea el mundo del libro y lamenta que la industria en España esté un poco más apagada que en países como Argentina. México y Colombia. “Es más”, agrega, “allí la fuerza de las editoriales pequeñas e independientes es tan grande que da mucho prestigio publicar en ellas. Hay un cambio en ese sentido”.</p> <p>Su promesa es la de siempre: “Seguiré trabajando. El premio me ha llegado justo cuando acabo de llegar de un largo viaje por China, donde he publicado cuatro libros este último año. Espero que el premio no me paralice, no caiga en aquello de lo que hablaba Jules Renard: ‘Ya se ha forjado una reputación: así que ya no hace nada”.</p> 
</main_text>
</body>

</text>



