<?xml version="1.0" encoding="UTF-8"?>


<text>


<header><url>http://cultura.elpais.com/cultura/2015/09/07/television/1441659259_121132.html</url><media>El_País</media><section>cultura</section><date>2015/09/07</date><authors>Fran Serrato</authors></header>


<body>
<title>
Pilar Punzano arremete contra ‘Cuéntame’ tras su despido
</title>
<subtitle>
La actriz que encarnaba a Inés en la serie asegura que la echaron y carga contra Imanol Arias
</subtitle>
<main_text>
 <p>Pilar Punzano (Madrid, 1980) ha arremetido este lunes contra los productores de <em>Cuéntame como pasó</em> en una carta publicada en su perfil de Facebook. La actriz, que interpretaba a la hija mayor de la familia Alcántara, ha asegurado que no se ha ido, sino que ha sido despedida de forma improcedente, por lo que ha demandado a la productora de la serie, Ganga Producciones. La intérprete de Inés en la ficción desde 2010 asegura que advirtió hace tres meses a los responsables de la serie de que faltaba dinero en sus nóminas por un problema contable. Además, en su post ha cargado con dureza contra Imanol Arias, protagonista de la serie.</p>   <p>La actriz ha respondido al actor en las redes sociales diciéndole que tiene la lengua tan larga como las manos y que prefiere ignorar la realidad de lo que pasa y opinar de los demás. Arias no tardó en responder: Creo que mis declaraciones le hicieron daño y por eso se mete conmigo, para llamarme la atención. Le pido perdón, no tengo nada en contra de ella. Arias, su padre en la serie, se refiere a las afirmaciones que hizo hace unos días sobre el error cometido por Punzano al abandonar la serie, aunque ella ya llevaba tiempo estando solo físicamente.</p> <p>En la misiva, Punzano explica que ha pedido a Arias, a través de su pareja porque él jamás me ha cogido el teléfono ni respondido a un email en cinco años, que desmienta lo dicho. En una conversación telefónica con EL PAÍS, la actriz madrileña ha asegurado que ella jamás ha estado ausente, que su único pecado ha sido pedir cuentas claras. Además, ha informado de que el 4 de septiembre ambas partes, productora y trabajadora, tenían un acto de conciliación en los juzgados y que los primeros no acudieron.</p> <p>Ganga Producciones apenas ha hecho una breve referencia a ello en una nota emitida este mismo lunes: Con mucho gusto lo solucionaremos por los cauces que marca la ley. En el comunicado, la productora ha lamentado mucho la amargura en la carta publicada por Pilar Punzano y las falsedades que vierte en ella. La actriz, que ya ha borrado el post, argumenta que realizó esta publicación en su Facebook embargada por la emoción. No era más que una reflexión para mis amigos, se excusa. Ante el revuelo que han causado sus palabras, las ha retirado.</p> <p>Me hace mucha gracia que la productora ahora diga que todo se arreglará por los cauces legales, porque hasta hace bien poco no lo contemplaban, ni siquiera fueron al acto de conciliación, remarca la actriz. Punzano asegura que nadie de la serie le ha llamado para saber cómo se encuentra, para conocer su versión. Llevo tres años de inestabilidad, dejando casas y pidiendo dinero a mi familia, manifestó la actriz. Horas antes, en Facebook, había acusado a la productora de destruir a los actores y operadores y de llevar 14 años recibiendo entre 20 y 15 millones de euros al año que os repartís entre cuatro.</p> <p>Pedí solucionar esto, pero Miguel Ángel Bernardeau, el productor, me dijo que me echaba porque no íbamos a estar a gusto, según Punzano. Su lugar en la serie lo ocupará Irene Visedo. La actriz ya interpretó a Inés Alcántara desde el inicio de la serie de TVE, en 2001, hasta la llegada de Punzano en 2010.</p>   
</main_text>
</body>

</text>



