<?xml version="1.0" encoding="UTF-8"?>


<text>


<header><url>http://cultura.elpais.com/cultura/2015/08/07/television/1438958726_148549.html</url><media>El_País</media><section>cultura</secion><date>2015/08/07</date><authors>Agencias El País</authors></header>


<body>
<title>
MTV renuncia a ‘Ibiza Shore’
</title>
<subtitle>
La cadena se había encontrado con el rechazo del Ayuntamiento y de vecinos de la isla
</subtitle>
<main_text>
 <p>MTV ha decidido cancelar la grabación de <em>Ibiza Shore</em>, la nueva entrega de la franquicia del <em>reality show</em> que arrancó en Jersey, Estados Unidos. Debido a una serie de circunstancias que no podemos controlar, el próximo programa de la franquicia <em>Shore</em> no se grabará en Ibiza, argumenta la cadena en un comunicado. Un portavoz del programa ha evitado aclarar cuáles son esas circunstancias, sin embargo, sí se sabe que el proyecto contó con el rechazo frontal tanto del Ayuntamiento como de empresarios y vecinos de la isla, que incluso llegaron a colgar una petición en la plataforma Change.org (que ha conseguido casi 25.000 firmas en tres semanas) para evitar que la franquicia desembarcara en Ibiza.</p> <p>El presidente del Consell de Ibiza, Vicent Torres, ha considerado muy positiva la decisión de MTV de no grabar allí el programa. Este hecho constata que en esta isla, cuando tenemos un objetivo común y cuando unificamos esfuerzos, llegamos a los objetivos planteados y podemos hacer cambios importantes como ha sido el caso, ha añadido, dando así a entender que ha sido la presión isleña la que ha truncado el proyecto.</p> <p>El cambio de planes, no obstante, no frena la idea de la cadena de mantener el programa. Hay muchos <em>Shores</em> más allá de Ibiza, y estamos felices de poder llevar la producción a otro increíble destino, afirma MTV en su comunicado. De haberse quedado en Ibiza, la grabación del programa, que continuaría la estela de <em>Gandía Shore</em>, se habría desarrollado entre agosto y septiembre. Ahora, la cadena se limita a comentar que los pormenores del proyecto se conocerán más adelante.</p> 
</main_text>
</body>

</text>



