<?xml version="1.0" encoding="UTF-8"?>


<text>


<header><url>http://cat.elpais.com/cat/2015/11/06/catalunya/1446821489_726819.html</url><media>El_País</media><section>cat</section><date>2015/11/06</date><authors>Ana González Liste Carlos Orquín</authors></header>


<body>
<title>
Junts pel Sí rebutja una votació secreta al ple
</title>
<subtitle>
PSC i PP demanen el sistema de “vot nominal” per a les possibles accions penals
</subtitle>
<main_text>
 <p>Els diputats del Parlament votaran “sense amagar-se” en el ple on es debatrà la resolució independentista. Després de la primera reunió de la Junta de Portaveus amb tots els grups constituïts s'ha constatat les dificultats que hi haurà per arribar a acords en la legislatura. Els grups han trigat una hora a triar com es desenvoluparan els esdeveniments la setmana vinent.</p>   <p>Pere Aragonès, portaveu adjunt de Junts pel Sí, ha assegurat que “donaran la cara” perquè tenen dos milions d'electors darrere. El grup no demanarà la votació secreta però ha manifestat la seva intenció d'utilitzar un sistema que no dilati de forma excessiva el ple, ja que es poden produir votacions separades en alguns punts. “Sospitem que els qui han demanat el vot nominal ho fan amb la intenció d'atribuir responsabilitats penals als diputats que votin sí a la resolució”, ha explicat. Aragonès ha insistit que si la votació finalment és secreta, per agilitar la sessió, no tindran cap problema a lliurar una llista amb les votacions dels seus diputats al grup que ho desitgi. Junts pel Sí dividirà la votació de la seva declaració amb l'esperança que Catalunya Sí que es Pot mostri el seu suport en aquells punts que, segons Aragonès, també coincideixen amb el seu programa electoral.</p> <p>El PP català i el PSC han coincidit en la seva petició que la votació sigui pública per conèixer qui vota què exactament. Els populars no han concretat quin tipus d'accions legals emprendrien contra els diputats independentistes però el portaveu del grup, Enric Millo, ha advertit que la reforma del Codi Penal els permet aplicar “conseqüències greus”. Millo ha amenaçat que l'“eufòria” dels secessionistes no durarà més enllà del divendres. “La democràcia és més sòlida que la fantasia dels independentistes”, ha resolt. Per la seva banda, Eva Granados, portaveu dels socialistes ha avançat que si s'aprova la resolució de desconnexió amb Espanya la suspensió arribarà “en qüestió d'hores” i deixarà Catalunya en “una situació de paràlisi que no atén la situació d'emergència social”. “Serà l'error polític més gran que cometria Catalunya des que tenim les institucions d'autogovern”, ha dit.</p> <p>Ciutadans ha deixat oberta la possibilitat de no votar la declaració d'inici del procés. El seu portaveu, Carlos Carrizosa, ha assegurat que assistiran al ple i que, en qualsevol cas, demostraran el seu rebuig a la proposta. C’s no ha presentat cap esmena a la totalitat, com sí que ho ha fet el PP que argumentarà la seva proposta després dels independentistes i Catalunya Sí que es Pot.</p> <p>El grup de Catalunya Sí que es Pot, malgrat que el dilluns es debatrà també la seva resolució, ha declinat comparèixer després de la reunió al Parlament. La Candidatura d’Unitat Popular tampoc ha fet declaracions.</p> 
</main_text>
</body>

</text>



