<?xml version="1.0" encoding="UTF-8"?>


<text>


<header><url>http://cat.elpais.com/cat/2015/11/06/estilo/1446814410_826515.html</url><media>El_País</media><section>cat</section><date>2015/11/06</date><authors>Mar Rocabert Maltas</authors></header>


<body>
<title>
Palo Alto s’enriqueix amb jazz llatí
</title>
<subtitle>
El mercat mensual del Poblenou porta 15 instrumentistes que oferiran una experiència musical al llarg del recorregut
</subtitle>
<main_text>
 <p>Palo Alto Market ha fet un pas més per seguir al tron del mercat adreçat a un públic amb poder adquisitiu més innovador de Barcelona i aquesta temporada dóna un caire temàtic a cada edició. El <em>leitmotiv</em> d’aquest cap de setmana és l’Street Music Experience, amb 15 músics de jazz llatí que oferiran una experiència interactiva, improvisant amb ritmes afrocubans durant el recorregut que marquen les parades. Moda, disseny i oferta gastronòmica segueixen sent el pol d’atracció d’un mercat per on passen unes 15.000 persones en dos dies.</p> <p>“Per seguir consolidant el projecte creiem que cal combinar bé oci, cultura i comerç”, explica Paula Mariscal, cofundadora del projecte, juntament amb Pedrín Mariscal, qui ha ideat aquesta experiència musical. Sense perdre de vista que és un mercat de carrer, situat en una antiga fàbrica amb jardí del Poblenou, volen potenciar el vessant cultural “caminant en direcció contrària”, apunta.</p> <p>Amb aquest nord, la proposta d’aquest cap de setmana és deconstruir una orquestra al llarg del recorregut de les parades, amb diferents instrumentistes separats per pocs metres de distància, que els permetran improvisar en trios compenetrant-se amb els músics que tinguin més a prop, tots ells encadenats a unes mateixes bases electròniques que sonaran per tots els altaveus i punxarà el discjòquei Kapi. La singularitat del circuit és que permetrà als visitants variar les dinàmiques de la improvisació en funció del seu pas.</p> <p>Aquest experiment fa un homenatge a la música de carrer, i l’executaran Ale Ortega (trombó), Alexey León Reyes (saxòfon, flauta i veu), Carlos Alberto Caro (violí), Crá (percussió), Fer Tejero (teclats), Julio Carbonell (saxòfon), Julio Montalvo (trombó), Joseph Darteano (trompeta), Mark Aanderud (teclats), Mel Semé (veu i guitarra), Orbe (veu i tres cubà), Rainer Lopez (percussió), Rodrigo Galvao (saxòfon i flauta) i Yadira Ferrer (veu).</p> <h3>Galeria d’estil urbà</h3> <p>Seguint amb l’aposta de carrer, l’espai Concept Gallery, que també és una novetat d’aquesta temporada, s’omplirà de marques d’estil urbà amb skates, bambes i moda de carrer com a reclams. Entre les curiositats, Skate Led, una marca que il·lumina el sector amb skateboards amb un llum LED integrat per crear efectes espectaculars. També hi serà la galeria Montana, per mostrar la feina d’artistes urbans com BToy, Inocuo i Sawe, que pintaran en directe. Fanatic Guitars exposaran les seves peces més exclusives, valorades en prop de 300.000 euros. També hi serà la marca de mobiliari Vitra, amb una oferta per acostar-se a un públic més jove.</p> <p>A més d'aquest espai que reforça el fil conductor de l'edició, disposa de més d'un centenar d'expositors de marques de moda, creadors artesans i dissenyadors independents seleccionats entres unes 600 sol·licituds. Aquestes són les dimensions d'un mercat que va començar el desembre de l'any passat, i va desbordar totes les previsions dels impulsors. De fet, ha passat de ser gratuït a tenir una entrada de pagament, normalment de 2 euros que aquesta vegada puja a 3. </p> 
</main_text>
</body>

</text>



