<?xml version="1.0" encoding="UTF-8"?>


<text>


<header><url>http://ccaa.elpais.com/ccaa/2015/05/07/madrid/1430995378_260112.html</url><media>El_País</media><section>ccaa</section><date>2015/05/07</date><authors>F. Javier Barroso</authors></header>


<body>
<title>
Ciudadanos se queda sin lista en Móstoles
</title>
<subtitle>
El Tribunal Constitucional rechaza el recurso presentado por la formación naranja
</subtitle>
<main_text>
 <p>El partido Ciudadanos no tendrá lista en Móstoles, el segundo municipio más importante de la región, en las elecciones municipales del próximo 24 de mayo. La formación de Albert Ribera ha visto como el Tribunal Constitucional no admitía a trámite el recurso presentado para intentar anular la sentencia que les anulaba la candidatura.</p> <p>Los problemas en esta formación llegaron desde la designación del candidato, cuando se comprobó que podía estar envuelto en posibles irregularidades. La dirección del partido en Madrid decidió expulsarlo y nombrar a otro. Ciudadanos presentó la candidatura de Móstoles ante la Junta Electoral de Zona, en Navalcarnero, pero parte de los integrantes de su lista estaban también incluidos en otra formación de reciente creación.</p> <p>Ciudadanos pidió asesoramiento a la Junta Electoral y esta le permitió cambiar a los candidatos duplicados. También preguntó si podía modificar el número de integrantes de los cinco primeros en la lista. En lugar de dos mujeres y tres hombres como aparecían en la lista inicial, habría tres mujeres y dos hombres. Los representantes de la Junta les dijeron que eso no era ningún problema, por lo que lo hicieron así.</p> <p>Los integrantes del nuevo partido presentaron un recurso contencioso-administrativo contra la decisión de la Junta Electoral y el juez le dio la razón, por lo que anuló la candidatura de Ciudadanos en Móstoles. La formación naranja acudió en recurso de amparo ante el Tribunal Constitucional, pero este no lo ha admitido a trámite. El partido de Ribera ha presentado un recurso de súplica ante el mismo tribunal, pero temen que tampoco sea tenido en consideración.</p> <p>“Es una pena porque podríamos haber sacado un buen resultado en Móstoles y porque además teníamos un gran equipo de personas que han luchado por el partido y han redactado un buen programa”, ha destacado el número dos de la lista a la Comunidad de Madrid, César Zafra. Ha sido una decisión dura, pero esperamos mejorar en las próximas elecciones para que no vuelva a ocurrir, ha añadido.</p> 
</main_text>
</body>

</text>



