<?xml version="1.0" encoding="UTF-8"?>


<text>


<header><url>http://ccaa.elpais.com/ccaa/2015/02/06/paisvasco/1423239740_799242.html</url><media>El_País</media><section>ccaa</section><date>2015/02/06</date><authors>EFE</authors></header>


<body>
<title>
Una funcionaria recibirá casi íntegra la extra de Navidad 2012
</title>
<subtitle>
CC OO considera que un juzgado de Bilbao abre una brecha para que se extiende al resto del personal de Justicia
</subtitle>
<main_text>
 <p>El Juzgado de lo Contencioso numero 6 de Bilbao ha sentenciado que la Dirección de la Administración de Justicia debe abonar a una funcionaria la paga extra de Navidad de 2012 prácticamente íntegra, pese a que se suprimió ese año para todos los empleados públicos.</p> <p>Según ha informado CC OO en un comunicado, esta resolución estima el recurso presentado por este sindicato y abre una brecha para que se extiende al resto del personal de Justicia.</p> <p>El argumento del Juzgado para dar la razón a la central, según CCOO, consiste en que las pagas extras del personal de Justicia están garantizadas por la ley Orgánica del Poder Judicial (LOPJ) y que el decreto que acordó suprimirla en 2012 entró en vigor en julio de ese año.</p> <p>Sin embargo, la propia LOPJ no se modificó en ese mismo sentido hasta el 29 de diciembre de 2012 y dado que una ley de rango inferior no puede modificar otra de rango superior, no procede suprimir la paga hasta ese día.</p> <p>Por tanto, el Juzgado considera que debe abonarse la paga extra correspondiente a todo el año, a excepción de los días 30 y 31 de diciembre.</p> <p>CCOO también insta al Gobierno Vasco a que, a la vista de este fallo, entre en razón y reconozca a todo el colectivo lo que es su derecho.</p> 
</main_text>
</body>

</text>



