<?xml version="1.0" encoding="UTF-8"?>


<text>


<header><url>http://ccaa.elpais.com/ccaa/2015/02/06/catalunya/1423217671_887515.html</url><media>El_País</media><section>ccaa</section><date>2015/02/06</date><authors>Jordi Pueyo Busquets</authors></header>


<body>
<title>
Reabierta la N-260 en Portbou, cortada debido al viento
</title>
<subtitle>
El fuerte viento no permitía circular por un tramo de cuatro kilómetros de la vía desde ayer
</subtitle>
<main_text>
 <p>La carretera N-260 se ha reabierto al tránsito alrededor del mediodía de este viernes, después de estar cortada por segundo día consecutivo en los dos sentidos de la marcha a su paso por Portbou (Alt Empordà), según informa el Servicio Catalán de Tránsito (SCT). El corte solo afectaba el paso de esta vía por la localidad ampurdanesa y obligaba los vehículos a coger rutas alternativas. Una caravana volcó ayer en esta carretera debido al temporal que afecta la provincia de Girona, especialmente el Alt Empordà y el Pirineo. Según el Servicio Meteorológico de Cataluña (SMC), hoy puede continuar soplando viento de componiendo norte con golpes fuertes al litoral ampurdanés.</p> <p>El accidente de ayer a la N-260, que ha estado cortada en un tramo de 4 kilómetros, provocó heridas leves a dos de los ocupantes de la caravana. El viento también obligó interrumpir el paso de trenes entre Girona y Portbou y la línea que circula entre Ripoll y Puigcerdà. Así mismo, el temporal provocó daños al mobiliario urbano de varios municipios de las comarcas gerundenses. En total, los Bomberos tuvieron que llevar a cabo 84 servicios.</p> <p>El viento también obligó a desviar los camiones que circulaban por el AP-7 en dirección a Francia a los aparcamientos habilitados en la Jonquera (Alt Empordà), donde permanecieron estacionados durante seis horas hasta que aflojó la fuerza del viento.</p> <p>Según el SCT, la nieve mantiene cortada dos carreteras. Son la BV-4024 en Guardiola de Berguedà y la C-28 en Naut Aran (Valle de Aran). Hacen falta cadenas para circular por la TV-7044 a la altura de la Riba (Alt Camp) y para ir por la BV-4031 en Castellar de n'Hug (Berguedà).</p> 
</main_text>
</body>

</text>



