<?xml version="1.0" encoding="UTF-8"?>


<text>


<header><url>http://ccaa.elpais.com/ccaa/2015/05/07/andalucia/1431000978_737403.html</url><media>El_País</media><section>ccaa</section><date>2015/05/07</date><authors>Agencias</authors></header>


<body>
<title>
Detenido un hombre por la muerte de la mujer apuñalada en Sevilla
</title>
<subtitle>
La policía revisa las cámaras de seguridad del bloque en el que se ha cometido el suceso
</subtitle>
<main_text>
 <p>La Policía Nacional ha detenido a un hombre como supuesto autor de la muerte de una mujer que ha muerto este jueves tras ser apuñalada en la barriada de San Diego de Sevilla capital. La Policía Nacional, que ha confirmado el fallecimiento, ha indicado que sobre las 12.00 varios vecinos han avisado del apuñalamiento de una mujer en un portal de la urbanización Grupo San Diego, suceso del que seguidamente se alertó a la Policía Nacional y Local y a los servicios sanitarios del 061. Sobre el caso se ha dictado el secreto del sumario, por lo que no han trascendido datos personales del arrestado ni si existen vínculos familiares entre la víctima y el detenido.</p> <p>Según informaron fuentes del 112, algunos de los particulares que han alertado del suceso han señalado que habían visto a una persona salir corriendo tras lo ocurrido, de cuya investigación se ha hecho cargo la Policía Nacional, que ha revisado las cámaras de seguridad situadas en el bloque en el que se ha cometido el suceso.</p> <p>Según apuntan los agentes, la mujer fallecida tenía unos 48 años de edad y no se puede confirmar si se trata de un posible caso de violencia de género, opción que no descarta la policía, que ha descartado detener al marido de la víctima.</p> <p>La mujer, que trabajaba en un taller de cerámica ubicado en los bajos del bloque donde se ha provocado el apuñalamiento, es madre de un hijo adolescente. </p> 
</main_text>
</body>

</text>



