<?xml version="1.0" encoding="UTF-8"?>


<text>


<header><url>http://ccaa.elpais.com/ccaa/2015/03/06/madrid/1425664519_197977.html</url><media>El_País</media><section>ccaa</section><date>2015/03/06</date><authors>EFE</authors></header>


<body>
<title>
Juan Romo, nuevo rector de la Universidad Carlos III
</title>
<subtitle>
El nuevo responsable del campus obutvo 771 votos a favor y 804 en blanco
</subtitle>
<main_text>
 <p>Juan Romo, catedrático de Estadística e Investigación y único candidato, será investido el próximo el próximo martes 10 de marzo nuevo rector de la Universidad Carlos III de Madrid (UC3M) tras recibir 771 votos a favor, frente a 804 votos en blanco, en la votación celebrada ayer.</p> <p>El personal de administración y servicios ha sido el que más votos en blanco han emitido en unas elecciones marcadas por la baja participación, especialmente entre la comunidad de estudiantes, de la que sólo un 2,6 por ciento acudió a las urnas, según el recuento oficial facilitado por la universidad.</p> <p>Entre el colectivo de administración y servicios, Romo cosechó solo 66 votos a favor, frente a 350 votos en blanco y 35 nulos, lo que evidencia la disconformidad del colectivo con el futuro rector.</p> <p>En el resto de departamentos sí hubo un mayor apoyo al único candidato: 277 votos a favor y 160 votos en blanco en el caso de los profesores titulares; y 153 votos a favor y 66 votos en blanco entre los docentes contratados asociados.</p> <p>Romo será proclamado oficialmente nuevo rector de la Universidad Carlos III de Madrid el próximo martes, en sustitución de Daniel Peña, que agotó el máximo de dos mandato estipulado por la universidad, tras ocho años al frente.</p> <p>Ocupa el cargo de catedrático de Estadística e Investigación y era también vicerrector de Profesorado y Departamentos de la UC3M.</p> 
</main_text>
</body>

</text>



