<?xml version="1.0" encoding="UTF-8"?>


<text>


<header><url>http://ccaa.elpais.com/ccaa/2015/05/07/paisvasco/1430993711_632648.html</url><media>El_País</media><section>ccaa</section><date>2015/05/07</date><authors>EP</authors></header>


<body>
<title>
Bilbao subvenciona con 20.000 euros proyectos que fomenten la igualdad
</title>
<subtitle>
Las ayudas serán para asociaciones de padres y madres y centros educativos
</subtitle>
<main_text>
 <p>El Área de Igualdad, Cooperación y Ciudadanía del Ayuntamiento de Bilbao ha abierto la convocatoria de ayudas municipales para desarrollar proyectos y programas que promuevan la conciliación, el reparto equilibrado de los usos del tiempo y el fomento de la corresponsabilidad de mujeres y hombres en las tareas domésticas en el entorno escolar y a través de la comunidad educativa. Estas subvenciones están dirigidas solo y exclusivamente a Asociaciones de Madres y Padres de Alumnado (AMPAS) sin ánimo de lucro o a los centros educativos públicos o concertados de Bilbao. Se subvencionarán diez proyectos, con 2.000 euros cada uno, que posibiliten un disfrute igualitario y un reparto equitativo de ejercicios y oportunidades en todos los aspectos vitales.</p> <p>Según ha recordado el Ayuntamiento, la igualdad de mujeres y hombres es uno de los principios fundamentales de actuación del Consistorio bilbaíno, tal como lo refleja el IV Plan municipal para la igualdad de mujeres y hombres de Bilbao (2014-2017) donde se promulgan todas aquellas acciones que favorecen una participación equilibrada en todos los aspectos de la vida.</p> <p>Las entidades interesadas podrán presentar sus solicitudes hasta el próximo 5 de junio y toda la información y documentación relativa a la convocatoria se encuentra disponible en la página web municipal (www.bilbao.net), en la Oficina de Atención Ciudadana del Ayuntamiento de Bilbao, en las de las Oficinas Municipales de Distrito, en sus horarios habituales y en el Área de Igualdad, Cooperación y Ciudadanía del Ayuntamiento.</p> 
</main_text>
</body>

</text>



