<?xml version="1.0" encoding="UTF-8"?>


<text>


<header><url>http://ccaa.elpais.com/ccaa/2015/09/07/valencia/1441641296_574972.html</url><media>El_País</media><section>ccaa</section><date>2015/09/07</date><authors>El País</authors></header>


<body>
<title>
Los bomberos sofocan un incendio en una antigua cárnica de Paterna
</title>
<subtitle>
Un vecino ha avisado a emergencias de la presencia de humo y llamas en las naves abandonadas
</subtitle>
<main_text>
 <p>Los bomberos han dado por controlado el incendio industrial declarado esta tarde en una fábrica cárnica, actualmente abandonada y ubicada en el término municipal de Paterna, próxima a un centro comercial y de ocio y que ha generado una gran columna de humo.</p> <p>Según el Centro de Coordinación de Emergencias de la Generalitat, el aviso del siniestro, cuyas causas aún se desconocen, ha entrado en el 112 a las 17.06 horas y ha sido a través de un vecino, que ha visto por la ventana de su casa el humo y las llamas procedentes de esa fábrica.</p> <p>En el lugar del suceso trabajan en estos momentos bomberos de los parques de Paterna, Torrent y Burjassot, sin que hasta el momento haya constancia de daños personales o materiales más allá de los de la citada cárnica, identificada como Estellés por parte del Centro de Coordinación de Emergencias.</p> 
</main_text>
</body>

</text>



