<?xml version="1.0" encoding="UTF-8"?>


<text>


<header><url>http://ccaa.elpais.com/ccaa/2015/04/07/madrid/1428431586_767064.html</url><media>El_País</media><section>ccaa</section><date>2015/04/07</date><authors>Bruno García Gallo</authors></header>


<body>
<title>
El PP se queda sin ‘examinadores’
</title>
<subtitle>
Las ruedas de prensa ideadas por Aguirre para dar a conocer a los miembros de su lista apenas tienen informadores para 'poner a prueba' sus cualidades
</subtitle>
<main_text>
 <p>Los <em>exámenes</em> con los que la presidenta del Partido Popular, Esperanza Aguirre, busca probar a los miembros de su lista al Ayuntamiento de Madrid se han quedado sin <em>examinadores</em>. Se trata en realidad de ruedas de prensa para dar a conocer a estos candidatos y lograr publicidad gratuita, pero ayer, en la tercera sesión, apenas hubo periodistas (los presuntos <em>examinadores)</em> ni preguntas. Los cuatro candidatos (la semana pasada comparecieron otros seis en dos tandas) recibieron unas cuatro preguntas por cabeza de los cinco informadores en la sala. Comparecieron los ediles Pedro Corral, Paloma García Romero y Ana Román, y el diputado regional Álvaro González.</p> <p>Todos negaron tener cuentas en el extranjero o haber sido tentados con sobornos. García Romero aseguró: “Siempre he tenido la prevención de no quedarme a solas en el despacho con una visita, que siempre haya un testigo”.</p> <p>Tanto ella como González criticaron la suciedad de las calles; García Romero culpó a los nuevos contratos aprobados por la alcaldesa, Ana Botella, aún su jefa.</p> <p>Román, por su parte, afirmó: “Coincido plenamente con la forma de hacer política, humilde y cercana, de Aguirre”. Román fue jefa de gabinete de Alberto Ruiz-Gallardón de 1995 a 2011. Preguntada sobre los conflictos entre este y Aguirre, en los que estuvo junto al exalcalde, dijo: “Lo importante [en política] es seguir con la mayor lealtad a los superiores”.</p>   
</main_text>
</body>

</text>



