<?xml version="1.0" encoding="UTF-8"?>


<text>


<header><url>http://ccaa.elpais.com/ccaa/2015/01/07/paisvasco/1420654909_892975.html</url><media>El_País</media><section>ccaa</section><date>2015/01/07</date><authors>EFE</authors></header>

<body>
<title>  Blanca Portillo, Concha Velasco y Raphael, en el Teatro Principal</title>
<subtitle>  La programación en la red de teatros municipales de Vitoria arrancará en febrero</subtitle>
<main_text>
   <p>Actores y artistas como Blanca Portillo, Gonzalo de Castro, Rafael Alvarez El Brujo, Gorka Otxoa, Concha Velasco, Raphael, Leo Harlem y Kepa Junkera protagonizarán la nueva temporada de la Red Municipal de Teatros de Vitoria, que arranca en febrero.</p> <p>En total, se ofertarán 61 propuestas escénicas de calidad y variadas, según el Ayuntamiento de Vitoria, que van desde el teatro, hasta el flamenco, el pop, el humor y el circo.</p> <p>El concejal de Cultura, Iñaki García Calvo, ha presentado este miércoles la temporada de invierno y primavera en la red municipal de teatros, que viene precedida de una campaña de Navidad en la que se han logrado cinco llenos absolutos y que ha registrado 8.480 espectadores. El concierto de gospel y el concierto de Navidad de Ainhoa Arteta, fueron las sesiones más exitosas, aunque de media la ocupación de los espectáculos fue alta, del 74 %.</p> <p>Entre enero y junio los platos fuertes de la temporada cultural en Vitoria serán el regreso al teatro de Concha Velasco con <em>Olivia y Eugenio</em>, un drama original de Herbert Morote bajo la dirección del prestigioso José Carlos Plaza, que recupera cualidades abandonadas como la ternura y la inmensidad del amor en la vida.</p> <p>Además, la actriz Blanca Portillo tendrá protagonismo doble en Vitoria ya que estará presente en el escenario del Teatro Principal como directora, con una adaptación del clásico <em>Don Juan Tenorio</em>, y en su papel de actriz en <em>El testamento de María</em>, un texto escrito en su origen para Meryl Streep y que derrochará emoción en estado puro.</p> <p>La programación teatral se completará con otras obras como <em>Invernadero,</em> una de las más importantes de Harold Pinter, dramaturgo y poeta británico, que contará con un reparto compuesto entre otros por Gonzalo de Castro, Tristán Ulloa e Isabelle Stoffel.</p> <p>Asimismo, el Teatro Principal contará en la nueva temporada con una obra de lujo que ha triunfado en Broadway, adaptada ahora al castellano, <em>Lluvia constante</em>, que será protagonizada por Roberto Alamo y Sergio Peris Mencheta.</p>  <p><em>El largo viaje del día hacia la noche</em> será otra de las propuestas teatrales que atraerá al público por su gran reparto, encabezado por la actriz Vicky Peña y el dramaturgo Mario Gas.</p> <p>La oferta en euskera tendrá como ingredientes principales el humor de Erdibana, el trabajo multidisciplinar <em>Txapeldun</em> con música de Kepa Junkera y la danza de Eneko Balerdi, así como <em>Jokoz Kanpo</em>, una función que convertirá el Teatro Principal en un campo de fútbol.</p> <p>Además, los aficionados al ballet podrán disfrutar de Les Ballets Jazz Montreal (Canadá), una de las compañías contemporáneas más prestigiosas del momento, del Ballet Nacional de Argentina, y verán sobre el escenario a un bailarín vitoriano Oier López de Luzuriaga con la compañía LaMov en una nueva versión del cuento de <em>La bella durmiente</em>.</p> <p>También se ha programado un espectáculo para los amantes del flamenco con Rocío Molina como bailaora, considerada una de las mejores de su tiempo, y con Rosario <em>La tremendita</em> como cantaora.</p> <p>Dentro de la programación musical, el Teatro Principal acogerá la presentación del nuevo disco de Raphael, <em>De amor y desamor,</em> así como una versión familiar de la zarzuela <em>El caserío,</em> el circo de los sentidos con Mother Africa Circus, una obra cumbre de la ópera como <em>La traviata</em> y la pesentación del tercer disco en solitario de Amaia Montero.</p> <p>Tampoco faltarán los espectáculos de humor como <em>#Trending Tronching</em>, de Leo Harlem, las risas corrosivas de los catalanes Joglars, y el humor absurdo y surrealista de Joaquín Reyes y Ernesto Sevilla en Viejóvenes.</p> 
</main_text>
</body>

</text>



