<?xml version="1.0" encoding="UTF-8"?>


<text>


<header><url>http://ccaa.elpais.com/ccaa/2015/03/06/paisvasco/1425675429_918899.html</url><media>El_País</media><section>ccaa</section><date>2015/03/06</date><authors>El País</authors></header>


<body>
<title>
Villadelprat no logra evitar un juicio por apropiación indebida en Epsilon
</title>
<subtitle>
La Audiencia de Álava ha desestimado tanto su como el de su socio Phillip Mark Payne
</subtitle>
<main_text>
 <p>La Audiencia Provincial de Álava ha desestimado un recurso del promotor del proyecto Epsilon Euskadi, Joan Villadelprat, contra la decisión del Juzgado de Instrucción Número 1 de Vitoria de abrir juicio oral contra él por los presuntos delitos de insolvencia punible, apropiación indebida y delitos societarios.</p> <p>La Sección Segunda de la Audiencia de Álava ha desestimado los recursos tanto de Villadelprat como de Phillip Mark Payne, su socio y otro de los responsables del proyecto Epsilon Euskadi, creado con ayudas públicas en 2007 para construir un nuevo centro de innovación e investigación de alto rendimiento para el desarrollo de componentes avanzados de automoción.</p> <p>Acuciado por las deudas, Epsilon Euskadi solicitó la declaración de concurso en julio de 2011, declarando deber más de 37,8 millones de euros. A instancias de la Fiscalía de Álava, en diciembre de 2014 el Juzgado de Instrucción número 1 de Vitoria dictó un auto de diligencias previas por un delito de insolvencia punible, apropiación indebida y administración desleal, y desestimó reformar su auto de octubre del mismo año en el que acordaba seguir las diligencias previas por los delitos de insolvencia punible y apropiación indebida, además de delitos societarios contra los dos</p> <p>Ambos recurrieron este último que, ahora, ha venido a ratificar la Audiencia al estimar que en las diligencias previas practicadas por el Juzgado de Instrucción se ha podido “racionalmente establecer a nivel indiciario, como suficientemente justificado a los meros efectos de preparación para la apertura de juicio oral, que los hechos cuya perpetración aparece suficientemente justificada son constitutivos de los tres delitos imputados a los apelantes”. Además, añade que “del resultado de las diligencias de investigación practicadas comprobamos externamente que el juicio de probabilidad que hace el Juzgado (de Instrucción) es lógico y razonable”. </p> 
</main_text>
</body>

</text>



