<?xml version="1.0" encoding="UTF-8"?>


<text>


<header><url>http://ccaa.elpais.com/ccaa/2015/05/07/madrid/1430997295_949192.html</url><media>El_País</media><section>ccaa</section><date>2015/05/07</date><authors>F. Javier Barroso</authors></header>


<body>
<title>
C´s eliminará el aforamiento de todos los cargos públicos
</title>
<subtitle>
Ignacio Aguado presenta su programa con 200 propuestas basadas en acabar con la corrupción, el cambio del modelo económico y potenciar los servicios sociales
</subtitle>
<main_text>
 <p>La primera medida que tomará el partido Ciudadanos si gana las elecciones del próximo 24 de mayo será hacer una auditoria integral económica, organizativa y de procedimientos en el Gobierno regional, según ha avanzado durante la presentación del programa el candidato Ignacio Aguado. El documento consta de 200 medidas con las que se pretende acabar con la corrupción y un cambio en el modelo autonómico.</p> <p>“Queremos tener la foto fija de cómo está la Comunidad de Madrid antes de ponernos a trabajar. Actualmente es una Administración muy opaca y en función de cómo esté estudiaremos las posibilidades. No queremos entrar como un elefante en una cacharrería”, ha destacado el aspirante.</p> <p>Ciudadanos también pretende eliminar el aforamiento de todos los cargos públicos, incluido el del presidente regional, y reducir el número de diputados de los actuales 129 a 101. El programa se basa en acabar con la corrupción, el cambio del modelo económico y potenciar los servicios sociales. De hecho, pretenden aprobar una Ley de Servicios Públicos que impida la privatización de algunos servicios considerados esenciales.</p> <p>Otra de las propuestas de la formación de Albert Ribera es la creación de un billete multiviaje que permita cambiar de transporte público sin necesidad de pagar y la reducción de las tarifas. “El transporte público es deficitario estructuralmente, pero estamos convencidos de que se puede ahorrar y sin que tenga efectos para la calidad que se da a los usuarios”, ha añadido Aguado. Este ha destacado que a partir de hoy tienen 16 días para convencer a los madrileños y ser los primeros en las urnas. “Solo formaremos gobierno si somos los más votados. En caso contrario llegaremos solo a pactos puntuales. También queremos un compromiso y por escrito de todas las formaciones contra la corrupción, como ha ocurrido en Andalucía”, ha afirmado el candidato regional de C´s.</p> <p>El programa incluye la despolitización de la Cámara de Cuentas y del Consejo Consultivo, la aprobación de una Ley de Publicidad y Comunicación para controlar el gasto en esta área, aumentar las plazas en residencias para mayores y drogodependientes y que el Canal de Isabel II continúe en manos de los madrileños, entre otras medidas. “Sacaremos una ley de segunda oportunidad para frenar los desahucios y que haya mecanismos extrajudiciales, sobre todo cuando hay bancos intervenidos con casas vacías”, ha concluido Aguado.</p> 
</main_text>
</body>

</text>



