<?xml version="1.0" encoding="UTF-8"?>


<text>


<header><url>http://ccaa.elpais.com/ccaa/2015/06/08/paisvasco/1433769687_126172.html</url><media>El_País</media><section>ccaa</section><date>2015/06/08</date><authors>Mikel Ormazabal</authors></header>


<body>
<title>
Euskadi detecta cuatro casos de dopaje tras practicar 252 controles
</title>
<subtitle>
Los positivos se dieron en dos pruebas de deporte rural, en una carrera de ciclismo aficionado y en la media maratón de Vitoria
</subtitle>
<main_text>
 <p>La Agencia Vasca Antidopaje (AVA) realizó el año pasado un total de 252 controles que dieron como resultado cuatro casos de dopaje y otros 11 casos irregulares. Los positivos se detectaron en dos pruebas de deporte rural, en una carrera de ciclismo aficionado y en la media maratón de Vitoria, según ha informado hoy el director de Deportes del Gobierno vasco, Jon Redondo.</p> <p>La lucha contra el dopaje deportivo en Euskadi, que la citada agencia comenzó a desarrollar en 2011, se resolvió el año pasado con la recogida de 252 muestras de orina, un 34,8% más que un año antes, y la práctica de 47 controles en competiciones de 16 modalidades deportivas. Del total de las muestras, que incluyen una analítica básica, 190 deportistas fueron sometidos a pruebas de detección de EPO (75,4%).</p> <p>En las 252 muestras recogidas en 2014 se han detectado 15 resultados atípicos, ha informado Redondo. Cuatro análisis fueron positivos. Es el caso de un corredor a quien se detectó EPO recombinante en la prueba de ciclismo aficionado Santikurtz Klasikoa en Legazpi (Gipuzkoa), un atleta que tomó efedrina en la media maratón de Vitoria, un levantador de piedras con rastros de terbutalina en Aia (Gipuzkoa) y otro con benzoilecgonina en una prueba de arrastre de piedras en Narbaniz (Bizkaia).</p> <p>Además, la Agencia Vasca Antidopaje ha clasificado como irregulares otros 11 casos, de los cuales ocho eran sustancias prohibidas que el deportista había tomado bajo prescripción facultativa, y otras tres en las que la prueba de laboratorio no pudo certificar que se trate de un positivo y que tendrá un seguimiento específico.</p> <p>Redondo ha explicado que el Ejecutivo autonómico ha intensificado la lucha contra el dopaje con un aumento de los controles con el objetivo de erradicar el dopaje de cualquier modalidad deportiva y apostar por el juego limpio. La AVA ha llevado a cabo pruebas básicas de orina, cuyo coste es de 160 euros, pero el 75% de los análisis se han llevado a cabo con el propósito de detectar EPO, lo que eleva el coste de los análisis a 350 euros.</p> <p>En los primeros cinco meses de 2015 se han recogido ya 47 muestras de seis modalidades deportivas y la agencia antidopaje se marca como objetivo recoger 300 muestras durante este ejercicio. Los controles se han practicado en pruebas de duatlón y triatlón, ciclismo en ruta, y carreras atléticas en asfalto y montaña, principalmente.</p> <p>Redondo ha indicado que el Gobierno vasco está tramitando la modificación de la Ley contra el Dopaje en el Deporte, de 2012, para adecuarla a los nuevos criterios del Código Mundial Antidopaje (CMA). Entre los cambios, se prevé ampliar de dos a cuatro años el periodo de suspensión siempre que el deportista o personal de apoyo incurra en una conducta prohibida conociendo que está cometiendo una infracción. Además, incluirá la figura de la complicidad por asistir, alentar, ayudar, incitar... al consumo de sustancias dopantes. La modificación legal podría tramitarse al Parlamento vasco tras el próximo verano.</p> 
</main_text>
</body>

</text>



