<?xml version="1.0" encoding="UTF-8"?>


<text>


<header><url>http://ccaa.elpais.com/ccaa/2015/06/08/valencia/1433778649_212654.html</url><media>El_País</media><section>ccaa</section><date>2015/06/08</date><authors>El País</authors></header>


<body>
<title>
Podemos dice que en Valencia el bloque de cambio está consolidado
</title>
<subtitle>
Los diputados del grupo parlamentario en las Cortes se reúnen tras recoger las credenciales
</subtitle>
<main_text>
 <p>El secretario general de Organización de Podemos, Sergio Pascual, ha confirmado hoy que las conversaciones con el PSOE para formar gobiernos en Castilla-La Mancha y Extremadura están muy avanzadas y que el bloque de cambio en la Comunitat Valenciana o Baleares parece consolidado.</p> <p>En rueda de prensa tras la reunión de la ejecutiva del partido, Pascual ha explicado que, aunque aún están en fase de discusión programática, hay un nivel de identidad importante entre Compromís y Podemos, y un acercamiento más sencillo que con otras fuerzas políticas para allanar el camino a una presidencia de Mònica Oltra.</p> <p>Respecto a las reuniones que mantuvo Pablo Iglesias la semana pasada con el líder del PSOE, Pedro Sánchez, y, por otro lado, con la candidata de Compromís en la Comunitat Valenciana, Pascual ha negado que haya existido falta de transparencia.</p> <p>Del primer encuentro, ha resaltado que hubo cumplida información antes y después y que el objetivo era establecer cauces de comunicación entre dos personas con visibilidad y un rol público importante, que no se conocían personalmente, y establecer con claridad que los líderes regionales encabezarían las negociaciones en cada comunidad autónoma.</p> <p>En el caso del encuentro de Iglesias con Mònica Oltra, ha recordado que se conocen desde hace bastante tiempo y fue una reunión amistosa sin que el contenido fuera más allá del ya expresado por el líder de Podemos, que señaló que se congratularía de que pudiera ser la próxima presidenta de la Comunitat Valenciana.</p> 
</main_text>
</body>

</text>



