<?xml version="1.0" encoding="UTF-8"?>


<text>


<header><url>http://ccaa.elpais.com/ccaa/2015/02/06/valencia/1423221743_669424.html</url><media>El_País</media><section>ccaa</section><date>2015/02/06</date><authors>Jaime Prats</authors></header>


<body>
<title>
Segundo sin techo fallecido en Valencia en dos días
</title>
<subtitle>
El jueves murió un hombre en El Cabanyal El miércoles fue hallada sin vida otra persona en un cajero de la ciudad
</subtitle>
<main_text>
 <p>Coincidiendo con la ola de frío que ha desplomado las temperaturas durante los últimos días, dos indigentes han fallecido, uno el miércoles, y el otro el jueves de esta semana, en la ciudad de Valencia.</p> <p>El último de ellos, de 60 años, murió este jueves en el los bajos de un edificio a medio construir en la calle Pintor Ferrandis del barrio de El Cabanyal.</p> <p>Fuentes de la Policía Nacional señalan que el deceso tuvo lugar sobre las 9.40 horas, después de que la víctima comenzara a encontrarse mal, fuera auxiliada por unos vecinos y se sentara en una silla, donde se produjo el óbito. El cadáver no presentaba signos de violencia. La autopsia determinará las causas de la muerte.</p> <p>El martes, otra persona sin hogar fue hallada sin vida, en este caso en el vestíbulo de una céntrica oficina bancaria de la ciudad, situada en la calle Las Barcas. Se trataba de una persona de 50 años que solía dormir habitualmente en este local. </p> 
</main_text>
</body>

</text>



