<?xml version="1.0" encoding="UTF-8"?>


<text>


<header><url>http://ccaa.elpais.com/ccaa/2015/07/07/catalunya/1436272254_173316.html</url><media>El_País</media><section>ccaa</section><date>2015/07/07</date><authors>Alfonso L. Congostrina</authors></header>


<body>
<title>
Prisión para el acusado de matar a su madre y su hermana en Hostafrancs
</title>
<subtitle>
El agresor reconoce los hechos ante el juez, que ordena un reconocimiento psiquiátrico
</subtitle>
<main_text>
 <p>El juez del Juzgado de instrucción número 27 de Barcelona ha ordenado el ingreso en prisión del hombre de 35 años y nacionalidad dominicana detenido la mañana del pasado domingo después de, supuestamente, haber acabado a cuchilladas con la vida de su madre y su hermana.</p> <p>El acusado ha reconocido este martes los hechos ante el magistrado, que ha ordenado un reconocimiento psiquiátrico para dictaminar si en el momento en que se produjeron los hechos tenía alterado su estado mental. A la espera del resultado del examen médico, el acusado ha sido trasladado a un centro penitenciario acusado de dos delitos de asesinato.</p> <p>La mañana del pasado domingo el homicida acabó, supuestamente, con la vida de su madre, de 60 años, y su hermana, de 36, asestándoles diversas puñaladas. Los hechos tuvieron lugar en el barrio de Hostafrancs.</p> <p>El agresor encerró a su sobrina en el balcón de la vivienda mientras perpetraba los crímenes. Él mismo fue quien alertó a los Mossos d’Esquadra de los asesinatos y alegó que había acabado con la vida de sus familiares porque estas estaban perjudicándole mediante ritos de brujería.</p> <p>este martes, como ya hizo ante los Mossos d’Esquadra, el agresor ha reconocido los asesinatos ante el juez que se encarga de la instrucción del caso.</p> <p> </p> 
</main_text>
</body>

</text>



