<?xml version="1.0" encoding="UTF-8"?>


<text>


<header><url>http://ccaa.elpais.com/ccaa/2015/03/06/paisvasco/1425676833_465698.html</url><media>El_País</media><section>ccaa</section><date>2015/03/06</date><authors>Inés P. Chávarri</authors></header>


<body>
<title>
San Sebastián 2016 reduce su presupuesto en un 25%
</title>
<subtitle>
Pablo Berástegui atribuye el descenso a que los cálculos iniciales preveían una aportación mayor del Ministerio de Cultura
</subtitle>
<main_text>
 <p>La oficina de San Sebastián 2016 trabaja con un presupuesto de 47,8 millones, un 25% menos respecto a la última cifra facilitada por el propio proyecto el pasado septiembre y que entonces ascendía a 63,6 millones. El director de la capitalidad, Pablo Berástegui, atribuyó este viernes la reducción a que los cálculos iniciales preveían una aportación del Ministerio de Cultura de 12 millones, que, de momento, sólo ha ascendido a cuatro.</p> <p>Berástegui precisó que “no se puede hablar de recorte” porque el Ministerio, institución que forma parte del patronato de la Fundación San Sebastián 2016 junto al Ayuntamiento, la Diputación de Gipuzkoa y el Gobierno vasco, financia proyectos específicos del programa. Y Cultura no se había comprometido a dar esos 12 millones.</p> <p>Esos 47,8 millones constituyen el presupuesto del proyecto entre 2012 y 2018, de los que un 85% corre a cargo de las aportaciones de las instituciones, y el 15% restante de los ingresos propios, como la venta de entradas o lo que aporten los patrocinadores privados. El proyecto, si bien ya tiene “apalabrada” la colaboración de alguna empresa, todavía no cuenta con ningún patrocinador privado en firme.</p> <p>Berástegui precisó las cuentas del proyecto a los periodistas tras la celebración del primer encuentro con un grupo de ciudadanos para explicarles algunas de las actividades programadas. Berástegui aclaró que los 47,8 millones dibujan el peor de los escenarios posibles en cuanto a la financiación del proyecto. “Siempre quisimos que San Sebastián 2016 no fuera un agujero económico. Buscamos alianzas dentro de la sociedad civil”, aseguró en referencia a los patrocinadores privados, “pero no podemos comprometer más gasto” de los ingresos que “podemos producir”.</p> 
</main_text>
</body>

</text>



