<?xml version="1.0" encoding="UTF-8"?>


<text>


<header><url>http://ccaa.elpais.com/ccaa/2015/04/07/catalunya/1428425062_729772.html</url><media>El_País</media><section>ccaa</section><date>2015/04/07</date><authors>El País Agencias</authors></header>


<body>
<title>
Barcelona limita la entrada de grupos de turistas en la Boqueria
</title>
<subtitle>
Los visitantes tienen prohibida la entrada los viernes y sábados por la mañana cuando van más de 15 personas juntas
</subtitle>
<main_text>
 <p>El Ayuntamiento de Barcelona ha puesto en marcha una regulación que limita el acceso a la Boqueria a grupos organizados de visitantes de 15 o más personas los viernes y sábados desde la apertura del mercado hasta las 15.00 horas. Durante el resto de las horas de apertura del mercado, los grupos dispondrán de acceso libre al recinto, ha informado este martes el consistorio en un comunicado.</p> <p>En caso de que un grupo de visitantes de 15 o más personas acceda al espacio en el horario restringido, los vigilantes de seguridad les informarán de la prohibición y los acompañarán al exterior.</p> <p>La medida responde a una petición que los comerciantes de la Boqueria formularon al Instituto de Mercados de Barcelona para solicitar que se regulara el acceso de grupos para evitar aglomeraciones.</p> <p>El objetivo de la limitación del acceso de los grupos es favorecer un correcto desarrollo de la actividad del mercado y evitar situaciones de colapso dentro del recinto.</p> 
</main_text>
</body>

</text>



