<?xml version="1.0" encoding="UTF-8"?>


<text>


<header><url>http://ccaa.elpais.com/ccaa/2015/03/06/paisvasco/1425663806_072529.html</url><media>El_País</media><section>ccaa</section><date>2015/03/06</date><authors>EFE</authors></header>


<body>
<title>
Llevan al fiscal la acusación de terroristas a víctimas del 3 marzo
</title>
<subtitle>
Las palabras fueron pronunciadas por un periodista en el programa 'El cascabel' de 13 TV
</subtitle>
<main_text>
 <p>La Asociación de Víctimas del 3 de Marzo va a poner en conocimiento de la Fiscalía y del delegado del Gobierno en el País Vasco las palabras de un contertulio de televisión que llamó terroristas a los cinco trabajadores muertos en una actuación policial el 3 de marzo de 1976 en Vitoria.</p> <p>En concreto las palabras las pronunció el periodista Carlos Cuesta en el programa <em>El cascabel</em> de 13 TV, del pasado martes, cuando dijo que los cinco trabajadores muertos por disparos de la policía tras participar en una asamblea laboral eran terroristas que tenían intención de matar a otra gente.</p> <p>La asociación, en un comunicado, ha dado a conocer que comunicarán a la Fiscalía y al delegado del Gobierno, Carlos Urquijo, estas palabras para que actúen de oficio y anuncia que si no lo hacen presentarán una denuncia en el juzgado de guardia.</p> <p>A su juicio, esta ignominia es constitutiva de un grave delito por injurias y calumnias, además de un desprecio y ataque al recuerdo y el honor de los trabajadores asesinados y en consecuencia a los valores, derechos y libertades por los que luchaban.</p> <p>No vamos a permitir estas difamaciones e insultos, que no quedarán sin respuesta, advierten.</p> <p>A la vista de la premura con la que han actuado la Fiscalía y la Delegación del Gobierno, en especial este último, contra actos que presuntamente podían suponer la humillación de víctimas en otras ocasiones, la asociación explica que pondrá este caso en su conocimiento para verificar dicha diligencia y que procedan de igual manera.</p> <p>De no ser así, nuevamente se pondrá en evidencia el papel que juegan en la impunidad, el trato arbitrario y la discriminación de víctimas en función del origen del victimario, concluye.</p> 
</main_text>
</body>

</text>



