<?xml version="1.0" encoding="UTF-8"?>


<text>


<header><url>http://ccaa.elpais.com/ccaa/2015/04/07/catalunya/1428414698_266206.html</url><media>El_País</media><section>ccaa</section><date>2015/04/07</date><authors>EP</authors></header>


<body>
<title>
20 años de prisión para la parricida del Carmel por ahogar a sus dos hijos
</title>
<subtitle>
La condenada los sumergió en la bañera bajo los efectos de la benzodiazepina
</subtitle>
<main_text>
 <p>La Audiencia de Barcelona ha condenado a 20 años de prisión a Rina M.S. por asesinar a sus dos hijos de 11 y 9 años ahogándoles en la bañera de su casa, en el barrio del Carmel, tras suministrarles sedantes. Ella misma reconoció los hechos en el juicio por jurado.</p> <p>En la sentencia, recogida por Europa Press, la Audiencia considera probado que el 7 de abril de 2013, hace justo dos años, una vez los menores se hallaron bajo los efectos de la ingesta del fármaco, benzodiazepina, la acusada los sumergió uno tras otro en medio líquido, en la bañera, hasta provocar su insuficiencia respiratoria.</p> <p>La Fiscalía, la acusación particular y la defensa de la acusada habían alcanzado un pacto de consenso para pedir una pena de 10 años de prisión por cada delito de asesinato con alevosía. Y se consideran eximentes la confesión tardía de los hechos y de alteración psíquica.</p> 
</main_text>
</body>

</text>



