<?xml version="1.0" encoding="UTF-8"?>


<text>


<header><url>http://ccaa.elpais.com/ccaa/2015/10/07/catalunya/1444221736_287105.html</url><media>El_País</media><section>ccaa</section><date>2015/10/07</date><authors>Dani Cordero</authors></header>


<body>
<title>
El Tribunal Constitucional suspende dos leyes sobre comercio catalán
</title>
<subtitle>
El alto tribunal admite los recursos presentados contra las normas de la Generalitat
</subtitle>
<main_text>
 <p>El Tribunal Constitucional ha admitido a trámite los recursos del Gobierno central a la Ley de Equipamientos Comerciales y el decreto del Código de Consumo aprobados por la Generalitat en diciembre del año pasado. Con esa decisión, ambas normas quedan suspendidas de forma cautelar.</p> <p>En el caso del Código de Consumo, el Gobierno recurrió los artículos con los que el Gobierno catalán preveía luchar contra la pobreza energética y en los que define qué ciudadanos deben considerarse dentro de esa categoría para beneficiarse de las ayudas habilitadas por la Generalitat, básicamente el derecho a aplazar el pago de los recibos durante los meses de invierno. Con el decreto de 2014 la Generalitat intentaba sortear el recurso a otra ley aprobada con el mismo objetivo.</p>   <p>Asimismo, otro artículo recurrido se refiere a la ejecución hipotecaria de aquellas personas que no pueden afrontar el pago de las cuotas de la hipoteca. La Generalitat, en el artículo 8 del Código de Consumo, abría la posibilidad de buscar una resolución extrajudicial para agilizar los procesos y facilitar las soluciones a personas hipotecadas sin recursos. Asimismo, en otro artículo definía qué se podía considerar una cláusula abusiva en una hipoteca e impedía que los bancos fijaran unos tipos de interés superiores a tres veces el precio legal del dinero en casos de demora.</p> <p>Respecto a la Ley de Equipamientos Comerciales, la suspensión del decreto aprobado el 23 de diciembre del año pasado afecta a la decisión del Gobierno catalán de poner fin a una excepción que permitía construir centros comerciales fuera de tramas urbanas. Esa medida ha permitido la aprobación, por ejemplo, de un gran centro outlet en Viladecans.</p> <p>Según el consejero de Empresa, al paralizar estas dos leyes, el Gobierno pone trabas a las medidas que el Gobierno catalán implanta para ayudar a aquellas personas víctimas de pobreza energética o a aquellas personas que pueden sufrir un desahucio. El Ejecutivo pedirá al Constitucional que levante la suspensión.</p> 
</main_text>
</body>

</text>



