<?xml version="1.0" encoding="UTF-8"?>


<text>


<header><url>http://ccaa.elpais.com/ccaa/2015/09/07/catalunya/1441624478_767099.html</url><media>El_País</media><section>ccaa</section><date>2015/09/07</date><authors>Ana González Liste</authors></header>


<body>
<title>
Albiol reclama a la Junta Electoral que TV-3 no retransmita la Diada
</title>
<subtitle>
El candidato del PP catalán promete un nuevo modelo de financiación para Cataluña
</subtitle>
<main_text>
 <p>Xavier García Albiol, candidato de los populares catalanes a la Generalitat, ha anunciado este lunes que su partido ha presentado un recurso ante la Junta Electoral reclamando que TV-3 suspenda la retransmisión en directo de la marcha de la Diada. El 11-S ha dejado de ser de todos los catalanes para ser un acto de partido —de la lista independentista Junts pel Sí—, ha dicho. Albiol ha asegurado que poseen pruebas escritas que evidencian que la Asamblea Nacional Catalana (ANC) estaría dando instrucciones por escrito a la cadena de cómo cubrir el acto de la Diada, a quién entrevistar, cuánto tiene que durar la entrevista y dónde colocar las cámaras.</p>   <p>El candidato del PP catalán ha expresado que estos hechos son de una gravedad importantísima y que sería inconcebible plantear cinco o seis horas de retransmisión con el criterio de una asociación que forma parte de una candidatura. El partido ha presentado el recurso en la Junta Electoral de zona porque entiende que si TV-3 tiene que participar en el seguimiento de un acto político lo tiene que hacer en los bloques políticos destinados a la campaña. El recurso se debe resolver en un máximo de tres días y es recurrible ante la Junta Electoral Central.</p> <p>Albiol considera que la ANC humilla a los trabajadores de TV-3 y se ha preguntado ¿quién es la ANC para decirle a los profesionales cómo hacer su trabajo?. Para el popular ésta es una muestra más del descaro que exhiben Artur Mas y sus socios a la hora de utilizar los recursos públicos. Ponen a la televisión de Cataluña al mismo nivel que la televisión nacional de Venezuela. Esto es una vergüenza y solo pasa en países como Venezuela, ha añadido.</p> <p>El popular ha instado al presidente de la Generalitat, Artur Mas, y a su consejero de presidencia, Francesc Homs, a salir y dar explicaciones sobre lo que está ocurriendo en TV-3, tras lo que considera una clara manipulación por parte de la ANC. Albiol ha presentado esta mañana su cartel para el 27-S y el lema de su campaña: Unidos ganaremos. Plantemos Cara. Un eslogan que se entiende perfectamente y que pone de manifiesto que su formación tiene las ideas claras. El candidato ha manifestado que aquellos que quieren romper Cataluña del resto de España pueden ganar de dos formas estos comicios: si los suyos van a votar y si los demás nos quedamos en casa. Ahí está el secreto: ir a votar como van a hacer aquellos que quieren romper con todo, ha aseverado.</p> <p>Albiol ha anunciado que en el programa de los populares catalanes se incluirá un nuevo modelo de financiación para Cataluña con mecanismos para garantizar que el dinero público no pueda ser utilizado para crear estructuras de Estado, como las embajadas, sino que sea dedicado a los servicios sociales, a crear carreteras, a nuevos hospitales y guarderías. Albiol ha criticado a los socialistas y ha lamentado que no tengan las ideas claras. El PSC dice una cosa, el PSOE otra y después Susana Díaz dice otra distinta, ha opinado. El popular se ha mostrado abierto a una reforma de la Constitución que garantice los derechos de todos pero ha señalado que para llevar a cabo esta modificación es preciso que exista un clima de lealtad y respeto a las instituciones.</p> <p>El cabeza de lista del PP catalán ha celebrado las últimas encuestas electorales porque, según sus palabras, apuntan a que su formación será la segunda fuerza política el 27-S. Las encuestas señalan una subida del PP y esta línea ascendente provoca que iniciemos la campaña con unos ánimos muy elevados, ha reconocido. Hay partido, ha bromeado Albiol.</p> 
</main_text>
</body>

</text>



