<?xml version="1.0" encoding="UTF-8"?>


<text>


<header><url>http://ccaa.elpais.com/ccaa/2015/04/07/valencia/1428406643_052758.html</url><media>El_País</media><section>ccaa</section><date>2015/04/07</date><authors>EFE</authors></header>


<body>
<title>
La Audiencia de Valencia reanudará el juicio por blanqueo en el ‘caso Emarsa’
</title>
<subtitle>
Descarta el recurso de Carlos Crespo y se declara competente para juzgarlo
</subtitle>
<main_text>
 <p>La Audiencia Provincial de Valencia se ha declarado competente para juzgar al hermano del expresidente de Emarsa, Carlos Crespo, por blanqueo de capitales, de forma que rechaza enviar esta pieza separada del conocido como Caso Emarsa a la Audiencia Nacional.</p> <p>Según ha informado el Tribunal Superior de Justicia de la Comunidad Valenciana, el juicio se reanudará (empezó el pasado 27 de marzo) el próximo 22 de mayo en la sección tercera de la Audiencia de Valencia.</p> <p>En la primera sesión del juicio, dedicada a cuestiones previas, la Fiscalía y la defensa de Carlos Crespo, hermano del expresidente de Emarsa y exvicepresidente de la Diputación, Enrique Crespo, solicitaron, contra el criterio de la Abogacía de la Generalitat y la Emshi, que la pieza del caso Emarsa por blanqueo fuese juzgada por la Audiencia Nacional.</p> <p>En fase de instrucción se concluyó que Carlos Crespo ocultó en lugar ignorado en España dinero de su hermano Enrique proveniente de hechos penalmente relevantes entre 2004 y 2008, e incluso aquél transportó personalmente parte del dinero a Andorra en 2007.</p> <p>Así, el Ministerio Público defendió que fue en Andorra donde se cambió la titularidad del dinero y donde éste, propiedad de Enrique Crespo y obtenido de forma delictiva, regresó al tráfico mercantil. Frente a esta posición se pronunciaron tanto el abogado de la Generalitat como la de la EMSHI, que defendieron la competencia de la Audiencia Provincial por considerar que el delito de incorporación patrimonial de los fondos que Carlos recibió de Enrique Crespo se consumó de forma progresiva en Valencia.</p> 
</main_text>
</body>

</text>



