<?xml version="1.0" encoding="UTF-8"?>


<text>


<header><url>http://ccaa.elpais.com/ccaa/2015/04/07/valencia/1428425555_765731.html</url><media>El_País</media><section>ccaa</section><date>2015/04/07</date><authors>Lorena Ortega</authors></header>


<body>
<title>
El fiscal lleva al juzgado una denuncia por delitos en la planta de Cervera
</title>
<subtitle>
Gecen denunció irregularidades en esta planta de valorización de residuos
</subtitle>
<main_text>
 <p>La Fiscalía de Castellón ha trasladado a un juzgado de Vinaròs una denuncia por posibles delitos contra los recursos naturales y el medio ambiente por irregularidades en la planta de valorización de Cervera inaugurada en 2012. El fiscal jefe de Castellón, José Luis Cuesta, da traslado de la causa en un decreto en el que constata que la información vertida en la denuncia realizada por el grupo ecologista Gecen es “suficiente” para tipificar los hechos denunciados como posibles delitos de los artículos 325, 326, 328 y 329 del Código Penal.</p> <p>Esta asociación denunció en agosto del año pasado lo que consideró “graves irregularidades” en la planta. La denuncia iba dirigida contra quienes son los responsables del Plan Zonal C1 de esta planta, así como las empresas encargadas de su explotación. Gecen trasladó al fiscal que en Cervera “se están cometiendo graves irregularidades que afectan a los hábitats, biodiversidad y salud pública, por no utilizar valorización y un reciclado adecuados, produciendo contaminación del subsuelo”. La denuncia iba acompañada con fotos para reflejar que no se estaría realizando un debido reciclaje de los residuos.</p> <p>Según Gecen, se incumple la Ley 10/2000, de 12 de diciembre, de Residuos de la Comunidad Valenciana, la Ley 22/2011, de 28 de julio, de residuos y suelos contaminados,y la Directiva 2008/98/CE del Parlamento Europeo y del Consejo, de 19 de noviembre de 2008, sobre los residuos y por la que se derogan determinadas Directivas.</p> <p>El colectivo recuerda que la planta está dada de alta en la Generalitat Valenciana como instalación de valorización para la recuperación de materiales reciclables y un tratamiento de bioestabilización de las fracciones de rechazo. Así, el rechazo en forma de balas deben llevarse a un vertedero autorizado y cercano, “no pudiendo éste funcionar como un mero vertedero de balas”. Un extremo que, según la denuncia que ahora la Fiscalía –tras su investigación– traslada al juzgado, no se estaría cumpliendo. “En las instalaciones de Cervera del Maestre se están embalando todos los restos que llegan procedentes del Plan Zonal C1 y se están enterrando con tierra, no cumpliendo con su cometido de instalación ni con las leyes anteriormente citadas”, recoge el escrito del Gecen.</p> 
</main_text>
</body>

</text>



