<?xml version="1.0" encoding="UTF-8"?>


<text>


<header><url>http://ccaa.elpais.com/ccaa/2015/07/07/catalunya/1436277772_097627.html</url><media>El_País</media><section>ccaa</section><date>2015/07/07</date><authors>EP</authors></header>


<body>
<title>
Pascual Sala se incorpora al bufete que defiende a la infanta Cristina
</title>
<subtitle>
Roca Junyent ficha al expresidente del Constitucional para liderar las áreas de arbitraje y contencioso-administrativa
</subtitle>
<main_text>
 <p>El bufete de abogados Roca Junyent --que se ocupa de la defensa de la infanta Cristina en el <em>caso Noos</em>-- ha incorporado al expresidente del Tribunal Constitucional Pascual Sala como socio consultor del despacho, en el que liderará el área de arbitraje desde la oficina de Madrid. El también expresidente del Tribunal Supremo reforzará el departamento de procesal del bufete, y en concreto, el área contencioso-administrativa de la firma.</p> <p>Según indica el despacho en una nota de prensa, con este fichaje continúa con su apuesta por la atracción de talento al más alto nivel y se consolida como uno de las firmas de referencia a nivel nacional. Sala asumirá asimismo la representación del despacho en foros jurídicos nacionales e internacionales, y aportará sus conocimientos para impulsar la formación interna de todos los miembros de las oficinas de Roca Junyent.</p> <p>El presidente del bufete, Miquel Roca, ha querido dar una afectuosa bienvenida a Pascual Sala, uno de los juristas españoles más destacados y con una de las trayectorias más reconocidas en nuestro país. Roca destaca la larga trayectoria del expresidente del Tribunal Supremo y del Tribunal Constitucional, así como otras de las más importantes instituciones jurídicas del país, y sus profundos conocimientos, que serán de gran valor para todos y cada uno de los miembros de nuestro despacho.</p> <p>Entre los objetivos de la firma, se prevé equilibrar prácticamente el peso de sus oficinas de Madrid y Barcelona en los próximos cinco años y aumentar notablemente su actividad internacional para poder acompañar mejor a los clientes con intereses fuera de España.</p> <p>Pascual Sala es Doctor <em>honoris causa</em> por la Universidad de Valencia, y durante su extensa carrera ha ostentado los cargos de más relevancia a nivel jurídico en España. Sala fue Magistrado del Tribunal Supremo, Presidente del Tribunal de Cuentas (1988-1990), Presidente del Consejo General del Poder Judicial y del Tribunal Supremo (1990-1996) y Presidente del Tribunal Constitucional (2011-2013). Entre otros muchos reconocimientos, está en posesión de la Medalla al Mérito Constitucional; la Gran Cruz de San Raimundo de Peñafort y la Gran Cruz de la Orden de Carlos III.</p> 
</main_text>
</body>

</text>



