<?xml version="1.0" encoding="UTF-8"?>


<text>


<header><url>http://ccaa.elpais.com/ccaa/2015/03/06/valencia/1425658256_568682.html</url><media>El_País</media><section>ccaa</section><date>2015/03/06</date><authors>Ignacio Zafra</authors></header>


<body>
<title>
Cárcel por amenazar al exnovio de su hija para que no se acercara a ella
</title>
<subtitle>
La mujer se introdujo en casa de la expareja y lo amenzó con una pistola de 1920
</subtitle>
<main_text>
 <p>La Audiencia de Valencia ha condenado a dos años de cárcel a una mujer por haberse introducido en casa del exnovio de su hija y haberlo amenazado con que lo mataría si volvía a acercarse a ella. La sentencia se ha dictado por conformidad de las partes. La mujer ha sido condenada a un año de prisión por amenazas y a otro por allanamiento de morada.</p> <p>Los hechos probados de la sentencia señalan que, a mediados de abril de 2012, la condenada entró en casa de la expareja de su hija armada con una pistola fabricada en 1920 que no estaba en condiciones de ser disparada. La mujer accedió al piso utilizando una llave respecto a la cual se ignora cómo la obtuvo. Una vez dentro, se dirigió al exnovio y agarrándole de un testículo y poniéndole en el cuello la pistola le dijo que si volvía a acercarse a su hija le mataría.</p> <p>La mujer también atemorizó a la mujer que entonces convivía con el exnovio de su hija. Poniéndole la mentada pistola en la sien, establece el fallo, le recriminó el hecho de que viviera en el mismo domicilio que el hombre.</p> <p>El caso iba a ser visto por un jurado, pero el acuerdo de conformidad de las partes ha hecho innecesario el juicio. La condenada no tenía antecedentes penales y se encontraba en situación de libertad provisional por este procedimiento. Al haber sido sentenciada a dos años, es posible que no entre en prisión. Contra el fallo no cabe recurso.</p> 
</main_text>
</body>

</text>



