<?xml version="1.0" encoding="UTF-8"?>


<text>


<header><url>http://ccaa.elpais.com/ccaa/2015/04/07/paisvasco/1428407113_759988.html</url><media>El_País</media><section>ccaa</section><date>2015/04/07</date><authors>El País</authors></header>


<body>
<title>
Urkullu mantiene la previsión de aumento del empleo
</title>
<subtitle>
El lehendakari admite que los datos son malos pero pronostica una tendencia segura de recuperación
</subtitle>
<main_text>
 <p>El lehendakari, Iñigo Urkullu, ha considerado este martes que es innegable que los datos del paro en Euskadi en marzo son malos, pero ha destacado que el Gobierno vasco mantiene sus previsiones de que el empleo seguirá creciendo por segundo año consecutivo.</p> <p>Pese a la subida del desempleo, Urkullu ha dicho que mira al futuro con una sonrisa, porque el camino va a ser lento (hacia la recuperación), pero va a ser seguro tras los años difíciles vividos. Por ello, ha insistido en que Euskadi mantiene una tendencia positiva y esperanzadora, como lo demuestra el hecho de que hoy hay más gente con trabajo en Euskadi que en 2014.</p> <p>En una rueda de prensa celebrada en Busturia, donde ha comparecido para presentar las conclusiones de la asamblea 2015 de la Eurorregión Aquitania-Euskadi, Urkullu se ha referido así a los últimos datos del desempleo, que registran una subida de 510 personas en marzo y convierten al País Vasco en la única comunidad donde el paro sigue al alza.</p> <p>El lehendakari ha remarcado que, al comparar los datos interanuales del desempleo de marzo con los del año pasado, hay en Euskadi 6.700 parados menos.</p> <p>Además, ha explicado que las estadísticas pueden verse influidas por el hecho de que el sistema vasco de prestaciones sociales exige que los perceptores estén dados de alta en Lanbide, lo que otras comunidades no requieren. Por ello, ha abogado por mirar con perspectiva los datos del paro, desde la óptica de las características del tejido económico productivo de Euskadi.</p> <p>También ha recordado que es preciso tener en cuenta que la economía crece y que el reto fijado por el Gobierno vasco se orienta a que los datos macroeconómicos tengan también un reflejo en la economía real de los ciudadanos.</p> 
</main_text>
</body>

</text>



