<?xml version="1.0" encoding="UTF-8"?>


<text>


<header><url>http://ccaa.elpais.com/ccaa/2015/08/07/valencia/1438953175_598983.html</url><media>El_País</media><section>ccaa</secion><date>2015/08/07</date><authors>El País</authors></header>


<body>
<title>
69 bañistas atendidos con síntomas de ahogamiento, de los que 16 fallecieron
</title>
<subtitle>
La Consejería de Sanidad hace balance de los casos desde el pasado 20 de junio El pasado verano murieron en aguas valencianas 33 personas, dos de ellas menores
</subtitle>
<main_text>
 <p>Los servicios de emergencias sanitarias de la Consejería de Sanidad Universal y Salud Pública han atendido desde el pasado 20 de junio a un total de 69 personas con síntomas de ahogamiento en playas, piscinas, balsas y ríos de la Comunidad, 16 de las cuales fallecieron. Uno de ellos era menor de edad.</p> <p>De todos los casos, 53 de las personas atendidas fueron trasladadas a centros sanitarios, mientras que por provincias, el mayor número de asistencias se ha contabilizado en la de Alicante, con 34 casos y cuatro fallecidos.</p> <p>En la provincia de Valencia se han realizado 19 atenciones a personas con síntomas de ahogamiento, de los que 7 han fallecido, mientras que en Castellón se asistió a 16 personas y ha habido 5 fallecimientos.</p> <p>La Consejería, a través de los centros de Información y Coordinación de Urgencias (CICU) de la Comunidad, recomienda extremar las precauciones para poder disfrutar del baño y de los deportes acuáticos de forma segura, y evitar situaciones que pongan en riesgo la salud de los bañistas.</p> <p>Entre los consejos básicos, destacan respetar las digestiones, no consumir alcohol, seguir las recomendaciones de las banderas en la playa, y elegir lugares seguros para bañarse, a poder ser, que estén vigilados por socorristas.</p> <p>Del mismo modo, recuerda que no hay que descuidar la vigilancia de los menores dentro del agua ni alrededor de playas y piscinas puesto que los ahogamientos suponen la segunda causa de muerte en menores de edad.</p> <p>Por ello, aconseja adaptar las medidas de precaución en función de los años del menor, y no bajar la guardia en ningún momento para evitar consecuencias no deseadas.</p> <p>Desde el inicio del verano, los Servicios de Emergencias Sanitarias de la Comunitat han atendido a 14 menores con síntomas de ahogamiento en playas y piscinas, de los cuales uno ha fallecido.</p> <p>Otro colectivo vulnerable son las personas de edad avanzada que deben evitar sobreesfuerzos, ya que un infarto, una subida de tensión o un mareo se agravan dentro del agua y la capacidad de reacción disminuye.</p> <p>La Generalitat recuerda asimismo que el pasado verano fallecieron en la Comunitat Valenciana 33 personas (2 de ellas menores de edad) por ahogamiento y otras 38 necesitaron ser atendidas en un centro sanitario</p> 
</main_text>
</body>

</text>



