<?xml version="1.0" encoding="UTF-8"?>


<text>


<header><url>http://ccaa.elpais.com/ccaa/2015/03/06/paisvasco/1425644882_611556.html</url><media>El_País</media><section>ccaa</section><date>2015/03/06</date><authors>El País</authors></header>


<body>
<title>
El Parlamento reprocha a Urquijo su “ofensiva contra” el euskera
</title>
<subtitle>
PNV y EH Bildu sacan adelante una propuesta que respalda a los ayuntamientos que redactan sus actas solo en euskera
</subtitle>
<main_text>
 <p>El Parlamento Vasco ha reclamado hoy al delegado del Gobierno en Euskadi, Carlos Urquijo, que respete el euskera y varios de sus miembros han reprochado su campaña en contra del idioma para a continuación respaldar que los ayuntamientos que así lo deseen redacten y envíen sus actas sólo en euskera. EH Bildu y PNV han sacado adelante un acuerdo en el que resaltan que las actas en euskera tienen valor legal pleno en todos los territorios donde el euskera es oficial. El portavoz de la izquierda abertzale, Xabier Isasi ha coincidido con el PNV en rechazar la grave ofensiva que Urquijo está lanzando en contra del euskera, sobre todo en las corporaciones locales más pequeñas, en las que muchas veces no tienen recursos para traducir al castellano.</p> <p>Ambos partidos han hecho valer su mayoría en la Cámara de Vitoria para respaldar la actuación de los ayuntamientos que redactan y envían sus actas sólo en euskera porque tal y como ha argumentado la parlamentaria del PNV Garbiñe Mendizabal el euskera es lengua oficial sin necesitar de tener el acompañamiento del castellano. PSE, PP y UPyD han rechazado el texto, que ratifica que los documentos redactados en euskera tienen valor legal pleno para toda la Administración Pública vasca, incluida la administración periférica del Estado, en referencia a la delegación del Gobierno en Euskadi.</p> 
</main_text>
</body>

</text>



