<?xml version="1.0" encoding="UTF-8"?>


<text>


<header><url>http://ccaa.elpais.com/ccaa/2015/01/07/paisvasco/1420634452_103986.html</url><media>El_País</media><section>ccaa</section><date>2015/01/07</date><authors>El País</authors></header>


<body>
<title>  Comerciantes de Bilbao: “Las rebajas entre bien y muy bien”</title>
<main_text>
   <p>Las rebajas han empezado hoy entre bien y muy bien, según ha señalado el gerente de la Asociación de Comerciantes del Casco Viejo, Jon Aldeiturriaga, una alegría tras una Navidad en la que las ventas han ido mucho mejor que en años anteriores. Las tiendas y las calles bilbaínas están muy animadas -y soleadas, lo que ayuda- esta mañana, algo que ha destacado Aldeiturriaga, ya que normalmente no es hasta la tarde del primer día de rebajas cuando se producen las aglomeraciones.</p> <p>Hay mucho trasiego, se ve gente y bolsas. Las tiendas están llenas, ha comentado. Esta mañana en las puertas del Corte Inglés de Bilbao, el lugar símbolo de la apertura de las rebajas, ha habido unas cincuenta personas esperando a que abrieran, aunque lejos de los tumultos de hace unos años. La compra este año parece que es sostenida: Aldeiturriaga ha destacado que, tras la buena campaña de Navidad, anteayer lunes día 5, puente, hubo mucha compra. Otros años, al coincidir con la cabalgata de Reyes, el día 5 no había tantas ventas, pero este año la tarde del lunes Bilbao estaba colapsada de gente y de compras. Muchas tiendas ayudaron con un adelanto de los descuentos. Hoy ha seguido la buena tónica de ventas.</p>  <p>El gerente de los comerciantes ha explicado que es muy positivo el que hoy, día 7, caiga en miércoles, porque así hay días hasta el fin de semana y espera culminar con un sábado muy potente, aunque nunca se sabe, otros años empiezan muy fuerte y para el sábado baja un poco, Pero parece que hay ganas. Las tiendas han empezado hoy con unos descuentos mayoritarios del 30%, aunque hay variedad: las tiendas clásicas y de calidad han iniciado con un 20 por ciento de rebaja, mientras que las de ropa y calzado más moderno oscilan entre el 20 y el 50 por ciento. Tras pasar este próximo fin de semana grande, Aldeiturriaga espera que en unos diez días haya ya ofertas al 50 por ciento, pero claro, ya será lo que queda; si quieres algo igual no hay tu color o tu talla. Por ello, el consejo más importante que da Aldeiturriaga a los compradores es tener muy clara tu compra y hacerla en los primeros días.</p> <p>Algo similar a lo que ha recomendado la organización vasca de consumidores EKA-OCUV, para la que las rebajas son una buena ocasión para hacer una compra provechosa, pero con sentido común: fijarnos un presupuesto razonable y hacer una lista de compras (y ajustarnos a ellos), comprobar el descuento aplicado y la calidad en cada producto a adquirir. También han aconsejado controlar el pago con la tarjeta, con un límite de gasto, ya que con este sistema el comprador es menos consciente del gasto que hace que pagando con dinero en efectivo. Además, recomienda, preguntar por la posibilidad de cambiar o devolver el producto y conservar el ticket o justificante de compra para poder reclamar en caso de que el producto presente defectos o no funcione correctamente.</p> 
</main_text>
</body>

</text>




