<?xml version="1.0" encoding="UTF-8"?>


<text>


<header><url>http://ccaa.elpais.com/ccaa/2015/01/07/galicia/1420650786_848201.html</url><media>El_País</media><section>ccaa</section><date>2015/01/07</date><authors>  EP</authors></header>


<body>
<title>  El PSOE exige a Príncipe que “se calle y se marche con dignidad”</title>
<subtitle>  "Alguien que insulta e inuria no puede estar en el partido", afirma el 'número dos' socialista</subtitle>
<main_text>
   <p>El secretario de Organización del PSOE, César Luena, ha defendido este miércoles que el exalcalde de Vigo Carlos González Príncipe, expulsado por haber hecho declaraciones de contenido injurioso contra el partido, lo mejor que puede hacer es callarse y marcharse con dignidad. Así lo ha señalado el 'número dos' de los socialistas en una rueda de prensa en Ferraz, tras la reunión de la Comisión Ejecutiva Federal, cuando se le ha preguntado si se habían recibido alegaciones de Príncipe contra la decisión de la dirección.</p> <p>Luena ha recalcado que alguien que insulta e injuria al PSOE o a sus miembros no puede formar parte de la formación. Por eso, ha remachado, ahora lo mejor que puede hacer es callarse y marcharse. La Ejecutiva Federal ha decidido expulsar a Príncipe al considerar probado que realizó declaraciones destinadas a dañar la imagen de la organización como institución y de sus cargos públicos y orgánicos. Así, tiene en cuenta no solo su contenido injurioso, sino que se produjeron con notoria difusión pública, dada su participación en distintos medios de comunicación. Al respecto, el exregidor vigués ha anunciado que recurrirá esta decisión.</p> <p>El partido abrió un expediente disciplinario a Príncipe en 2011, le suspendió de militancia en 2012 e inició un segundo expediente en 2013 a raíz de denuncias públicas de este sobre una supuesta red de enchufes en planes municipales y en contrataciones del ayuntamiento, de la que acusa al actual alcalde, el también socialista Abel Caballero.</p> 
</main_text>
</body>

</text>



