<?xml version="1.0" encoding="UTF-8"?>


<text>


<header><url>http://ccaa.elpais.com/ccaa/2015/05/07/paisvasco/1430996944_688118.html</url><media>El_País</media><section>ccaa</section><date>2015/05/07</date><authors>Juan Mari Gastaca</authors></header>


<body>
<title>
El PP resiste en Vitoria
</title>
<subtitle>
El alcalde Maroto pierde un escaño y solo un acuerdo entre Bildu, PNV y PSE le arreebataría el cargo
</subtitle>
<main_text>
 <p>El PP ganará las elecciones municipales en el Ayuntamiento de Vitoria el 24 de mayo, según refleja la encuesta del CIS. Su actual alcalde y candidato a la reelección, Javier Maroto, apenas sufre la erosión de la marca de su partido a nivel estatal ni por su gestión ya que solo cedería uno de los nueve concejales de que ahora dispone.</p> <p>Convertida en primera fuerza, el PP obliga a EH Bildu, PNV y PSE-EE a promover un complicado acuerdo de mayoría absoluta para arrebatarle la alcaldía. Los dos partidos nacionalistas prolongan su igualdad de fuerzas con 5 concejales cada uno, mientras los socialistas sufre el castigo de su crisis interna y de la irrupción de candidaturas independientes, una de ellas con el respaldo de Podemos que se convierte en cuarta fuerza.</p>  <p>Los populares sienten la presencia de Ciudadanos que llega hasta un 3,3% de los votos, insuficiente sin embargo para entrar por primera vez en la Corporación. No obstante, este respaldo - triplica el obtenido en las pasadas europeas- le dará al menos dos escaños en las Juntas Generales de Álava, el parlamento foral de este territorio.</p> <p>En la pugna entre EH Bildu y PNV, apenas una décima les diferencia en favor de la coalición abertzale, aunque en ambos casos obtienen respaldos inferiores a hace cuatro años. Esta pugna sin revolver en Vitoria mantiene la incógnita sobre su suerte en la carrera electoral por la Diputación de Álava, auténtico objetivo de los nacionalistas.</p> <p>Los socialistas mantienen su declive. Segundos en las europeas y después de haber abandonado la alcaldía de Vitoria en 2011 en favor del PP, sufren especialmente la irrupción de Irabazi (7 %), lista auspiciada por Ezker Anitza-IU y Equo y que tiene el respaldo expreso de Podemos. Esta nueva opción se convierte en la quinta fuerza y dispondrá de tres concejales a partir del 24 de mayo. En cambio, Hemen Gaude, otra opción de candidatos sin asignación partidaria, consigue dos ediles con menos del 10% de votos.</p> 
</main_text>
</body>

</text>



