<?xml version="1.0" encoding="UTF-8"?>


<text>


<header><url>http://ccaa.elpais.com/ccaa/2015/03/06/valencia/1425660013_058005.html</url><media>El_País</media><section>ccaa</section><date>2015/03/06</date><authors>I. Z.</authors></header>


<body>
<title>
Confirmados 17 años de cárcel para un británico por matar a su inquilino
</title>
<subtitle>
El móvil del crimen fue, según la sentencia, que la víctima 10 meses sin pagar el alquiler
</subtitle>
<main_text>
 <p>El Tribunal Supremo ha confirmado la condena a 17 años de cárcel para un ciudadano británico por matar a su inquilino que solo le había pagado los dos primeros meses de alquiler de una vivienda ubicada en Algorfa (comarca de La Vega Baja) y le debía otros nueve.</p> <p>El alto tribunal ha rechazado el recurso presentado por el británico contra una sentencia de la Audiencia de Alicante que lo sentenció a 15 años por homicidio y a otros dos por allanamiento de morada. El condenado, según relata el fallo, alquiló su propiedad localizada en La Finca Golf de Algorfa, entre Orihuela y Torrevieja, a un ciudadano español por 675 euros al mes. El inquilino, sin embargo, solo abonó dos meses de renta y la fianza (2.025 euros) desde la celebración del contrato y hasta mayo de 2009.</p> <p>Con el fin de resolver el impago de la renta, el británico viajó desde su hogar en Reino Unido hasta el municipio alicantino. Hacia las 20.40 horas del 8 de mayo entró en la vivienda con un juego de llaves que conservaba, pero el inquilino no se encontraba en el inmueble. Llegó a las 4 de la madrugada, iniciándose entre ambos una discusión. El condenado lo golpeó y le asestó dos puñaladas que le causaron la muerte. Enterró el cadáver en una pinada de la Sierra Escalona, en el término municipal de Orihuela, donde fue hallado al cabo de dos semanas y, después de pasar unos días en casa de un amigo en Murcia, el homicida volvió a su país. Allí fue arrestado un año más tarde a través de una orden europea de detención.</p> 
</main_text>
</body>

</text>



