<?xml version="1.0" encoding="UTF-8"?>


<text>


<header><url>http://ccaa.elpais.com/ccaa/2015/10/07/catalunya/1444211547_848827.html</url><media>El_País</media><section>ccaa</section><date>2015/10/07</date><authors>Clara Blanchar</authors></header>


<body>
<title>
Un total de 26 empresas recurren la moratoria hotelera de Colau
</title>
<subtitle>
Fuentes del TSJC han asegurado que se "esperan muchas más" y que ya han admitido recursos de proyectos de hotel, como el de Núñez i Navarro, hostales y albergues
</subtitle>
<main_text>
 <p>Un total de 26 empresas han presentado recursos contencioso-administrativos ante el Tribunal Superior de Justicia de Cataluña (TSJC) contra la moratoria a la concesión de licencias de alojamientos turísticos que decretó el pasado mes de julio el Ayuntamiento de Barcelona. Son recursos presentados por empresas promotoras de proyectos hoteleros, pero también de hostales o albergues, según fuentes judiciales. Son recursos contra la moratoria en sí misma, y también contra las afectaciones que esta pueda tener sobre cada promotor. Según fuentes judiciales, se esperan muchos más recursos en los próximos días.</p>   <p>Entre las firmas promotoras figura la inmobiliaria Núñez i Navarro, que lo presentó en septiembre a través de la sociedad Josel, ha informado este miércoles el diario <em>Ara</em>. El texto ha sido admitido a trámite por la sala tercera de lo contencioso-administrativo del TSJC, que así lo ha hecho público a través del Diario Oficial de la Generalitat de Cataluña (DOGC). Por ahora la empresa no ha formulado ninguna demanda, precisan fuentes de Núñez i Navarro, que tiene varios proyectos en cartera.</p>   <p>El Ayuntamiento de Barcelona ha respondido a través de un portavoz que por ahora no entrarán a valorar demanda a demanda. Cuando acaben los plazos de presentación de recursos valoraremos los que haya en conjunto, ha añadido y no ha aclarado cuántos recursos se han presentado.</p> <p>El plazo de presentación de demandas tras la moratoria finalizaba este lunes pasado, pero en el caso de las empresas que tenían licencias en trámite las comunicaciones de afectación de la moratoria se enviaron en los días siguientes a decretarse. Es por ello que hay empresas que están presentando recursos esta misma semana. El Ayuntamiento calcula que el conjunto de recursos, si los hay, podrían acabar de presentarse en un plazo de entre diez y quince días.</p> <p>El consistorio que encabeza la alcaldesa Ada Colau acordó el pasado mes de julio suspender durante un máximo de un año la concesión de licencias de todo tipo de alojamientos turísticos, una moratoria que la oposición ha pedido que se levante parcialmente. El argumento de los grupos municipales es que hay zonas de la ciudad donde la carga turística es leve y que podrían abrirse establecimientos hoteleros.</p> <p>Pero el gobierno que capitanea la alcaldesa Ada Colau insiste en que el objetivo de la moratoria es abrir un proceso de reflexión sobre el modelo turístico de la ciudad. Su objetivo es aprobar, en el primer trimestre de 2016, una primera propuesta del Plan Especial de Regulación de Alojamientos Turísticos. El grupo municipal fue el primero en sostener, hace semanas, que habrá decenas de demandas contra el Ayuntamiento.</p> 
</main_text>
</body>

</text>



