<?xml version="1.0" encoding="UTF-8"?>


<text>


<header><url>http://ccaa.elpais.com/ccaa/2015/05/07/paisvasco/1431029354_558330.html</url><media>El_País</media><section>ccaa</section><date>2015/05/07</date><authors>Juan Mari Gastaca</authors></header>


<body>
<title>
Maroto, una isla entre PNV-Bildu
</title>
<subtitle>
La campaña arranca con la pretensión de disipar las dudas sobre quién gobernará las instituciones de Álava y Gipuzkoa Bizkaia, bastión nacionalista
</subtitle>
<main_text>
 <p>PNV y EH Bildu, por este orden, ganarán con holgura las próximas elecciones municipales y forales en Euskadi. Es la conclusión a la que en el inicio de la campaña llegan encuestas y partidos, incapaces todos ellos, sin embargo, de precisar quién gobernará en Álava y en Gipuzkoa. Son dos de los tres territorios —Bizkaia sigue siendo feudo del PNV desde que se instauró la democracia— sin favorito claro. En medio de este dominio identitario asoma como una isla la consolidada figura de Javier Maroto, reafirmada este jueves por la encuesta del CIS. Mientras, Podemos se asegura su entrada en la política institucional vasca por medio de un carrusel de distintas denominaciones y Ciudadanos espera rentabilizar con modestia el previsible desplome de PP y UPyD.</p> <h3>La inmigración decide en Álava</h3> <p>En Álava, el intencionado discurso del alcalde de Vitoria, Javier Maroto (PP), de cuestionar las ayudas sociales de la Renta de Garantía de Ingresos (RGI) a los inmigrantes bajo el alegato de que solo les sirve para “vivir sin trabajar” ha calado tan hondo a pie de calle que le convierte en máximo favorito al triunfo. La oposición — PNV, EH Bildu y PSE-EE— asiste incrédula a la progresiva aceptación popular de este lenguaje calificado de “xenófobo”, que apenas sufre como desgaste la pérdida de un concejal respecto a la actual legislatura, según el último sondeo. Incluso, no sería descabellado atribuir este caída al peso de la marca a nivel nacional y a la irrupción de Ciudadanos.</p> <p>Las movilizaciones y el hostigamiento dialéctico contra Maroto no ha cuajado. La plataforma Ayudas+Justas, creada en su entorno, ha validado con 41.000 firmas su reivindicación, algo más que un síntoma sobre el respaldo al controvertido discurso del alcalde de Vitoria que aflora un caldo de cultivo real</p> <p>Con estas perspectivas, Maroto salvaría el tipo del PP vasco en estas elecciones cuya tipología juega en su contra y mantendría una cuota de poder institucional en su territorio más proclive. Además, alentaría las complicadas posibilidades de su compañero Javier de Andrés, empeñado en mantener la Diputación de Álava frente a la fortaleza de PNV y EH Bildu.</p>   <p>Así las cosas, mientras ninguna encuesta compromete, de momento, la victoria del actual alcalde ni siquiera tras la aparición de Ciudadanos, los populares saben que la posibilidad de descabalgarle se antoja complicada porque obligaría a un enrevesado pacto a tres para llegar a la mayoría absoluta ante la igualdad de fuerzas.</p> <h3>La clave, en Gipuzkoa</h3> <p>PNV y EH Bildu se la juegan en Gipuzkoa. Los nacionalistas confían en recuperar la alcaldía de San Sebastián, ahora en manos <em>abertzales</em>, 25 años después del mandato de Ramón Labayen. Incluso, están decididos a evitar que EH Bildu siga gobernando la Diputación de Gipuzkoa en el supuesto de que perdieran por “un margen comprensible”. Hasta ahora, Joseba Egibar (PNV) ha desoído las insistentes llamadas de PSE y PP para formar una mayoría que descabalgue a la coalición soberanista. Pero el lehendakari Urkullu ya dio el primer paso el pasado mes de febrero al reclamar un acuerdo entre partidos que permitiera “otra forma de gobierno” en Gipuzkoa.</p> <p>No obstante, EH Bildu sigue fuerte en el territorio guipuzcoano, donde domina 59 de las 86 alcaldías. Los independentistas, que han situado de candidato a Xabier Olano — actual director foral de Hacienda— en lugar de Martin Garitano, asumen que solo una victoria holgada le permitiría seguir en el poder. Además, temen que la presencia de Podemos —el nuevo partido no se presenta, en cambio, por la alcaldía de San Sebastián— le reste votos en ese sector juvenil más preocupado por el sentimiento de clase que por el ardor identitario.</p> <p>Pero la irrupción con eco judicial y político del <em>caso Bidegi</em> ha abierto un escenario complicado para el PNV, que ha perdido por el camino el futuro apoyo del PP,</p> <h3>Podemos y Ciudadanos</h3> <p>La suerte de Podemos en las municipales vascas de mayo es una incógnita porque no acude con marca propia en ninguna de las tres capitales, limitándose a arropar algunas candidaturas promovidas por Ezker Batua (IU), Equo o Anticapitalistas. Más de un sociólogo admite que “la dispersión de nombres también provocará dispersión del voto” y advierten de que un resultado adverso sería atribuido, no obstante, a Podemos.</p> <p>Ciudadanos, sin embargo, ha configurado con inusitada rapidez un proceso de primarias para definir sus candidaturas en Bilbao, San Sebastián y Vitoria, donde roza las opciones para un concejal. Esta apuesta en Euskadi liderada por un nutrido grupo de exmilitantes y dirigentes de UPyD pretende ensancharse con la ola estatal mientras defienden sin pestañear, además de medidas contra la corrupción, un ideario basado en la negación del Concierto Económico y los privilegios de las Diputaciones forales.</p> <h3>Bizkaia, del PNV</h3> <p>En Bizkaia, el PNV zanja todas las dudas a su favor como viene ocurriendo en los sucesivos exámenes electorales. A pesar del riesgo que supondría para todo partido el cambio de cartel para la alcaldía de Bilbao — especialmente por la desaparición de Iñaki Azkuna— y la Diputación de Bizkaia, los nacionalistas tienen asegurada la continuidad en el poder. Y cuando necesiten el respaldo suficiente para disponer de la mayoría absoluta, allí estará el PSE-EE.</p> <p>Precisamente la diferencia de votos que se presupone en el territorio vizcaíno permitiría al PNV desnivelar la victoria a los puntos en número de votos en el supuesto de que la coalición abertzale mantenga su actual cuota de poder en Gipuzkoa, y de manera especial en la Diputación. Es evidente que EH Bildu, incluso con una significativa renovación interna en muchas de sus listas, sigue si recortar en por medio de una amenaza seria en las urnas la ventaja en este territorio del PNV más autonomista y refractario a recorridos soberanistas.</p> 
</main_text>
</body>

</text>



