<?xml version="1.0" encoding="UTF-8"?>


<text>


<header><url>http://ccaa.elpais.com/ccaa/2015/06/08/valencia/1433782531_565567.html</url><media>El_País</media><section>ccaa</section><date>2015/06/08</date><authors>El País</authors></header>


<body>
<title>
Aguas de Valencia busca innovadores
</title>
<subtitle>
La compañía organiza un encuentro de emprendedores con la red Pangea
</subtitle>
<main_text>
 <p>El Grupo Aguas de Valencia ha decidido apostar por la innovación y el próximo miércoles presentará un programa de aceleración empresarial a través del cual pretende encontrar los mejores proyectos emprendedores relacionados con el agua. En el proyecto participan, además del Grupo Aguas, el Instituto Empresa Business School, Impact Hub y la red global Pangea.</p> <p>La convocatoria, que tendrá lugar en el complejo cultural de Las Naves de Valencia, pretende reunir nuevos valores jóvenes alrededor del tema del agua para explorar nuevas soluciones a la gestión de este recurso básico. Para ello, la compañía ha buscado la colaboración del fundador de Pangea, Pablo González, que pese a su juventud tiene una amplia experiencia en encuentros de jóvenes emprendedores.</p> 
</main_text>
</body>

</text>



