<?xml version="1.0" encoding="UTF-8"?>


<text>


<header><url>http://ccaa.elpais.com/ccaa/2015/03/06/valencia/1425658630_884438.html</url><media>El_País</media><section>ccaa</section><date>2015/03/06</date><authors>Jaime Prats</authors></header>


<body>
<title>
El hospital de Llíria carece del equipamiento “más elemental”
</title>
<subtitle>
Simap-Intersindical denuncia que la apertura del centro ha sido "una farsa" ya que apenas está operativo
</subtitle>
<main_text>
 <p>El hospital de Llíria carece del equipamiento más elemental para empezar a funcionar tres días después de la inauguración del centro por parte del Ministro de Sanidad, Alfonso Alonso, y el presidente de la Generalitat, Alberto Fabra.</p>    <p>Sindicato de médicos de asistencia pública (SIMAP)- Intersindical se ha sumado este viernes a las críticas vertidas desde otras entidades por la premura con que se han abierto las instalaciones de Llíria, un estreno convertido en un acto propagandístico , con mucha fachada y nada de contenido por el interés del Partido Popular de inaugurar las instalaciones antes de que comience el periodo electoral.</p> <p>Según ha informado SIMAP-Intersindical en un comunicado,el estado actual del centro -del que han facilitado fotografías- pone en serias dudas que a final de mes esté totalmente operativo, tal y como se comprometió la Consejería de Sanidad el martes.</p> <p>El sindicato ha argumentado que los laboratorios y radiodiagnóstico están dotados con aparatos básicos que llegan a cubrir las necesidades de las urgencias aunque el TAC es inexistente, los quirófanos no están operativos, las plantas de hospitalización permanecen cerradas y las cajas de equipamiento se amontonan en los pasillos.</p> 
</main_text>
</body>

</text>



