<?xml version="1.0" encoding="UTF-8"?>


<text>


<header><url>http://ccaa.elpais.com/ccaa/2015/05/07/valencia/1431022914_151353.html</url><media>El_País</media><section>ccaa</section><date>2015/05/07</date><authors>Cristina Vázquez</authors></header>


<body>
<title>
“Me fue difícil entender la decisión del jurado sobre Camps”, dice Horrach
</title>
<subtitle>
El fiscal del 'caso Urdangarin' opina sobre el papel de los jurados en casos de corrupción Horrach aboga por informar del trabajo del ministerio público contra la corrupción
</subtitle>
<main_text>
 <p>De carácter afable, incisivo en los interrogatorios, vocacional y obseso del trabajo, el fiscal Anticorrupción de Baleares, Pedro Horrach, famoso por la instrucción del <em>caso Urdangarin</em>, ha hecho este jueves en Valencia un alegato firme sobre la necesidad de que la justicia sea más transparente. Abogo por potenciar los gabinetes de prensa [en la fiscalía] para evitar especulaciones y juicios paralelos, ha defendido en alusión, fundamentalmente, de los casos de corrupción. </p> <p>Los medios de comunicación han tenido un papel fundamental en la lucha contra la corrupción y creo, personalmente, que es importante favorecer la comunicación entre los órganos judiciales, la fiscalía y estos medios para que estas situaciones sean conocidas y valoradas por la ciudadanía, ha defendido el fiscal en una conferencia sobre <em>Procesos judiciales y medios de comunicación</em>, organizada por el Consejo Valenciano de Colegios de Abogados. </p> <p>Con más de 50 casos a sus espaldas, el fiscal mallorquín aseguró que no existen razones que justifiquen un cambio legal por las filtraciones que a veces se producen de los sumarios judiciales. No vulneran el derecho a un juicio justo, salvo que un juez dicte una sentencia injusta por la presión mediática. Confunden [los partidarios de endurecer la ley contra los autores] la filtración con el tratamiento mediático, ha subrayado. </p> <p>Horrach ha propuesto como antídoto de informaciones sesgadas sobre los casos judiciales en curso más transparencia porque consigue que se especule menos. Son pocos los casos en que una filtración haya puesto en peligro el buen fin de una investigación, ha subrayado a la vez que ha defendido el papel de los medios de comunicación.</p> <p>El fiscal ha recordado las presiones recibidas cuando redactó el escrito exculpatorio de la Infanta Cristina dentro del caso contra su esposo Iñaki Urdangarin por el Instituto Nóos. Las únicas palabras qie el Fiscal General del Estado, Torres-Dulce, me dirigió es que no estaba allí para ocultar nada ni proteger a nadie. </p> <p>Sobre el debate de si es acertado que los jurados sentencien sobre casos de corrupción, en los que hay imputados muchos políticos españoles, Horrach se ha mostrado a favor.Asumen la responsabilidad que conlleva y sentido común tienen todos, ha comentado.</p> <p>Preguntado, sin embargo, sobre el fallo del jurado que exculpó al expresidente de la Generalitat Francico Camps de un presunto delito de cohecho pasivo por el <em>caso de los Trajes,</em> el fiscal Anticorrupción de Baleares ha dicho rotundo: Como espectador externo, y a la vista de lo que se fue viendo en la vista, me fue difícil entender la decisión del jurado. <em><br /></em></p> 
</main_text>
</body>

</text>



