<?xml version="1.0" encoding="UTF-8"?>


<text>


<header><url>http://ccaa.elpais.com/ccaa/2015/03/06/paisvasco/1425676154_679998.html</url><media>El_País</media><section>ccaa</section><date>2015/03/06</date><authors>Pedro Gorospe</authors></header>


<body>
<title>
La Cámara censura a la izquierda ‘abertzale’ el uso “sectario” de la calle
</title>
<subtitle>
Todos los partidos critican con dureza el abuso público de iconografía etarra
</subtitle>
<main_text>
 <p>“La izquierda <em>abertzale</em> ha invadido siempre el espacio público como si solo le perteneciera a ella. Da vergüenza que no haya reconocido todavía que la calle es de todos. Es algo que no nos parece bien ni estéticamente ni éticamente”, dijo de forma suave la parlamentaria del PNV, María Eugenia Arrizabalaga. La versión más dura fue la que aportó el popular Borja Semper: “Lo que hacen es un signo de enfermedad y prepotencia”, y “no tenemos por qué soportar que el espacio público sea violentado por nadie, tampoco por ustedes”.</p> <p>En realidad todos los grupos hablaban de lo mismo, y todos mantuvieron en el pleno parlamentario que el uso que la izquierda <em>abertzale</em> hace de los espacios públicos en fiestas, calles y plazas, y manifestaciones, con la profusión de iconografía de todo tipo, incluidas las pancartas y fotografías de presos de ETA es “sectaria” y “poco plural”.</p>  <p>El caso es que la propuesta original de UPyD, que pedía al Gobierno que impida que se vuelvan a repetir ese tipo de exhibiciones a favor de los presos de ETA en el Día Grande de San Sebastián, acabó en el cubo de los papeles pese a contar con el apoyo del PP y del PSE. Sus votos no fueron suficientes, al votar en contra el PNV, que no quería embarcar al Gobierno en la misma política de <em>tolerancia cero</em> con esos hechos que impulsó el gabinete socialista de Patxi López de 2009 a 2012 en las fiestas patronales vascas. También se opuso, lógicamente, EH Bildu, para cuyos portavoces todo se limita a una muestra más de la libertad de expresión.</p> <p>Al final el Parlamento secundó una propuesta del PNV que pide a los independentistas una reflexión sobre su peculiar manera de colonizar las calles y plazas, y afea que “ocupen” de forma sectaria las calles y plazas de carteles y pancartas con el objetivo de “imponer una visión política determinada que no respeta la pluralidad de la sociedad vasca”.</p> <p>La proposición aprobada no menciona de manera explícita a los herederos de Herri Batasuna. Fue la portavoz del PNV la que afinó el tiro: “El espacio público es de todos y la izquierda <em>abertzale</em> no lo acepta. Denunciamos la actitud de quienes no respetan la pluralidad y quieren imponer su visión”, añadió Arrizabalaga. Salió adelante con la abstención de PSE, PP y UPyD.</p> <p>El portavoz socialista Rodolfo Ares, que estaba al frente de la consejería de Interior durante los años de la <em>tolerancia cero,</em> pidió firmeza al Gobierno actual contra este tipo de hechos porque “la experiencia evidencia que la flexibilidad y la ambigüedad no son útiles para combatir estos comportamientos”.</p>  <p>El portavoz de EH Bildu, Julen Arzuaga sostuvo primero que PSE, PP y UPyD “desprecian” los derechos civiles y políticos, y después preguntó de forma inocente: “¿No puede una mayoría social expresarse detrás de una pancarta?”</p> <p>Por otra parte, la Cámara manifestó su apoyo a los ayuntamientos que redactan sus actas exclusivamente en euskera ante los recursos judiciales interpuestos por el delegado del Gobierno en Euskadi, Carlos Urquijo. En presencia de varios alcaldes que se acercaron al Parlamento, PNV y EH Bildu, le recriminaron por su “ofensiva” en contra del euskera y le reclamaron que “respete” la Carta Europea de Lenguas Minoritarias o Regionales. PSE, PP y UPyD votaron en contra. Los socialistas fueron muy críticos con los nacionalistas y les advirtieron de que su posición implica defender el incumplimiento de la Ley de Normalización del Uso del Euskera que obliga a la traducción en los dos sentidos, “y camina hacia la ruptura del amplio consenso alcanzado hace treinta años”.</p> 
</main_text>
</body>

</text>



