<?xml version="1.0" encoding="UTF-8"?>


<text>


<header><url>http://ccaa.elpais.com/ccaa/2015/09/07/catalunya/1441643101_569487.html</url><media>El_País</media><section>ccaa</section><date>2015/09/07</date><authors>Luis Hidalgo</authors></header>


<body>
<title>
Los tiernos someten multitudes
</title>
<subtitle>
Maná triunfó en el Sant Jordi de Barcelona con su receta de amor y épica
</subtitle>
<main_text>
 <p>Era la tercera canción y el concierto iba entrando en calor. Las luces barrían el amplísimo escenario de un Sant Jordi lleno -15.600 personas- y las enormes pantallas situadas en su parte posterior escupían imágenes de la banda en escena o llamativas combinaciones de color. Entonces, tras las iniciales <em>La prisión</em> y <em>Lluvia al corazón</em>, Fher, el líder de Maná, el incombustible cuarteto mexicano, dijo algo así como “esto es <em>Corazón espinado</em> y que todo el mundo mueva el culo”. Y sí, el Sant Jordi fue un enorme culo moviéndose cadenciosamente, bien, ellas mejor que ellos, al son de esta canción que bien podría haber escrito Santana. El show comenzaba y para no mantenerlo tan arriba luego llegó <em>La cama incendiada</em>, un tema menor que sirvió para que la concurrencia recompusiese un poco su estampa mientras en el escenario brotaban columnas de fuego. Maná se reencontraba con Barcelona. El triunfo ya se olía.</p> <p>Por si quedase algún cabo al albur, Maná jugó de inmediato otra carta: Shakira. La vocalista colombiana, todo melena rubia contrastando con su escueto vestido negro, apareció por la parte trasera del escenario para cantar con el grupo <em>Mi verdad</em>, pieza que por vez primera interpretaban juntos en directo tras grabar conjuntamente el clip del tema en Barcelona. Bramido al canto y miles de brazos rematados por el correspondiente móvil almacenaron el recuerdo de otros tantos espectadores. Esos mismos móviles iluminarían, ellos solos, el recinto al convertirse en manifestación ecológica solicitada por Fher al cantar <em>Cuando los ángeles lloran</em>. Fue uno de los instantes más plásticos de un concierto que renovó el éxito de este grupo de pop-rock cuya personalidad tiene algo de <em>collage</em>.</p> <p>Y es que Maná juegan tanto al pop-rock convencional, trufado con baladas perfil <em>El muelle de San Blas</em> –puso al Sant Jordi al punto de la nata montada-, como a piezas de regusto latinoamericano tipo <em>La prisión</em>, la que abrió la noche, o <em>Mariposa traicionera</em> ya en su parte final. No faltan coqueteos con el reggae blanco perfil “Clavado en el bar”, todo ello salpimentado por el carisma moderado pero efectivo de Fher, el cantante de eterna melena acaracolada y voz con entonación de estadio que sabe abrir los brazos como el Cristo de Corcovado. No faltan los constantes requiebros rítmicos de Alejandro González, un batería churrigueresco aquejado por el mal de San Vito, siempre dispuesto a no sucumbir ante la tradición que indica que el suyo es un puesto oscuro dentro de un grupo. Todo ello aderezado por suaves dosis de sensiblería, un cultivo estajanovista del amor formulado mediante tópicos y lugares comunes, personalidad rockera de libro y unos solos sin más significado musical que demostrar quién escupe más lejos. El perfecto grupo triunfador. Amor de estadio y pop-rock de multitudes, la fórmula imbatible de Maná. Lograron que el Sant Jordi fuese un espectáculo.</p> 
</main_text>
</body>

</text>



