<?xml version="1.0" encoding="UTF-8"?>


<text>


<header><url>http://ccaa.elpais.com/ccaa/2015/07/07/catalunya/1436285338_201634.html</url><media>El_País</media><section>ccaa</section><date>2015/07/07</date><authors>Anna Estañol</authors></header>


<body>
<title>
Extirpado un tumor de páncreas en una operación pionera en España
</title>
<subtitle>
Médicos del hospital Trueta de Girona intervienen a un paciente con cáncer que ya había sido operado sin éxito en otro centro
</subtitle>
<main_text>
 <p>Un equipo multidisciplinar del Hospital Josep Trueta de Girona ha conseguido extirpar un tumor del páncreas a un paciente en una operación pionera en España. El paciente ya había sido operado anteriormente sin éxito en otro centro y tenía un tumor inextirpable por el que le habían dado una esperanza de vida de seis meses. El cáncer de páncreas es una de las neoplasias más agresivas y con peores pronósticos porque el cuerpo suele manifestar los síntomas de esta dolencia cuando la enfermedad está en estadios muy avanzados.</p> <p>El servicio de oncología de tumores del hígado, el páncreas y las vías biliares del Trueta se encargó de la operación, que se realizó el 15 de junio pasado y se ha dado a conocer hoy. El equipo médico que participó en la intervención, formado por cirujanos, oncólogos radioterápicos, oncólogos médicos y radiólogos vasculares, consiguió sacar el tumor del páncreas, que estaba situado al lado del tronco celíaco, la arteria más importante del abdomen y la que lleva la sangre al hígado, el estómago y el bazo.</p> <p>El paciente ya había sido operado en otro centro sanitario y no se le pudo extraer el tumor porque invadía la arteria hepática (que lleva la sangre al hígado), la arteria esplénica (que lleva la sangre al bazo) y la arteria gástrica.</p> <p>Los especialistas del Trueta empezaron a tratar el paciente en noviembre de 2014 con tratamientos de quimioterapia y radioterapia para reducir el tumor. La medicación finalizó en abril y, a continuación, se procedió a tapar el tronco celíaco para garantizar que la sangre llegara al hígado y al estómago por otras arterias. De esta forma, se podía extirpar el cáncer sin dañar órganos vitales.</p> <p>La intervención quirúrgica se realizó el 15 de junio y duró unas cinco horas. El equipo médico le extrajo al paciente la mitad del páncreas, junto con el tronco celíaco. También se le extirpó el bazo, la glándula suprarrenal y los ganglios de toda esta zona. Su evolución fue muy buena y, al no tener complicaciones postoperatorias, a los cinco días se le dio el alta. Su calidad de vida es normal y no tiene ningún tipo de restricción alimentaria.</p> <p>Hasta ahora en España no se había realizado nunca este tipo de intervención y la clave del éxito del tratamiento, según los responsables del Trueta, ha sido la coordinación de los distintos especialistas que han participado en todo el proceso. Este tipo de tratamiento y operación, ha indicado el hospital, permitirá tratar más pacientes con cáncer de páncreas y mejorar la supervivencia en este tipo de tumores.</p> 
</main_text>
</body>

</text>



