<?xml version="1.0" encoding="UTF-8"?>


<text>


<header><url>http://ccaa.elpais.com/ccaa/2015/04/07/catalunya/1428414429_551116.html</url><media>El_País</media><section>ccaa</section><date>2015/04/07</date><authors>Jessica Mouzo Quintáns Alfonso L. Congostrina</authors></header>


<body>
<title>
Investigada otra fábrica por el brote de legionela de Sabadell
</title>
<subtitle>
El episodio infeccioso, el más letal registrado en Cataluña, causó la muerte de seis personas y afectó a otras 41
</subtitle>
<main_text>
 <p>Los Mossos d'Esquadra y técnicos del Departamento de Salud revisaron ayer las torres de refrigeración de una empresa metalúrgica de Sabadell sospechosa de ser el lugar originario del brote de legionela más letal registrado en Cataluña, que afectó a un total de 41 personas y acabó con la vida de seis en septiembre de 2014. La actuación de la policía autonómica se realizó después de que lo ordenara el titular del Juzgado de Instrucción 1 de Sabadell, que dirige la investigación del caso.</p> <p>La mañana de ayer se personaron funcionarios de Salud acompañados de policías autonómicos en la sociedad Suñer, de Sabadell, situada en la calle Balmes de la cocapital del Vallès. La empresa se dedica a la fundición de acero y sus representantes entregaron a los policías toda la documentación relativa al mantenimiento de sus torres de refrigeración.<br /> Según informó ayer la Cadena Ser, los agentes sospechaban que no se realizaban las labores de limpieza de los aparatos de aire acondicionado cuando tocaba, lo que pudo provocar la aparición de la bacteria.</p> <p>Una portavoz de Suñer S.A. eludió hacer cualquier tipo de declaración relacionada con la investigación. Por el momento no hay ningún imputado.</p> <p>Pese a que Salud declinó en su momento confirmar el origen del brote a la espera de que se analizasen unas 70 pruebas ambientales recogidas en diversos edificios, sí advirtieron que la sospecha de los técnicos de Salud se centraba especialmente en los conductos de ventilación y aire acondicionado de grandes superficies.</p> <p>La Agencia de Salud Pública de Cataluña confirmó a finales del pasado septiembre que había cerrado cautelarmente la torre de refrigeración de una planta de tratamiento térmico de acero, al encontrar “altas dosis” de la bacteria de legionela en las muestras recogidas. Entonces, la empresa sobre la que recayó la sospecha salió al paso de las acusaciones y aseguró que la cepa de la bacteria encontrada en sus instalaciones era “inofensiva para los humanos”. La citada empresa se encuentra a dos kilómetros y medio de la investigada ayer.</p> <p>El brote de Sabadell coincidió en el tiempo con otra cepa que se extendió por el municipio vecino de Ripollet y que causó otros cuatro muertos.</p> 
</main_text>
</body>

</text>




