<?xml version="1.0" encoding="UTF-8"?>


<text>


<header><url>http://ccaa.elpais.com/ccaa/2015/04/07/catalunya/1428408348_144273.html</url><media>El_País</media><section>ccaa</section><date>2015/04/07</date><authors>Clara Blanchar</authors></header>


<body>
<title>
El concejal de ICV en Barcelona Quim Mestre ficha por la lista del PSC
</title>
<subtitle>
El regidor se ha dado de baja del partido ecosocialista, que le acusa de "transfuguismo" y de querer mantener el cargo
</subtitle>
<main_text>
 <p>El alcaldable del PSC al Ayuntamiento de Barcelona, Jaume Collboni, anunció ayer de que hoy haría público el fichaje de un independiente para su candidatura. La sorpresa ha sido que no se trata ni de un actor, arquitecto o personaje público de relevancia, sino de otro político: el concejal y portavoz del grupo municipal de ICV, Quim Mestre. No ha relevado qué puesto de la lista ocupará. Su fichaje ha provocado una airada respuesta desde ICV: sus dirigentes le han acusado de transfuguismo y de representar los agujeros más oscuros y feos de la política.</p> <p>Collboni y Mestre han comparecido conjuntamente y el último ha explicado que se ha dado de baja del partido en la mañana de este martes y que terminará el mandato como concejal no adscrito. Mestre ha afirmado que “no ha sido una decisión fácil” y sobre la candidatura del PSC ha afirmado: “El proyecto socialista es como un tren que sé de dónde sale, sé cómo es y sé a dónde va; hay otros trenes que se sabe de dónde salen, se sabe más o menos cómo son, pero no se sabe a dónde van, y Barcelona no se puede permitir esta aventura”.</p>  <p>Mestre no figura entre los concejales ecosocialistas que formarán parte de la candidatura de la plataforma Barcelona en Comú, que lidera Ada Colau, y en la que se ha integrado ICV. Una lista en la que sí están la actual concejal Janet Sanz o la dirigente del partido, Laia Ortiz, que cumplen con el requisito de no haber cumplido dos mandatos en el cargo.Mestre, en el Ayuntamiento desde 2007, sí hubiera rebasado el plazo. Jaume Collboni ha explicado que pidió a Mestre que se incorporara a su equipo al verlo excluido de otras candidaturas y ha subrayado que no hubiera entendido que una persona como Quim Mestre quedara fuera. El alcaldable socialista ha destacado la trayectoria de izquierdas intachable de Mestre y ha puesto en valor su experiencia de Gobierno y su conocimiento de la ciudad.</p> <p>Iniciativa per Catalunya ha reaccionado de manera muy crítica a la noticia. Minutos después de conocerse la noticia, en un comunicado ha atribuido la decisión de Mestre “a su exclusión de la lista electoral” y al “objetivo de mantener el cargo de concejal”. La nota también recuerda que el regidor ha expresado su apoyo a la confluencia con Barcelona en Comú, tanto públicamente como en los órganos del partido. El líder del grupo municipal en el consistorio barcelonés, Ricard Gomà ha lamentado profundamente una decisión que ha afirmado que se trata de una práctica de transfuguismo. La decisión responde a una salida personal y de supervivencia institucional frente a la apuesta por un proyecto colectivo, ha añadido. </p>  <p>Por su parte, la número dos de la lista de Barcelona en Comú, y actual diputada en el Congreso, Laia Ortiz, ha asegurado que toda la gente de ICV entiende la política desde lo colectivo y antepone el proyecto a decisiones personales. Ortiz ha reivindicado el legado del PSUC e ICV y ha celebrado el futuro de Barcelona en Comú y ha afirmado que la actitud de Mestre ilustra los agujeros más oscuros y feos de la política.</p> <p>Mestre (Terrassa, 1960) es un histórico del ICV. Fue secretario de organización entre 1990 y 2000, concejal en Terrassa en el primer mandato de la democracia y en Barcelona desde 2007. Con el anterior gobierno municipal ejerció de concejal de Derechos Civiles y presidió el distrito de Sant Andreu.</p> <p>El hasta hoy concejal ecosocialista ha afirmado que el principal reto de Barcelona es combatir las desigualdades, algo que solo puede hacer quien tenga un conocimiento profundo de una ciudad que es compleja, que tenga ideas claras, que no significa ideas simplificadas, y con propuestas rigurosas, que no recurran a la pura retórica. Considera que el PSC es el único partido que pone en valor los 32 años de gobierno progresista en la ciudad y que tiene un verdadero modelo y un equipo con capacidad de sumar, por lo que sostiene que es el mejor proyecto, la mejor propuesta y seguro que será el mejor gobierno de ciudad y el mejor alcalde. Estos 32 años de gobiernos de izquierda de la ciudad deben ser reivindicados con orgullo por los que quieren seguir transformando la ciudad, ha aseverado.</p>   
</main_text>
</body>

</text>



