<?xml version="1.0" encoding="UTF-8"?>


<text>


<header><url>http://ccaa.elpais.com/ccaa/2015/05/07/paisvasco/1431020341_651545.html</url><media>El_País</media><section>ccaa</section><date>2015/05/07</date><authors>El País</authors></header>


<body>
<title>
ETA invita al Gobierno vasco a compartir “un diseño de desarme”
</title>
<subtitle>
La banda terrorista muestra en un comunicado su disposición a entablar un diálogo "a favor de una solución"
</subtitle>
<main_text>
 <p>La organización terrorista ETA ha asegurado que está preparada para compartir el diseño de su desarme con el Gobierno vasco, así como con el resto de agentes políticos y sociales de Euskadi. Según un comunicado enviado a <em>Berria</em>, y publicado en su edición digital, la banda armada anuncia que continuará con el proceso de sellado de su armamento que está llevando a cabo desde inicios de 2014.</p> <p>En ese proceso y camino, ETA está preparada para compartir la elaboración de un diseño para el desarme, ha dicho.</p> <p>En su comunicado, ETA invita a todos los organismos que están a favor de una solución a entablar un diálogo dirigido a acordar vías razonables para superar las consecuencias del conflicto. El escrito de ETA llega a apenas cinco horas de que arranque, esta medianoche, la campaña electoral a los ayuntamientos y diputaciones vascas. ETA acostumbra a aprovecha estas citas, como la fecha del Aberri Eguna (Día de la Patria Vasca) para lograr un golpe de efecto con sus mensajes.</p> <p>La organización terrorista afirma que existen varios documentos publicados que podrían servir como bases adecuadas en la búsqueda de un acuerdo. Entre estas, cita el documento <em>Zuzen Bidean</em> del Gobierno vasco, la declaración de diciembre de 2013 del Colectivo de presos de ETA (EPPK), las recomendaciones del Foro Social, la declaraciones de Baiona y la <em>vía vasca</em> para la paz de EH BIldu.</p> <p>En febrero de 2014, ETA escenificó un amago de desarme ante la Comisión Internacional de Verificación (CIV), aunque aquel gesto fue considerado “insuficiente” por los partidos nacionales y el Gobierno vasco. ETA se limitó entonces ahora a inutilizar apenas cuatro armas de fuego y 16,5 kilos de material para fabricar explosivos.</p> 
</main_text>
</body>

</text>



