<?xml version="1.0" encoding="UTF-8"?>


<text>


<header><url>http://ccaa.elpais.com/ccaa/2015/08/07/valencia/1438969574_018714.html</url><media>El_País</media><section>ccaa</secion><date>2015/08/07</date><authors>EFE</authors></header>


<body>
<title>
Siete heridos en el choque de una furgoneta y un turismo en Almassora
</title>
<subtitle>
Los bomberos de Castellón han tenido que rescatar a tres mujeres que quedaron atrapadas en el interior de uno de los vehículos
</subtitle>
<main_text>
 <p>Siete personas han resultado heridas de diversa consideración en el choque de una furgoneta y un turismo ocurrido a primera hora de esta tarde en la carretera CV-1840, conocida como Camí a la Mar, en el término municipal de Almassora (Castellón).</p> <p>Según el Consorcio Provincial de Bomberos de Castellón, el suceso ha tenido lugar alrededor de las 15.40 horas, cuando, por causas que se desconocen, los vehículos colisionaron y tres mujeres que viajaban en la parte trasera de la furgoneta quedaron atrapadas.</p> <p>Al lugar del accidente han acudido dos unidades del SAMU y tres ambulancias SVB, así como una dotación de bomberos del parque de Plana Baixa, que ha procedido a la excarcelación de las tres atrapadas, una de ellas en estado de gestación.</p> <p>En total, siete personas han resultado heridas, y han sido trasladadas al Hospital General de Castellón para su reconocimiento.En el servicio también han intervenido la Guardia Civil y la Policía Local, según las fuentes.</p> 
</main_text>
</body>

</text>



