<?xml version="1.0" encoding="UTF-8"?>


<text>


<header><url>http://ccaa.elpais.com/ccaa/2015/11/06/valencia/1446835088_396092.html</url><media>El_País</media><section>ccaa</section><date>2015/11/06</date><authors>Nuria Tirado</authors></header>


<body>
<title>
Sánchez pone la sanidad valenciana como ejemplo de socialismo
</title>
<subtitle>
El líder socialista apuesta por la constitucionalización de la financiación autonómica
</subtitle>
<main_text>
 <p>El secretario general de PSOE, Pedro Sánchez, ha elogiado este viernes la sanidad universal en la Comunidad Valenciana como ejemplo de socialismo y como muestra de distinción frente a la derecha. El Gobierno de Rajoy impugnó la iniciativa sanitaria valenciana que ha sido suspendida esta semana por el Tribunal Constitucional. Se está demostrando que gobernando con hechos somos radicalmente distintos a la derech', ha destacado el secretario general de los socialistas en un encuentro con militantes y simpatizantes celebrado este viernes en La Vall d'Uixò (Castellón). Otro de los aspectos que, según Sánchez, distingue a los socialistas de la derecha también se encuentra en Valencia, con la recuperación de la gratuidad de los libros de texto.</p> <p>El líder socialista ha lamentado la discriminación del Gobierno central hacia la Comunidad Valenciana y ha apelado a la necesidad de constitucionalizar un sistema justo de financiación autonómica. 'Ya es hora de que haya un presidente del Gobierno que apruebe un sistema justo de financiación, y lo haremos nosotros. En la misma línea se ha pronunciado el presidente de la Generalitat, Ximo Puig, que ha insistido en que PP y PSOE no son lo mismo en referencia a Mariano Rajoy que ha sido incapaz de resolver los problemas de financiación, paro y deuda, y no es posible que continúe así. Puig propone una rebelión contra las encuestas y con 'los que dicen que esto será siempre igual pase lo que pase.</p> 
</main_text>
</body>

</text>



