<?xml version="1.0" encoding="UTF-8"?>


<text>


<header><url>http://ccaa.elpais.com/ccaa/2015/03/06/paisvasco/1425674163_723957.html</url><media>El_País</media><section>ccaa</section><date>2015/03/06</date><authors>EP</authors></header>


<body>
<title>
Bilbao apunta a la comunidad educativa para lograr la igualdad real
</title>
<subtitle>
Alumnos de Integración Social asisten a la lectura del manifiesto del Ayuntamiento por el 8 de marzo
</subtitle>
<main_text>
 <p>La concejal de Igualdad, Cooperación y Ciudadanía del Ayuntamiento de Bilbao, Ohiane Agirregoitia, ha destacado el papel fundamental de la comunidad educativa y la juventud para lograr una igualdad real entre hombres y mujeres, en la lectura de la declaración institucional con motivo del 8 de marzo, Día Internacional de la Mujeres.</p> <p>Según ha dicho en la lectura de un comunicado conjunto con representantes del alumnado del Grado Superior de Integración Social de Botikazar, conseguir que la igualdad formal que recogen las leyes se transforme en una igualdad real que nos permita ser más libres e independientes, requiere de un aprendizaje en valores justos y equitativos asociados a un cambio de actitudes, proceso este en el que la comunidad educativa y la juventud juegan un papel fundamental.</p> <p>Antes de que tomasen la palabra los representes del centro, Agirregoitia ha indicado que ellos son los verdaderos protagonistas de la iniciativa Hezkuntza Feminista-Berdintasunaren Giltza y ejemplo de jóvenes implicados en el cambio de valores a favor de la igualdad.</p> <p>Los alumnos han indicado que el Ayuntamiento de Bilbao y el IES Botikazar llevan tiempo trabajado y colaborando por desarrollar entre el alumnado una conciencia crítica favorable a la igualdad y a la definición de relaciones entre chicos y chicas basadas en el reconocimiento y el respeto, al tiempo que han dicho que ahora les toca a ellos tomar el relevo y plantar sus propias iniciativas.</p> 
</main_text>
</body>

</text>



