<?xml version="1.0" encoding="UTF-8"?>


<text>


<header><url>http://ccaa.elpais.com/ccaa/2015/09/07/catalunya/1441636389_352364.html</url><media>El_País</media><section>ccaa</section><date>2015/09/07</date><authors>Alfonso L. Congostrina</authors></header>


<body>
<title>
Herido de bala tras intentar parar una pelea entre un matrimonio
</title>
<subtitle>
Ada Colau ha abierto el pleno extraordinario con una “condena a la violencia machista”
</subtitle>
<main_text>
 <p>Ada Colau ha condenado esta mañana una agresión que parte de un episodio de violencia doméstica ocurrido ayer en Nou Barris, cuando un hombre resultó herido de bala tras intentar parar una pelea entre un matrimonio. La alcaldesa de Barcelona ha abierto el pleno extraordinario con una “condena firme a la violencia machista”. Colau ha prometido que el ayuntamiento seguirá trabajando para “erradicar la violencia doméstica”.</p> <p>El episodio al que se ha referido la edil tuvo lugar a las 9.50 del domingo. Un hombre de 71 años se presentó en casa de su expareja, de la misma edad, en el barrio barcelonés de Torre Baró. El matrimonio acababa de separarse y la mujer se había ido a casa de unos amigos. El agresor se presentó en el lugar con la intención de llevarse a su expareja, fue entonces cuando se interpuso entre ambos un amigo de la familia. El agresor, supuestamente, sacó una pistola y disparó hiriendo en el vientre al hombre de 34 años que intentaba evitar que se llevara a la anciana.</p> <p>El herido fue trasladado al Hospital Vall d’Hebron de Barcelona mientras el agresor huyó solo del lugar entregándose horas más tarde en la comisaría de los Mossos de El Vendrell.</p> <p>Al acusado se le imputa un delito de tentativa de homicidio y otro de tenencia ilícita de armas. El herido ha sido dado de alta esta mañana.</p> 
</main_text>
</body>

</text>



