<?xml version="1.0" encoding="UTF-8"?>


<text>


<header><url>http://ccaa.elpais.com/ccaa/2015/05/07/catalunya/1430992734_115827.html</url><media>El_País</media><section>ccaa</section><date>2015/05/07</date><authors>Àngels Piñol</authors></header>


<body>
<title>
Bauzá pierde la mayoría absoluta
</title>
<subtitle>
El PP ganaría las elecciones en Baleares pero perdería 15 escaños
</subtitle>
<main_text>
 <p>El Partido Popular ganaría las elecciones autonómicas en Baleares pero perdería la mayoría absoluta al pasar de 35 a 19 o 20 escaños. La mayoría absoluta está fijada en el Parlamento balear en los 30 escaños sobre un total de 59 diputados. La encuesta del CIS refleja la fuerte erosión que ha sufrido el partido liderado en las islas por el presidente autonómico José Ramón Bauzá, que obtuvo un 46% de votos en 2011 y que, según la estimación del CIS, pasaría ahora al 30%. Con todo, el PSOE tampoco se aprovecha del desplome de los populares y la formación de Francesca Armengol, secretaria general del PSOE, pasaría de 18 a 14 o 15 diputados.</p>   <p>La fotografía que muestra la encuesta del CIS arroja a los partidos emergentes un papel crucial en la formación de nuevas mayorías. Podemos, liderados por el cineasta Alberto Jarabo, irrumpiría en la cámara con 10 escaños, superando en un diputado a Ciudadanos, liderado por Xavier Pericay, que obtendría 9 diputados. El partido de izquierdas MES subiría un escaño -de 4 a cinco- y Gent per Formentera conserva el escaño. Los datos reflejan que la formación de nuevas mayorías, lideradas por el PP o por el PSOE, serán en cualquier caso muy ajustadas.</p> 
</main_text>
</body>

</text>



