<?xml version="1.0" encoding="UTF-8"?>


<text>


<header><url>http://ccaa.elpais.com/ccaa/2015/02/06/andalucia/1423220631_614262.html</url><media>El_País</media><section>ccaa</section><date>2015/02/06</date><authors>El País</authors></header>


<body>
<title>
El PP presenta seis candidatos nuevos en sus listas autonómicas
</title>
<subtitle>
Solo Antonio Sanz por Cádiz y Carlos Rojas por Granada repiten
</subtitle>
<main_text>
 <p>El Comité Electoral Regional del PP andaluz aprueba hoy, a propuesta de las direcciones provinciales, a los cabezas de lista de la formación para los próximos comicios autonómicos del 22 de marzo, en el que habrá seis caras nuevas respecto a los sufragios de 2012. Sólo dos de los cabezas de lista repetirán respecto a los pasados comicios -Antonio Sanz por Cádiz y Carlos Rojas por Granada- y entre los ocho números uno solo habrá dos mujeres -Carmen Crespo por Almería y Rosario Alarcón por Córdoba-, ha informado el PP en un comunicado. El líder del PP andaluz y candidato a la Junta, Juan Manuel Moreno encabezará la lista por Málaga, mientras que Juan Bueno será el candidato por Sevilla, Manuel Andrés González por Huelva y Miguel Ángel García Anguita por Jaén.</p> <p>Con estas designaciones, el Partido Popular andaluz afrontará las próximas elecciones autonómicas del 22 de marzo con seis cabezas de listas nuevas. El resto de la listas de cada provincia, que serán paritarias porque son cremallera, se determinarán la próxima semana.</p> <p>Además, el Comité Electoral del Partido Popular ratifica hoy en Madrid a Moreno como candidato a la Presidencia de la Junta para las elecciones convocadas el 22 de marzo, según fuentes populares.</p> <p>Moreno sustituye como número uno por Málaga a Esperanza Oña, mientras que Juan Bueno en Sevilla, Manuel Andrés González en Huelva y Rosario Alarcón en Córdoba relevarán a los alcaldes de las capitales, Juan Ignacio Zoido, Pedro Rodríguez y José Antonio Nieto, respectivamente, después de que tuvieran que dejar el Parlamento por la ratificación de la ley electoral andaluza, que establece la incompatibilidad entre los cargos de regidor y diputado autonómico.</p> <p>La delegada del Gobierno, Carmen Crespo, que deberá dejar el cargo cuando sea elegida diputada autonómica, lidera la lista de Almería, provincia por la que concurría el expresidente del PP Javier Arenas, quien decidió no repetir como cabeza de cartel, pero trasladó al partido su disposición para formar parte de las listas.</p> <p>En las elecciones autonómicas de 2012, con la candidatura de Arenas, el PP obtuvo 50 diputados, ocho en Málaga; siete en Sevilla, Almería y Cádiz; seis en Granada; y cinco en Córdoba, Jaén y Huelva.</p> 
</main_text>
</body>

</text>



