<?xml version="1.0" encoding="UTF-8"?>


<text>


<header><url>http://ccaa.elpais.com/ccaa/2015/02/06/catalunya/1423252391_685847.html</url><media>El_País</media><section>ccaa</section><date>2015/02/06</date><authors>Javier Pérez Senz</authors></header>


<body>
<title>
Futuro esperanzador
</title>
<subtitle>
El director Kazushi Ono, que sucederá en mayo a Pablo González al frente de la OBC, jugó bien sus cartas en el Auditori
</subtitle>
<main_text>
 <p>En su último concierto antes de tomar las riendas de la OBC -en mayo sucederá a Pablo González como titular del conjunto barcelonés-, el director japonés Kazushi Ono jugó bien sus cartas. Tiene fama, y su carrera lo avala, de intérprete comprometido con la música contemporánea, y lo demostró asegurando un satisfactorio estreno de <em>Sogni ed epifanie. Un bagliore tra notti</em>, de Benet Casablancas, obra encargo en su segunda temporada como compositor en residencia del Auditori.</p> <p>Ono se toma muy en serio el estreno de una partitura, y eso lo agradecen mucho sus autores. De hecho, Casablancas pudo sacarse la espina de su anterior estreno, en noviembre, que fue despachado con una lectura de puro trámite. Ono, en cambio, hizo música, buena música, cuidando los recursos de una orquestación que envuelve con sutiles colores los sueños, misterios y exorcismos de la noche; Casablancas se inspira en el pensamiento poético de Rafael Argullol para crear paisajes contemplativos de gran belleza -el uso de la celesta, el piano y la percusión brinda sugerentes texturas- en los que cobran fuerza pasajes de gran agitación dramática. La OBC resolvió bien la obra, muy concentrada y pendiente de las indicaciones de su próximo jefe.</p>   <p>Tras el estreno, la famosa violinista estadounidense Hilary Hahn se adueñó del escenario como solista del <em>Concierto en re mayor, op 77</em>, de Johannes Brahms. Si en su anterior actuación con la OBC, hace cuatro años, tocó un poco conocido concierto de Gian Carlo Menotti, Hahn ha escogido para su regreso una de las joyas absolutas del repertorio. Y nos dejó con la boca abierta. Nada escapa a su control y resuelve cualquier escollo con técnica y afinación perfectas. Encima lo hace sin perder la calma, con apabullante dominio, sonido de extraordinaria pureza y vibrante comunión con la orquesta y el director. Sin duda, la mejor solista en lo que llevamos de temporada.</p> <p>Probablemente fue en la <em>Sinfonía núm. 2</em> de Serguei Rachmáninov donde los músicos de la OBC pudieron calibrar mejor el nivel de exigencia y rigor de su nuevo titular. No hay varitas mágicas y los puntos débiles de la plantilla exigen picar aún mucha piedra, pero con la experiencia y claridad de ideas de Ono y la buena disposición de los músicos, el resultado apunta hacia un futuro esperanzador. Sonó bien Rachmaninov en una lectura bien planificada que hizo brillar el alma romántica y profundamente rusa de Rachmáninov sin caer en sentimentalismos.</p> 
</main_text>
</body>

</text>



