<?xml version="1.0" encoding="UTF-8"?>


<text>


<header><url>http://ccaa.elpais.com/ccaa/2015/05/07/madrid/1431000354_630270.html</url><media>El_País</media><section>ccaa</section><date>2015/05/07</date><authors>F. Javier Barroso</authors></header>


<body>
<title>
Ciudadanos: “Se confirma que el bipartidismo pierde terreno”
</title>
<subtitle>
La candidata Villacís cree que el parlamento va estar "muy fragmentado al 25 de mayo, por lo que se imponen las buenas prácticas"
</subtitle>
<main_text>
 <p>La candidata de Ciudadanos al Ayuntamiento de Madrid, Begoña Villacís, se ha mostrado muy contenta con los resultados de la encuesta publicada esta mañana por el CIS. “Parece que se confirma que el bipartidismo pierde terreno y que ya es algo irreversible”, ha destacado la aspirante al conocer que su formación conseguiría entre nueve y diez concejales en el Consistorio madrileño.</p> <p>“Se va a llegar muy fragmentado al 25 de mayo, por lo que se imponen las buenas prácticas, el diálogo, la tolerancia y el ceder un poco, lo que implica que se vuelva a la práctica democrática. Ciudadanos está subiendo y todo apunta a que se va a seguir con esa práctica alcista”, ha afirmado Villacís que ha añadido que los resultados cambiarían si la encuesta se hubiera hecho ahora.</p> <p>El candidato de la formación naranja a la Comunidad de Madrid, Ignacio Aguado, ha destacado que el partido de Albert Ribera ha multiplicado por cuatro su intención de voto, al pasar del 3% al 13,8%. “A nivel de la Comunidad de Madrid estamos muy contentos porque estamos subiendo muy rápido y eso que quedan aún 14 días para seguir consiguiendo apoyos en Madrid”, ha señalado Aguado.</p> <p>“Somos prudentes, porque son encuestas y el resultado definitivo será el 24 de mayo. Eso sí, hemos tenido un salto espectacular porque antes no salíamos ni en la encuesta”, ha añadido. El CIS otorga 22-23 diputados a Ciudadanos en la Asamblea de Madrid.</p> 
</main_text>
</body>

</text>



