<?xml version="1.0" encoding="UTF-8"?>


<text>


<header><url>http://ccaa.elpais.com/ccaa/2015/01/07/paisvasco/1420650693_053852.html</url><media>El_País</media><section>ccaa</section><date>2015/01/07</date><authors>  EFE</authors></header>


<body>
<title>  ‘Loreak’, primera cinta en euskera candidata al Goya a la mejor película</title>
<subtitle>  La película también fue la primera en lengua vasca en competir en el Festival de San Sebastián</subtitle>
<main_text>
   <p><em>Loreak</em> se ha convertido este miércoles en la primera producción en euskera candidata al Goya a la mejor película, aunque en esta categoría parten como favoritas <em>La isla mínima</em>, de Alberto Rodríguez, y <em>El niño,</em> de Daniel Monzón, con 17 y 16 nominaciones respectivamente.</p> <p>Codirigida por José Mari Goenaga y Jon Garaño, Loreak recurre a un ramo de flores como nexo de unión entre tres mujeres cuyos caminos terminan cruzándose: una que cada semana recibe flores y no sabe quién se las manda; otra a la que la curiosidad corroe por saber quién coloca flores en la curva donde murió su marido; y la tercera, la madre de este, que necesita recordar.</p> <p><em>Loreak</em> (Flores), además de ser el primer largometraje en euskera en aspirar al Goya a la mejor película, fue también la primera cinta íntegramente en euskera que compitió en la sección oficial del Festival de San Sebastián.</p> <p>Además, <em>Ocho apellidos vascos,</em> la gran campeona de la taquilla de este año en que el cine español con una recaudación de 123 millones de euros, un récord histórico, aspira a cinco categorías, entre ellos sus actores el vitoriano Karra Elejalde, Dani Rovira y Carmen Machi.</p>  
</main_text>
</body>

</text>



