<?xml version="1.0" encoding="UTF-8"?>


<text>


<header><url>http://ccaa.elpais.com/ccaa/2015/10/07/valencia/1444230003_598366.html</url><media>El_País</media><section>ccaa</section><date>2015/10/07</date><authors>Enrique Bolland</authors></header>


<body>
<title>
Honor a un mártir de la libertad
</title>
<subtitle>
Miquel Grau, última víctima de la violencia política de la Transición, recibe la Medalla de Oro de Alicante
</subtitle>
<main_text>
 <p>La noche del 6 de octubre de 1977, Miquel Grau pegaba carteles en la Plaza de Luceros de Alicante. En ellos, el Movimiento Comunista del País Valenciano, organización en la que militaba el joven de 20 años, convocaba a la ciudadanía a participar en la <em>Diada</em> del 9 de octubre. Aquel era entonces un acto de comunicación política tan común como hoy lo es publicar una convocatoria en Twitter, pero la agresividad verbal que hoy circula por las redes sociales no puede compararse a la violencia física que en aquellos días se ejercía. En aquella fatídica ocasión, un joven militante de la organización ultraderechista Fuerza Nueva, Miguel Ángel Panadero, lanzó un ladrillo desde su balcón sobre Grau, causándole graves heridas que diez días después ocasionarían su muerte. Esta tarde, 38 años después, el Ayuntamiento de Alicante honrará la memoria del asesinado otorgándole a título póstumo la Medalla de Oro de la ciudad. Panadero, que hoy ejerce como procurador en los juzgados de Valencia, fue condenado a doce años y medio de prisión, aunque salió de la cárcel en 1982 al beneficiarse de un indulto parcial concedido por el gobierno de Adolfo Suárez, que en 1979 redujo la pena a la mitad.</p> <p>En la edición de El País que informaba de la muerte de Miquel Grau, la del 18 de octubre de 1977, el tema de apertura era precisamente la existencia de una red armada de ideología fascista existente en Lleida y se informaba de las todavía infructuosas conversaciones entre el presidente Adolfo Suárez y el líder de la oposición, Felipe González, que finalmente culminarían en los llamados Pactos de la Moncloa. El célebre comandante Cousteau advertía en Madrid de que la energía nuclear constituía el mayor problema de la Humanidad y ese fin de semana el PCE de La Pasionaria y Santiago Carrillo había congregado un millón de personas en una fiesta celebrada en la madrileña Casa de Campo.</p> <p>Buena parte de los asistentes que aplaudían a las 13 horas de este martes el descubrimiento de una placa que recuerda el asesinato de Miquel junto al lugar en el que se perpetró el atentado, no habían nacido entonces, como el concejal de Cultura, Daniel Simón, que ha presentado el acto y ha calificado a Grau de “mártir de la libertad”. La placa descubierta recuerda que el homenajeado está considerado por la Ley de Memoria Histórica como “la última víctima de la violencia política de la Transición democrática”. Lo ha recordado Natxo Bellido, portavoz del equipo de Gobierno municipal, que ha dado las gracias por su presencia a todos los grupos representados en la Corporación, que aprobaron por unanimidad la concesión de la Medalla de Oro a Grau, así como al consejero de Transparencia, Manuel Alcaraz. Bellido cree que la ciudad “ha pagado una deuda pendiente” con el homenajeado y que “hoy se cierra una herida emocional y una herida de la memoria”.</p> <p>La placa ha sido descubierta por Fini y José Ramón Grau, hermanos de la víctima. Este último, tras recordar la angustia de aquellos días, desde la llamada de madrugada que informaba de la agresión hasta el fatal desenlace, ha mostrado su agradecimiento al Ayuntamiento por el homenaje. “Supongo que la ciudad cierra una herida, pero nuestra herida no se cierra, porque nadie va a devolvernos a nuestro hermano”, ha concluido.</p>   
</main_text>
</body>

</text>



