<?xml version="1.0" encoding="UTF-8"?>


<text>


<header><url>http://ccaa.elpais.com/ccaa/2015/07/07/madrid/1436221323_696435.html</url><media>El_País</media><section>ccaa</section><date>2015/07/07</date><authors>Fernando Neira</authors></header>


<body>
<title>
Pero sigue siendo el rey
</title>
<subtitle>
El venerable genio de Minnesota reivindica su vigencia absoluta, a los 74 años, con un concierto áspero y apartado de los grandes éxitos
</subtitle>
<main_text>
 <p>Impone ver a Bob Dylan emergiendo en un escenario. Impone mucho, y más cuando solo se dispone de butaca y no de reclinatorio. Nada de lo que aconteció anoche después de las 21.30 en el Palacio de los Deportes resultó particularmente cómodo ni acorde con las reglas más elementales del espectáculo: el señor Zimmerman es un autor majestuoso, con medio millar de títulos, que escoge algunos de los más ignotos para la velada e impide el funcionamiento de las pantallas gigantes, aunque haya casi 9.000 devotos intentando escrutar sus aspavientos. Pero se remueven tantas cosas en las entrañas cada vez que Dylan gruñe cualquier verso que todo lo demás deviene en accesorio. El de Duluth es tan inaccesible como inalcanzable, pero a los 74 años sigue siendo el rey. Y no precisamente emérito.</p>  <p>Cuando atañe a Robert Zimmerman evoluciona a la categoría de misterio: el escenario en penumbra, su estampa escondida tras el sombrero y la levita, las piernas ligeramente abiertas y las manos anidando durante largos ratos en los bolsillos. Dylan constituye el mayor enigma del que se tiene constancia sobre Dylan. Es un arcano que no solo renuncia a cualquier atisbo de saludo, sino que racanea al principio en decibelios. Pero se trata de él, sin duda. Porque no existe ningún otro ser humano con esa áspera voz de gravilla, a veces arisca y otras mascullada, tan fascinante y repleta de recovecos como tantas veces incomprendida. Porque desenfunda la armónica a las segundas de cambio (<em>She belongs to me</em>) y su soplido tosco vale por una orquesta de cámara completa. Y porque nadie se encorva sobre el piano con un porte de leyenda remotamente semejante al que adopta para <em>Beyond here lies nothin’</em>, uno de esos <em>blues</em> tardíos sobre los que sigue cimentando su escritura inagotable.</p> <p>La maravillosa <em>Workingman’s blues #2</em> también está datada en el siglo XXI y encierra un melisma distinto (llámenlo requiebro, llámenlo incluso bufido) en cada frase. Hay escalas generosas en <em>Tempest</em> (2012), el disco de contenidos tan fabulosamente adustos como su portada. Pero los acercamientos al repertorio clásico tampoco procuran el aplauso ni la reverencia: en la tradición <em>dylanita</em> de la deconstrucción sistemática, <em>Tangled up in blue</em> solo suscita un alarido de admiración cuando el título emerge al final de la estrofa y el pabellón cae en la cuenta de lo que allí se dirime. Y otro tanto sucede, aunque mucho mejor, con <em>Blowin’ in the wind</em>, primero de los escuetos dos bises.</p>  <p>Una parte del público acoge con desgana el receso de 20 minutos en mitad de la velada, igual que la prohibición absoluta de emplear cámaras o vídeo supone un latoso quebradero de cabeza para los pobres vigilantes jurados. Dylan optará al Premio Nobel, pero jamás al Premio Naranja, de la misma manera que sus camisetas oficiales, entre 35 y 40 euros, tampoco contribuirán al control de la inflación. Pero más allá de contingencias varias, lo necesario era ese <em>Simple twist of fate</em> absolutamente memorable, con el quinteto complementando voz y armónica como una máquina de precisión. O un <em>Soon after midnight</em> meloso, enorme, con tibia iluminación blanca sobre los hilos de luz dorada.</p> <p>Sabemos, querido Roberto, de su condición de septuagenario y aceptamos que conserve el sombrero: para quitárnoslo ya estamos nosotros. Pero no tema mostrarnos canas y arrugas. Estamos dispuestos a venerarlas como las de nuestras señoras madres.</p> 
</main_text>
</body>

</text>



