<?xml version="1.0" encoding="UTF-8"?>


<text>


<header><url>http://ccaa.elpais.com/ccaa/2015/01/07/paisvasco/1420653061_839368.html</url><media>El_País</media><section>ccaa</section><date>2015/01/07</date><authors>  EP</authors></header>


<body>
<title>  El PSE dialogará con otros partidos para asegurar un Gobierno “fuerte”</title>
<subtitle>  La formación invita a los donostiarras a remitir propuestas para la redacción del programa electoral</subtitle>
<main_text>
   <p>El candidato socialista a la Alcaldía donostiarra, Ernesto Gasco, se ha comprometido a dialogar con el resto de formaciones para lograr un Gobierno municipal fuerte, amplio y plural en San Sebastián, de manera que no ocurra como hace cuatro años cuando el PNV impidió un acuerdo entre socialistas, nacionalistas y populares para gobernar en la ciudad.</p> <p>En una rueda de prensa en San Sebastián, Gasco se ha mostrado convencido de que los socialistas van a ganar las elecciones municipales de mayo en la capital guipuzcoana.</p> <p>Quiero defender a San Sebastián y sé que no puedo hacerlo solo con el PSE, ha reconocido, para, a continuación, abogar por sumar para hacer frente a los retos de la ciudad que son, a su juicio, el empleo, Illumbe, la vivienda, entre otros.</p> <p>El candidato socialista ha lamentado que los ciudadanos donostiarras no creen en el Ejecutivo local de Bildu y nadie espera que el alcalde donostiarra, Juan Karlos Izagirre, solucione ningún problema.</p> <p>Frente a ello ha explicado que los socialistas van a construir un programa abierto a las aportaciones de los diferentes agentes de la ciudad y los donostiarras que desde su individualidad quieren cambiar el Ayuntamiento.</p> <p>En este sentido, ha anunciado la puesta en marcha de un innovador proceso para que la ciudadanía pueda tomar parte de la elaboración de su programa electoral.</p> <p>Para ello se buzonearán 86.500 hojas franqueadas a través de las cuales los donostiarras podrán remitir por correo a los socialistas sus propuestas para la ciudad, lo que también podrán hacer por teléfono y por email, porque la gente quiere participar en estas elecciones.</p> <p>Gasco ha afirmado que esperan elaborar el mejor programa posible y presentar el mejor equipo y el mejor Gobierno cuando toque. Al respecto ha indicado que están siguiendo el calendario para la presentación de listas electorales a rajatabla y está previsto que a mediados de febrero se traslade las propuestas a las asambleas locales.</p> <p>El candidato socialista ha señalado que va a remitir un escrito a los más de 500 militantes socialistas en la ciudad para que propongan nombres para conformar esas listas, en lo que también supone un proceso nuevo y diferente.</p> 
</main_text>
</body>

</text>



