<?xml version="1.0" encoding="UTF-8"?>


<text>


<header><url>http://ccaa.elpais.com/ccaa/2015/09/07/catalunya/1441652492_799772.html</url><media>El_País</media><section>ccaa</section><date>2015/09/07</date><authors>Alfonso L. Congostrina</authors></header>


<body>
<title>
Tres muertos y un herido en un aparatoso accidente en El Perelló
</title>
<subtitle>
Los fallecidos son los conductores de dos camiones implicados en el siniestro y un ocupante de un turismo
</subtitle>
<main_text>
 <p>Tres personas han muerto y otra ha resultado herida grave en un accidente de tráfico entre dos camiones y un turismo que ha tenido lugar esta tarde en la N-340 a su paso por el término municipal de El Perelló (Baix Ebre).</p> <p>Según el Servei Català de Trànsit (SCT), dos de los fallecidos son los conductores de los camiones que se han visto involucrados en el aparatoso accidente. Dos de los ocupantes del vehículo implicado han sido trasladados hasta el hospital Sant Joan de Reus donde uno ha entrado en estado crítico y fallecido minutos más tarde. El otro herido permanece ingresado y su estado se debate entre la vida y la muerte. </p> <p>El trágico siniestro ha tenido lugar poco después de las 17.30 en el kilómetro 1.102 de la N-340. Un turismo y un camión han chocado frontalmente, por causas que se están investigando, y, acto seguido, el segundo camión ha impactado contra el primero.</p> <p>El accidente ha provocado un aparatoso incendio quedando los dos vehículos pesados completamente calcinados. El el fuego ha llegado a afectar una zona forestal cercana.</p> 
</main_text>
</body>

</text>



