<?xml version="1.0" encoding="UTF-8"?>


<text>


<header><url>http://ccaa.elpais.com/ccaa/2015/11/06/catalunya/1446810374_273098.html</url><media>El_País</media><section>ccaa</section><date>2015/11/06</date><authors>Ana González Liste</authors></header>


<body>
<title>
EUiA concurrirá el 20-D en la coalición catalana En Comú Podem
</title>
<subtitle>
El partido de Colau cede a Esquerra Unida el sétimo lugar en la lista por Barcelona
</subtitle>
<main_text>
 <p>Esquerra Unida i Alternativa concurrirá a las elecciones generales con En Comú Podem, la confluencia integrada por Iniciativa, Podem y Barcelona en Comú. El partido ha comunicado este viernes que los miembros de la coalición han aceptado todas las condiciones fijadas por el Consell Nacional de EUiA y aprobadas por los militantes y simpatizantes de la formación en referéndum el pasado miércoles cuatro de noviembre.</p>   <p>Con este acercamiento de BComú a EUiA, el partido liderado por Joan Josep Nuet ha conseguido que Joan Mena, diputado por ICV-EUiA en la anterior legislatura, ocupe el número siete en la candidatura por Barcelona. El partido de Ada Colau les ha cedido este lugar en la lista. Fèlix Alonso, actual alcalde de Altafulla, encabezará la lista por Tarragona; un puesto que estaba reservado para Beatriz Rilova de Podem. Nuet puso la pelota en el tejado de BComú, que finalmente ha accedido a sus demandas. “La decisión la toman ellos, sobre todo BComú”, afirmó Nuet este viernes, para añadir que su formación ha hablado “claro desde el minuto uno”.</p> <p>Nuet había lanzado un ultimátum a Barcelona en Comú para que asumiese sus condiciones y poder presentarse con a la coalición de la izquierda alternativa catalana, En Comú Podem. El diputado de Catalunya Sí que es Pot instaba a ICV, Podem y BComú a buscar mecanismos alternativos para consultar a las bases ya que no había margen para realizar unas primarias.</p> <p>Finalmente, Nuet ha rectificado sus condiciones y ratificará con su militancia, este sábado en un Consell extraordinario, la decisión firme de sumarse a En Comú Podem después de que le ofreciesen un puesto mejor en la lista por Barcelona –tenían el noveno y han logrado el séptimo– y el liderazgo en Tarragona. EUiA había amenazado con firmar un pacto con Izquierda Unida y concurrir al 20-D como Unitat Popular, con Alberto Garzón como cabeza de lista.</p> 
</main_text>
</body>

</text>



