<?xml version="1.0" encoding="UTF-8"?>


<text>


<header><url>http://ccaa.elpais.com/ccaa/2015/07/07/andalucia/1436291397_469483.html</url><media>El_País</media><section>ccaa</section><date>2015/07/07</date><authors>Javier Martín-Arroyo</authors></header>


<body>
<title>
El TSJA insiste en que Alaya debe instruir los ERE y Mercasevilla
</title>
<subtitle>
El alto tribunal andaluz vuelve a cambiar la propuesta de la titular del juzgado María Núñez
</subtitle>
<main_text>
 <p>El Tribunal Superior de Justicia de Andalucía (TSJA) insiste en que la juez Mercedes Alaya debe seguir adelante con la instrucción de los ERE fraudulentos y el delito societario del <em>caso Mercasevilla</em> durante la comisión de servicio que le ha sido asignada para los próximos seis meses. El TSJA elevará en breve un informe ante el Consejo General del Poder Judicial (CGPJ) para que este ratifique que el reparto de casos en el juzgado de los ERE es correcto, después de que las dos instructoras, tanto Alaya como la titular María Núñez, hayan presentado sus escritos de protesta ante el alto tribunal para intentar modificar el reparto a su favor.</p> <p>El TSJA ha informado en un comunicado de que la guerra abierta entre ambas jueces será resuelta en breve por parte del Poder Judicial. Esta mañana el alto tribunal andaluz ha aprobado por unanimidad mantener la propuesta de distribución de trabajo que ya aprobó hace dos semanas. Mientras que Alaya reclamó para sí la instrucción de tres macrocausas (ERE, cursos de formación y los avales de la Junta a empresas), Núñez consideraba que ella debe como titular del juzgado acaparar todas las macrocausas, y concedía a Alaya solo la instrucción del delito societario del caso Mercasevilla, una causa menor.</p> <p>Núñez argumentó que los ERE debía permanecer sin instructor dado que estaba pendiente de su división en diferentes piezas. Sin embargo, el TSJA medió entre ambas para determinar que mientras que la cuestión de la división del caso ERE no esté resuelta, este sumario debe permanecer en manos de Alaya para avanzar y que no se atasque más aún esta compleja investigación. Pero esta decisión no satisfizo a ninguna juez y ambas protestaron para intentar acaparar más casos. Las espadas están en alto mientras que el Poder Judicial no toma una decisión al respecto.</p> 
</main_text>
</body>

</text>



