<?xml version="1.0" encoding="UTF-8"?>


<text>


<header><url>http://ccaa.elpais.com/ccaa/2015/05/07/madrid/1431020718_232115.html</url><media>El_País</media><section>ccaa</section><date>2015/05/07</date><authors>El País</authors></header>


<body>
<title>
En directo, el inicio de la campaña electoral en Madrid
</title>
<subtitle>
La redacción de EL PAÍS sigue a los candidatos a la Comunidad y al Ayuntamiento en sus actos electorales
</subtitle>
<main_text>
 <p>La redacción de EL PAÍS se despliega por todos los lugares elegidos por los partidos políticos para iniciar la campaña electoral en Madrid. Desde las 20.00 hasta la medianoche, los redactores informarán de todos los acontecimientos que vayan ocurriendo esta noche: pegada de carteles, asistencia, declaraciones, ambiente… Se cubrirán los actos de todos los partidos con representación parlamentaria en Madrid (PP, PSOE, IU y UPyD), además de Ciudadanos, Podemos y Ahora Madrid.</p>  
</main_text>
</body>

</text>



