<?xml version="1.0" encoding="UTF-8"?>


<text>


<header><url>http://ccaa.elpais.com/ccaa/2015/07/07/valencia/1436280338_556466.html</url><media>El_País</media><section>ccaa</section><date>2015/07/07</date><authors>El País</authors></header>


<body>
<title>
Oltra: “Varoufakis me parece sexy”
</title>
<subtitle>
La vicepresidenta valenciana responde en `Interviu´ a cuestiones de sexualidad
</subtitle>
<main_text>
 <p>La vicepresidenta del Consell, Mònica Oltra, admite que el exministro de Finanzas griego, Yanis Varoufakis, le parece un hombre sexy. En una entrevista a <em>Interviu</em>, Oltra se pronuncia sobre varias cuestiones relacionadas con la sexualidad. Interrogada sobre las mujeres que le parecen más sexy, la número dos del Gobierno valenciano señala que Uxue Barcos es muy guapa y añade: Me pone esa manera fría y distante de Tania Sánchez. Entre sus modelos también está la diputada autonómica socialista Clara Tirado.</p> <p>La portavoz del Gobierno valenciano también se pronuncia sobre el lugar más raro donde ha hecho el amor. Al final los sitios más raros suelen ser los más incómodos, confiesa Oltra, que añade: Pues supongo que en un campo de naranjos. Admite la política de Compromís que su primera experiencia sexual fue con 16 años y, respecto a los hombres, asegura que le pone que quede algo por descubrir, el sentido del humor y el olfato.</p> 
</main_text>
</body>

</text>



