<?xml version="1.0" encoding="UTF-8"?>


<text>


<header><url>http://ccaa.elpais.com/ccaa/2015/02/06/catalunya/1423243763_330172.html</url><media>El_País</media><section>ccaa</section><date>2015/02/06</date><authors>EP</authors></header>


<body>
<title>
Barcelona adelanta las fiestas de la Mercè al 18 de septiembre por el 27-S
</title>
<subtitle>
El Ayuntamiento justifica el cambio por "la disposición de efectivos de seguridad y para poder cumplir con todos los actos que marca el protocolo festivo"
</subtitle>
<main_text>
 <p>El Ayuntamiento de Barcelona ha anunciado este viernes que adelantará el inicio de las fiestas de la Mercè al 18 de septiembre para no coincidir con las elecciones al Parlament del 27 de septiembre.</p> <p>Los comicios autonómicos obligarán a cambiar el calendario previsto por la disposición de efectivos de seguridad y para poder cumplir con todos los actos que marca el protocolo festivo, ha detallado el consistorio en un comunicado.</p> <p>El año pasado, la fiesta mayor de la ciudad se celebró desde el 19 hasta el 25 de septiembre, mientras que este año finalizará el jueves 24 de septiembre, con la festividad de la Mercè.</p> <p> </p> 
</main_text>
</body>

</text>



