<?xml version="1.0" encoding="UTF-8"?>


<text>


<header><url>http://ccaa.elpais.com/ccaa/2015/01/07/paisvasco/1420632585_964481.html</url><media>El_País</media><section>ccaa</section><date>2015/01/07</date><authors>  El País</authors></header>


<body>
<title>  Euskadi a la cola de las devoluciones reclamadas a Hacienda, con el 85%</title>
<subtitle>  De los 1.619 millones de euros reclamados por los contribuyentes, se han devuelto 1.375</subtitle>
<main_text>
   <p>El País Vasco es la comunidad autónoma donde menor cuantía de devoluciones relativas a la Campaña de la Renta de 2013 se ha abonado, ya que de los 1.619 millones de euros reclamados por los contribuyentes, se han devuelto 1.375, es decir el 84,94%, según datos de la Agencia Tributaria (AEAT). El resto están judicializadas, han sido cuestionadas o se han resuelto con acuerdos a la baja.</p> <p>Según ha informado hoy el Ministerio de Hacienda en un comunicado, en el conjunto de España la Agencia Tributaria (AEAT) ha pagado a cierre de 2014 un total de 9.952 millones de euros correspondientes a las devoluciones del IRPF, lo que supone el 93,4% del total solicitado. Euskadi se sitúa así en último lugar en el pago de devoluciones de IRPF, con el 84,94% del total, seguida de Navarra, con el 88,91%, y de Aragón, con el 89,97 %, y son las tres únicas autonomías que a fin de año no habían superado el 90%. Por territorios históricos, Alava ha devuelto el 90,09%, Gipuzkoa el 84,61% y Bizkaia es la más atrasada, con el 83,21 %. En cuanto al número de declaraciones que solicitaban la devolución, en Euskadi se presentaron 2.860, de las cuales ya se ha abonado el importe solicitado por 2.657, es decir que se ha dado trámite al 92,90%.</p> <p>La Agencia Tributaria ha precisado que el 59,31% de esas solicitudes de los contribuyentes vascos se tramitaron por internet, mientras que en el conjunto de España esa cifra ascendió al 72,59%. En todo el país el número de declaraciones presentadas en el IRPF de 2013 ascendió a 19.254.119 en 2014, y bajó el 0,90% respecto a las presentadas en la campaña de la renta de 2012. Asimismo, el importe de las declaraciones a ingresar sumó 6.838,6 millones de euros de un total de 4.186.981 declaraciones y se redujo el 0,05% frente al importe de 2012. Por comunidades autónomas, Asturias es la comunidad en la que se ha devuelto una mayor proporción del dinero solicitado, el 96,64%. En términos absolutos, Cataluña, con 1.961 millones de euros, es la autonomía en la que más dinero ha devuelto, seguida por Madrid con 1.915 millones y Andalucía, con 1.556.</p> 
</main_text>
</body>

</text>



