<?xml version="1.0" encoding="UTF-8"?>


<text>


<header><url>http://ccaa.elpais.com/ccaa/2015/10/07/madrid/1444206211_064512.html</url><media>El_País</media><section>ccaa</section><date>2015/10/07</date><authors>EFE</authors></header>


<body>
<title>
Cifuentes ofrece reproducción asistida a todas las mujeres
</title>
<subtitle>
La presidenta anuncia que no se discriminará a nadie por estado social o condición sexual
</subtitle>
<main_text>
 <p>La presidenta de la Comunidad de Madrid, Cristina Cifuentes, ha anunciado hoy que la administración regional dará entrada de forma inmediata a todas las mujeres en los tratamientos públicos de reproducción asistida con independencia de su condición sexual y de si tienen o no pareja.</p> <p>En declaraciones a RNE, Cifuentes ha avanzado que su Gobierno abrirá este servicio a todas las mujeres a través de la cartera de servicios sanitarios autonómica -que complementa la nacional-, su opción preferida; o bien a través de las leyes de identidad sexual y de protección contra la discriminación que prepara su equipo.</p> <p>La presidenta madrileña ha asegurado que, en su opinión, los tratamientos de reproducción asistida del sistema sanitario público para todas las mujeres con independencia de su situación deberían estar incluidos en la cartera de servicios para toda España del Ministerio.</p> <p>Con estas palabras, Cifuentes se ha referido a la decisión del Ministerio de Sanidad de julio de 2013 de aprobar una nueva cartera básica del Sistema Nacional de Salud en la que la financiación de la reproducción asistida se ofrecía por motivos terapéuticos o preventivos.</p> <p>Esta decisión excluyó de los tratamientos de reproducción asistida a las mujeres sin pareja masculina y generó el rechazo de comunidades como Andalucía, Asturias, País Vasco o islas Canarias, así como de asociaciones de homosexuales, al entender que deja fuera de la financiación pública a lesbianas y mujeres sin pareja fértiles pero que necesitan de estos tratamientos para poder ser madres.</p> <p>Cifuentes ha explicado que la Consejería de Sanidad estudia cómo aplicar esta medida tras preguntas sobre la sentencia que condenó al hospital Fundación Jiménez Díaz y a la Consejería de Sanidad madrileña a indemnizar en casi 5.000 euros a una lesbiana por haber sido discriminada por su orientación sexual en el acceso a un tratamiento de reproducción asistida.</p> <p>Ni la Comunidad ni el centro recurrirán este fallo, ha asegurado la presidenta de la Comunidad de Madrid, que ha recalcado que esa mujer en la actualidad está recibiendo el tratamiento.</p> <p>Cifuentes ha defendido que establecer medidas complementarias a las que existen para que la reproducción asistida sea accesible a las mujeres con independencia de su condición sexual y si están solteras, casadas o en pareja supone avanzar en igualdad.</p> <p>Según ha recalcado, todas las mujeres deben estar en las mismas condiciones que una pareja heterosexual y tiene el mismo derecho en cuando a la reproducción asistida.</p> 
</main_text>
</body>

</text>



