<?xml version="1.0" encoding="UTF-8"?>


<text>


<header><url>http://ccaa.elpais.com/ccaa/2015/07/07/madrid/1436297447_892257.html</url><media>El_País</media><section>ccaa</section><date>2015/07/07</date><authors>José Marcos</authors></header>


<body>
<title>
Ciudadanos apoya que no se renueve Telemadrid hasta que se apruebe su ley
</title>
<subtitle>
El PSOE y Podemos exigen que se designe al nuevo Consejo de la cadena pública, donde el PP perdería la mayoría
</subtitle>
<main_text>
 <p>Cristina Cifuentes no descarta retrasar hasta final de año la elección del Consejo de Administración de Radio Televisión Madrid, que entre otras funciones decide los contenidos de Telemadrid y de Onda Madrid. El Partido Popular mantiene su dominio en el órgano de control del ente público, donde cuenta con cinco de los nueve miembros que forman el consejo, un reparto que ignora el resultado electoral de mayo, en el que los populares perdieron la mayoría absoluta en la región por primera vez desde 1995.</p> <p>El reglamento de la Asamblea fija que los partidos propondrán a los miembros del consejo “al inicio de cada legislatura y una vez constituida la Asamblea” aunque no especifica fechas, justifica el PP. “Existe el compromiso de cambiar la ley que regula Telemadrid, pero me parece que ahora no tiene sentido cambiar el consejo, sabiendo que va a haber una modificación de la ley en las próximas semanas o a más tardar en meses, antes de final de año”, ha afirmado la presidenta regional.</p> <p>La postura de Cifuentes contrasta con la del PSOE y Podemos, que exigen que no se retarde la designación de los nuevos cargos. Los socialistas pasarían de dos a tres miembros en el consejo, mientras que Podemos debutaría con dos y Ciudadanos con uno. El portavoz del PSOE en el Parlamento regional, Ángel Gabilondo, recalcó que hay que aplicar el reglamento de la Cámara. “Es imprescindible elegir a las personas que compongan el nuevo consejo. Toca renovarlo y poner a profesionales al frente de Telemadrid, no a cargos políticos”, observó.</p> <h3>Televisión “politizada”</h3> <p>El responsable de Podemos, José Manuel López, estuvo en la misma línea que Gabilondo. “Telemadrid va a estar politizada durante los próximos seis meses”, aseveró, tras reprochar que PP y Ciudadanos impidieran con su mayoría en la Mesa la creación de una comisión de estudio para cambiar el modelo y la elección de los nuevos consejeros.</p> <p>El portavoz de Ciudadanos, Ignacio Aguado, respaldó a Cifuentes: “Hay que actuar cuanto antes para que esa reforma legislativa vea la luz antes de fin de año, pero ahora no tiene sentido nombrar nuevos consejeros”. “Nuestra posición es que hagamos primero la ley en el plazo más breve posible que nos permita la práctica parlamentaria y, una vez esté la nueva ley, se designen los representantes”, señaló a su vez el portavoz del PP, Enrique Ossorio. Aunque afirmó que Telemadrid tendrá una nueva legislación en un plazo “muy breve”, no aclaró cuándo.</p> 
</main_text>
</body>

</text>



