<?xml version="1.0" encoding="UTF-8"?>


<text>


<header><url>http://ccaa.elpais.com/ccaa/2015/02/06/catalunya/1423245950_840450.html</url><media>El_País</media><section>ccaa</section><date>2015/02/06</date><authors>El País</authors></header>


<body>
<title>
Restablecido el tráfico en la A-2 tras un accidente en Sant Andreu de la Barca
</title>
<subtitle>
Dos camiones colisionan en la autovía y uno de los conductores resulta herido leve. El siniestro ha provocado largas colas en ambos sentidos de la marcha
</subtitle>
<main_text>
 <p>El tráfico en la autovía A-2 ya ha vuelto a la normalidad, tras las largas colas que ha provocado un accidente entre dos camiones a la altura de Sant Andreu de la Barca. La colisión se ha producido a las 15.30 y ha obligado a cortar el tráfico durante una hora y media. Uno de los conductores ha resultado herido leve y ha sido trasladado al Hospital Moisès Broggi de Sant Joan Despí. </p> <p>El siniestro ha provocado largas colas de hasta 7,7 kilómetros hacia Barcelona y 2,2 en dirección sur. Durante una hora y media la autovía ha permanecido cortada, en sentido Barcelona, y los coches han sido desviados por la antigua carretera N-II, que también ha sufrido retenciones. Sobre las seis de la tarde se ha reabierto uno de los carriles, según informa el Servicio Catalán del Tráfico. Media hora más tarde el segundo carril. Las retenciones han durado hasta las 21.00 horas. </p> <p>Cuatro patrullas de los Mossos d'Esquadra, tres dotaciones de los bomberos de la Generalitat y equipos médicos se han desplazado al lugar del accidente donde una grúa retira los dos camiones implicados en el accidente. </p> 
</main_text>
</body>

</text>



