<?xml version="1.0" encoding="UTF-8"?>


<text>


<header><url>http://ccaa.elpais.com/ccaa/2015/02/06/paisvasco/1423237836_942966.html</url><media>El_País</media><section>ccaa</section><date>2015/02/06</date><authors>EFE</authors></header>


<body>
<title>
Uriarte dice que Bilbao es ya un colaborador “necesario” de la red
</title>
<subtitle>
EH Bildu y PSE critican el acuerdo de colaboración firmadi con la Solomon R. Guggenheim
</subtitle>
<main_text>
 <p>La consejera de Educación, Política Lingüística y Cultura del Gobierno Vasco, Cristina Uriarte, ha puesto en valor el museo Guggenheim de Bilbao y ha considerado que es ya un colaborador necesario en la red de la Fundación Solomon Guggenheim de Nueva York. Uriarte ha comparecido este viernes ante la Comisión de Cultura del Parlamento vasco para hablar del acuerdo de renovación por veinte años de la relación del museo bilbaíno con la fundación neoyorquina, un plazo que a juicio del Gobierno Vasco es positivo por la estabilidad que aporta, pero que han criticado EH Bildu y el PSE-EE.</p> <p>El convenio de renovación de la colaboración incluye algunas novedades respecto al establecido en 1994, ya que, por ejemplo, la Fundación Solomon Guggenheim pasa de gestionar el museo bilbaíno a participar en su gestión. También se contempla la organización cada dos años de una exposición de seis meses con obras clave y representativas de las colecciones del museo de Nueva York a partir de 2016.</p> <p>En cuanto a la financiación, el nuevo convenio establece el pago de un canon anual del museo bilbaíno a la Fundación de 2,4 millones de dólares americanos, unos 1,9 millones de euros, cuando hasta ahora era una cantidad variable en función de los servicios que recibía.</p> <p>Uriarte ha destacado que con el nuevo convenio el museo bilbaíno logra una gran autonomía y personalidad propia y ha destacado la estabilidad que da la vigencia de veinte años, el doble de lo que había hasta ahora.</p> <p>La consejera ha defendido la rentabilidad social, económica y cultural del museo bilbaíno tras insistir en el éxito de sus veinte primeros años, que le han hecho colaborador necesario de la red de la fundación Solomon Guggenheim.</p> <p>Ha recordado que en 1994 los gestores de Nueva York no tenían la garantía de excelencia en la gestión del museo de Bilbao, pero ahora han comprobado la gran profesionalidad de sus directivos.</p> <p>A juicio de Uriarte, estar dentro de la red de la Fundación neoyorquina con garantías es una oportunidad excelente para la promoción internacional del arte vasco.</p> <p>Por último, la consejera de Educación, Política Lingüística y Cultura del Gobierno Vasco ha concluido que el dinero destinado al museo Guggenheim Bilbao está bien invertido por su rentabilidad social, cultural y económica.</p> <p>El parlamentario del PSE-EE Vicente Reyes ha sido muy crítico con la consejera a la que ha acusado de intentar obstaculizar el trabajo del Parlamento al haber tenido que pedir el amparo de la Mesa para que el Gobierno remitiera el texto del convenio, una vez que había incumplido todos los plazos establecidos. Reyes ha dicho que el acuerdo ha estado mal negociado, que ignora el arte vasco y que financieramente es más perjudicial que el anterior.</p> <p>Además ha cuestionado la bondad de haber pasado de un plazo de vigencia de 10 a 20 años, al considerar que son muchos años en un ámbito muy cambiante.</p> <p>Estitxu Breñas, de EH Bildu, también ha criticado el retraso en el envío al Parlamento de la documentación y ha tachado de no adecuados los veinte años de vigencia del convenio. Breñas ha puesto en cuestión asimismo la financiación acordada, porque se ha cerrado en dólares y las previsiones de los expertos es que la moneda americana se va a ir revalorizando frente al euro.</p> <p>Juan Antonio Arieta-Araunabeña (PNV) ha felicitado al Gobierno Vasco por el acuerdo, enormemente positivo para Bilbao, Bizkaia y el País Vasco, y ha dicho que las críticas de los grupos vienen por intereses políticos partidistas de desgaste del Ejecutivo.</p> 
</main_text>
</body>

</text>



