<?xml version="1.0" encoding="UTF-8"?>


<text>


<header><url>http://ccaa.elpais.com/ccaa/2015/08/07/catalunya/1438950110_729006.html</url><media>El_País</media><section>ccaa</secion><date>2015/08/07</date><authors>Juan Carlos Olivares</authors></header>


<body>
<title>
La Biennale de Teatro, un gran claustro internacional
</title>
<subtitle>
La representación española en el festival de Venecia que dirige Àlex Rigola desde 2011 es altamente significativa
</subtitle>
<main_text>
 <p>En el parloteo de la espera manda el inglés, <em>lingua franca</em>. Pero entre los pequeños grupos predomina el italiano y el español. En un círculo está Irene Escolar con Israel Elejalde y Agus Ruiz. En otro José Luis Gómez con Lluís Pasqual, Carmen Machi y Helena Pimenta. Cerca Natalia Sánchez y Nao Albet saludando a Mamen Duch, de las T de Teatre. Y muchas más caras conocidas de Barcelona o Madrid reunidas en un sofocante atardecer veneciano de agosto. Un calor perlado de sudor que no se sublima ni con el rosa Tiepolo que se dibuja en el cielo. Aquí, ante el Teatro alla Tese, una nave del 1500 dentro del complejo del Arsenale, se cuecen los cuerpos y se cuece el futuro del teatro.</p> <p>La representación española es significativa en esta Biennale de Teatro, la tercera dirigida por Àlex Rigola desde que se estrenó en el cargo en 2011. Algunos están de festivalero bolo: llegar, ensayar, interpretar y marchar. Otros están de visita, en calidad de espectadores curiosos, atraídos por el intensivo programa de teatro internacional que ocupa todos los escenarios de la ciudad durante diez días. Muchos están en Venecia como maestros y alumnos del Biennale College, la aportación de Rigola a la historia de la sección del teatro. Y unos pocos privilegiados intentan combinar todos los roles.</p> <p>Al final lo ha conseguido, después de siete años y antes de un posible cambio en la dirección. Rigola le ha dado la vuelta al calcetín. Esto ya no es un festival de exhibición; es un ambicioso laboratorio de teatro internacional que incluso rompe la lógica de la bienal. La academia abre sus puertas cada año desde 2010. En la presente edición hay cerca de 400 inscritos para participar en los talleres dirigidos por La Zaranda, Mark Ravenhill, Romeo Castellucci, Milo Rau, Lluís Pasqual, Oskaras Korsunovas, Christoph Marthaler, Thomas Ostermeier, Yasmina Reza, Max Glaenzel, Albert Faura, Pascal Rambert, Jan Lauwers, Fabrice Murgia, Falk Richter, Antonio Latella y Christiane Jatahy: Un claustro extraordinario que en algún caso dobla su presencia en las funciones de noche.</p> <p>Además de espectáculos que ya han pasado por nuestros escenarios, como <em>El caballero de Olmedo</em> de Pasqual, <em>El régimen del pienso</em> de La Zaranda, <em>A house in Asia</em> de la Agrupación Señor Serrano, <em>Hate Radio</em> de Rau y el <em>Hamlet</em> de Korsunovas; la Biennale de Teatro es también una oportunidad para recuperar montajes significativos de un director como Ostermeier. Su versión de <em>El</em> <em>Matrimonio de Maria Braun</em> de Fassbinder es una elegante farsa –protagonizada por la espléndida Ursina Lardi– sobre el milagro alemán. Ascenso y caída de una mujer dispuesta a todo para prosperar a la espera de reencontrarse con el amor de su marido. Carrera amoral por un sueño estéril. También Marthaler es aficionado a la farsa. En <em>Das weisse vom Ei</em> (<em>La clara del huevo</em>) somete a su grotesco juego del tiempo una convencional comedia de bulevar. Personajes de la pequeña burguesía atrapados en una bufonada expresionista; marionetas manipuladas por un duende cruel para hacer de ellas caricaturas lastimosas. Más extrema es la propuesta de Falk Richter. Danza-teatro –o viceversa– para poner en evidencia la creciente soledad en la que nos movemos, buscada y no asumida, o encontrada sin saber qué hacer con ella. En tiempo de Twitter, Facebook, Instagram o Tinder, <em>Never Forever</em> plantea una pregunta sencilla (¿quién eres?) sin respuesta. Como dice uno de sus personajes: un <em>time-line</em> no es una biografía y 140 caracteres no es una conversación entre amigos. Existir también es contacto físico. Ese que su compañía derrocha con dolor y rabia en el escenario.</p> 
</main_text>
</body>

</text>



