<?xml version="1.0" encoding="UTF-8"?>


<text>


<header><url>http://ccaa.elpais.com/ccaa/2015/11/06/catalunya/1446811885_638965.html</url><media>El_País</media><section>ccaa</section><date>2015/11/06</date><authors>El País</authors></header>


<body>
<title>
El juez Santi Vidal será el cabeza de lista de ERC al Senado
</title>
<subtitle>
Vidal está apartado de la judicatura por haber participado en los trabajos de una constitución para un Estado catalán
</subtitle>
<main_text>
 <p>El juez Santi Vidal –apartado de la judicatura por haber participado en los trabajos de una constitución para un Estado catalán – será el cabeza de lista de ERC al Senado, han explicado a Europa Press fuentes del partido republicano.<br /> <br /> Vidal colabora, desde su suspensión, con los partidos soberanistas y acompañó al presidente de la Generalitat, Artur Mas, el día de su declaración ante la justicia por su imputación por haber organizado al procesoparticipativo del 9N.<br /> <br /> ERC sitúa a Vidal como su jefe de filas al Senado, mientras que la candidatura al Congreso estará liderada por el tándem Gabriel Rufián-Joan Tardà, aunque está por definir quién irá de uno y quién de dos.</p> 
</main_text>
</body>

</text>



