<?xml version="1.0" encoding="UTF-8"?>


<text>


<header><url>http://ccaa.elpais.com/ccaa/2015/01/07/valencia/1420635197_955827.html</url><media>El_País</media><section>ccaa</section><date>2015/01/07</date><authors>  Ignacio Zafra</authors></header>


<body>
<title>  El organizador de la ‘rave’ de Benagéber está en busca y captura</title>
<subtitle>  Prisión sin fianza para el conductor del camión implicado en un accidente mortal tras participar en la fiesta al dar positivo en drogas</subtitle>
<main_text>
   <p>El organizador de la <em>rave</em> de Nochevieja que durante cinco días estuvo activa en la localidad valenciana de Benagéber, está en busca y captura, según ha asegurado el delegado del Gobierno en la Comunidad Valenciana, Serafín Castellano, quien ha indicado que parece ser de nacionalidad italiana.</p> <p>El magistrado titular del juzgado de Instrucción número 1 de Requena ha enviado a prisión sin fianza, por otra parte, al conductor del camión implicado en un accidente que causó la muerte de otro hombre que conducía la grúa encargada de remolcar los vehículos estropeados de la macrofiesta ilegal dio positivo en el control de drogas.</p>   <p>El hombre, de 41 años, está acusado de un delito contra la seguridad del tráfico con resultado de homicidio imprudente.</p> <p>El delegado del Gobierno ha hecho hincapié en que desde el primer momento la postura oficial ante la fiesta ilegal ha consistido en primar la seguridad de las personas, así como evitar cualquier tipo de desordenes y de incidentes, ya que cualquier tipo de actuación pudiera haber producido incidentes complejos y desgraciados.</p> <p>Según los últimos datos, en esta fiesta se identificaron 1.633 personas y 561 vehículos. Asimismo, se levantaron 18 actas por tenencia de drogas; seis por armas; 27 por cuestiones de tráfico: 64 en relación con la Ley de Montes; 85 por acampada, y cuatro por temas respecto a animales. Asimismo, se realizaron numerosos controles de droga y más del 60% de las personas que se sometieron a ellos dieron positivo.</p> <p>La Guardia Civil ha elaborado un exhaustivo informe que trasladará a las autoridades administrativas y judiciales para las correspondientes sanciones.</p> <p>El fallecido en el accidente de tráfico al término de la fiesta era el conductor de una grúa de Utiel que se dirigía a recoger un vehículo averiado en la <em>rave</em>. Además del muerto, el accidente provocó heridas a una mujer, mientras que un hombre sufrió una crisis de ansiedad. Ambos fueron trasladados al Hospital de Requena.</p> <p>El conductor del camión es de nacionalidad extranjera, y el vehículo que conducía tenía matrícula francesa.</p> 
</main_text>
</body>

</text>



