<?xml version="1.0" encoding="UTF-8"?>


<text>


<header><url>http://ccaa.elpais.com/ccaa/2015/04/07/catalunya/1428360331_081493.html</url><media>El_País</media><section>ccaa</section><date>2015/04/07</date><authors>Camilo S. Baquero</authors></header>


<body>
<title>
Cinco muertos en las carreteras catalanas durante la Semana Santa
</title>
<subtitle>
La Generalitat registra un 5% más de tráfico por Pascua respecto a 2014
</subtitle>
<main_text>
 <p>La operación de tráfico por Semana Santa terminó con cinco muertos en las carreteras catalanas, dos de ellos motoristas. El último accidente mortal ocurrió en Lleida. Solo entre jueves y viernes un total de 404.620 vehículos salieron del Área Metropolitana de Barcelona. A las ocho de la noche de ayer ya habían regresado 549.000 coches, el 92% de lo previsto por del Servicio Catalán de Tráfico (SCT).</p> <p>El último accidente registrado involucró a dos turismos y dejó un muerto, una anciana de 72 años. Cinco pasajeros resultaron heridos, dos de ellos de gravedad. El director del SCT, Joan Josep Isern, explicó que la cifra de accidentalidad de este año rompe con la tendencia a la baja. En la Semana Santa de 2014 solo se produjeron dos fallecidos. En 2013, tres. Isern alertó sobre el aumento de las distracciones al volante. De los cinco accidentes mortales, tres se produjeron por salidas de vía y dos por colisiones.</p> <p>Los viajeros se encontraron ayer con carreteras menos repletas de lo habitual, pues, según Isern, el regreso se hizo de manera escalonada y muchas personas adelantaron la vuelta. Los mayores atascos ocurrieron en la A-2, cerca de Tàrrega (Lleida) y en la AP-7, a la altura de Castellbisbal (Barcelona).</p> <p>La Federación Catalana de Actividades Recreativas Musicales contabilizó una ocupación del 80% en los locales de ocios y restaurantes durante el fin de semana. Por su parte, las tres pistas de esquí de Girona recibieron entre el viernes y ayer un total de 17.500 personas. Las dos de Lleida, 6.200.</p> 
</main_text>
</body>

</text>



