<?xml version="1.0" encoding="UTF-8"?>


<text>


<header><url>http://ccaa.elpais.com/ccaa/2015/08/07/catalunya/1438963074_151857.html</url><media>El_País</media><section>ccaa</secion><date>2015/08/07</date><authors>Antía G. M.</authors></header>


<body>
<title>
Marruecos dice que tramitará la entrada del periodista Lmrabet
</title>
<subtitle>
Ali Lmranbet pretende abrir una nueva revista satírica
</subtitle>
<main_text>
 <p>Las autoridades marroquíes han afirmado este viernes que tramitarán la documentación que permita el regreso del periodista Ali Lmarbet. El reportero ha asegurado a la salida del consulado de Marruecos en Barcelona que previsiblemente conseguirá su pasaporte. Lmartbet también ha añadido que tiene en mente abrir una nueva revista satírica. </p>   <p>Lmbert ha viajado a Barcelona desde Ginebra donde el 24 de junio comenzó una huelga de hambre para protestar contra las políticas del Gobierno marroquí respecto a la libertad de expresión. En 2005, un tribunal condenó a Lmarbet a 10 de inhabilitación por afirmar que los saharauis de Tinduf, en Argelia, eran refugiados reconocidos por la ONU y no secuestrados por el Frente Polisario, como aseguraba el Gobierno marroquí. La sentencia le impedía ejercer su profesión en cualquier medio marroquí.</p> <p>La condena de Lmarbet expiró el pasado 11 de abril y desde el día 20 del mismo mes ha intentado renovar su pasaporte y su documento de identidad para regresar a su país de origen y volver a empezar de cero creando una nueva revista satírica. Pero las autoridades marroquíes le han negado repetidamente la renovación de sus documentos.</p> <p>Esta no es la primera condena contra Lmarbet. En 2003 fue sentenciado a cuatro años de prisión y las autoridades de Marruecos cerraron sus semanarios satíricos Demain, en francés, y Duman, en árabe. Finalmente, Lmarbet solo cumplió ocho meses de prisión gracias a la presión internacional sobre el Gobierno marroquí y a una huelga de hambre que mantuvo durante 50 días.</p> 
</main_text>
</body>

</text>



