<?xml version="1.0" encoding="UTF-8"?>


<text>


<header><url>http://ccaa.elpais.com/ccaa/2015/04/07/catalunya/1428413097_072147.html</url><media>El_País</media><section>ccaa</section><date>2015/04/07</date><authors>Àngels Piñol</authors></header>


<body>
<title>
Homs replica a Rajoy que Europa ha cambiado mucho en 30 años
</title>
<subtitle>
El Ejecutivo catalán pide al presidente del Gobierno que asuma el mandato del 27-S
</subtitle>
<main_text>
 <p>El Gobierno catalán tiene clara su estrategia en el caso de que la mayoría soberanista se imponga de nuevo en las elecciones del 27-S y esta mañana ha dado muestras de no arredrarse pese a las palabras de Mariano Rajoy. El presidente del Ejecutivo central avisó este lunes en una entrevista que Europa jamás aceptará una Declaración Unilateral de Independencia como la pactada por Convergència y Esquerra Republicana. Francesc Homs, consejero de la Presidencia, ha subrayado que la realidad contradice a Rajoy al recordar que muchos de los 27 Estados que conforman actualmente la Unión Europea no existían hace 30 años.</p> <p>La realidad desmiente el 'nunca jamás' de Rajoy. En los últimos 25 años han cambiado mucho las cosas y supongo que entonces él también decía que nada cambiaría”, ha afirmado Homs tras la reunión de gabinete que se ha celebrado sin la presencia de Artur Mas, de visita a Estados Unidos y por la aprobación de un plan de lucha contra el paro. El portavoz ha lamentado que Rajoy no de al problema catalán ninguna respuesta más allá del no y que solo conteste con “amenazas y declaraciones de todo tipo”. A su juicio, el Gobierno central debería de comprometerse de entrada con el resultado que arrojen las urnas, “sea el que sea”. “Ese es nuestro compromiso. Lo que salga es mandato porque de lo contrario parecería que estamos en una tertulia o en un bar. Hay que respetar lo que el pueblo quiere. ¿Qué democracia sería entonces?”. se ha preguntado de forma retórica.</p>   <p>Tras señalar que las cosas en política internacional son “cambiantes”, Homs ha defendido que declaraciones tan contundentes como las de Rajoy funcionan muy poco y que la democracia debería hacerse un hueco en todo el entramado del “no”. “A nivel internacional, las cosas no resisten el paso del tiempo a corto plazo y lo esencial es respetar la democracia”. En su discurso, Homs ha admitido que su Gobierno mantiene contactos oficiosos con potencias internacionales para explicar su plan. “Lo hacemos sin ir contra nadie y de forma constructiva”, ha subrayado acusando a Exteriores de mantener una conducta opuesta. Su objetivo en Acción Exterior es explicar Cataluña desde un punto de vista democrático, económico y cultural. “Esos son los tres ejes y los aplicamos de acuerdo con nuestras competencias. Eso es lo que hace un Gobierno en defensa de su país y sin ir contra nadie”.</p> 
</main_text>
</body>

</text>



