<?xml version="1.0" encoding="UTF-8"?>


<text>


<header><url>http://ccaa.elpais.com/ccaa/2015/06/08/madrid/1433771580_132320.html</url><media>El_País</media><section>ccaa</section><date>2015/06/08</date><authors>EP Isabel Cuesta</authors></header>


<body>
<title>
Ahora Getafe exige al PSOE excluir de los pactos a la exedil imputada
</title>
<subtitle>
Cristina González, exconcejala socialista de obras, ha sido acusado por estar involucrada en el 'caso aparcamientos'
</subtitle>
<main_text>
 <p>Ahora Getafe ha exigido al PSOE que aparte de la comisión negociadoraa la exconcejala Cristina González, que dimitió hace más de un año tras su imputación por el <em>caso aparcamientos</em>, para poder continuar con las reuniones con el fin de llegar a un acuerdo de cara a la investidura. En los resultados electorales del pasado 24 de mayo el Partido Popular encabeza con nueve escaños, seguido del PSOE con ocho, Ahora Madrid con siete, Ciudadanos dos e Izquierda Unida con un escaño.</p> <p>González ha sido imputada por su vínculo en el <em>caso aparcamientos</em> cuando fuera exconcejal de obras bajo el gobierno del socialista Pedro Castro. Se trataba entonces de la construcción de cinco aparcamientos, que según la denuncia hecha por el Partido Popular podrían ser parte de delitos de prevaricación, cohecho y tráfico de influencias. El pasado cuatro de junio González había formado parte de la representación enviada por el PSOE a la primera reunión de toma de contacto con Ahora Getafe, en la que se pretendía intercambiar opiniones y dialogar sobre la irrupción de Ahora Getafe en el mapa político del municipio, y los cambios en materia de lucha contra la corrupción que ello puede suponer en cualquier formación de gobierno.</p> <p>Según Ahora Getafe, en línea con este último aspecto, causa perplejidad la composición del equipo de negociación enviado por el PSOE, que incluye a una persona imputada en un conocido caso de corrupción, en suspensión a la espera de los recursos presentados ante la Audiencia Provincial, poniendo en relieve una vez más que el proceso de regeneración política y democrática de dicha formación política muestra un déficit, cuanto menos de decoro, y subrayaron: Entendemos una política de gestos en la que parece del todo inaceptable reconocer como interlocutora válida a Cristina González, por lo que solicitamos su no inclusión o sustitución como requisito indispensable para proseguir las negociaciones”.</p>   <p>En este sentido, han señalado que una vez haya cambios respecto a la interlocución, la candidatura está dispuesta a volver a las negociaciones cumpliendo con la demanda y exigencia de quienes han votado por las propuestas de transparencia y anticorrupción promovidas por Ahora Getafe.</p> <p>Sin embargo, la cabeza de lista al Ayuntamiento por el partido socialista, Sara Hernández, ha declarado a este periódico que Cristina Gónzalez es “un cargo orgánico dentro del partido”. “Nosotros tenemos un cuerpo ético para cargos públicos y para cargos orgánicos”, ha explicado la candidata del PSOE.</p> <p>“En el momento en que Ahora Getafe ha lanzado ese comunicado, las negociaciones no han parado”, ha dicho Hernández y ha destacado: “Es importante apuntar la buena voluntad que tenemos todas la fuerzas de izquierda para lograr un cambio para Getafe, para modificar Getafe. Este cambio está encaminado a sacar al Partido Popular del Ayuntamiento”.</p> 
</main_text>
</body>

</text>




