<?xml version="1.0" encoding="UTF-8"?>


<text>


<header><url>http://ccaa.elpais.com/ccaa/2015/08/07/catalunya/1438947356_166631.html</url><media>El_País</media><section>ccaa</secion><date>2015/08/07</date><authors>Stefania Gozzer</authors></header>


<body>
<title>
Un mecánico muere al caerle encima un elevador eléctrico en Barcelona
</title>
<subtitle>
La víctima, que tenía 65 años, era autónomo y residía en L'Hospitalet de Llobregat
</subtitle>
<main_text>
 <p>Un mecánico de 65 años ha fallecido este viernes en Barcelona al caerle encima un elevador eléctrico en su centro de trabajo, según han informado los Mossos d'Esquadra. Los agentes han recibido a las 9.40 un aviso de un accidente en un taller ubicado en el número 3 de la calle de Rocafort. Las ambulancias del Sistema de Emergencias Médicas (SEM) y del Centro de Urgencias y Emergencias Sociales de Barcelona (Cuesb) han acudido, pero no han podido hacer nada por la víctima.</p>   <p>El empleado era un trabajador autónomo, según ha informado CC OO en un comunicado. Se encontraba solo en un área del taller cuando el responsable oyó un fuerte ruido. Al acercarse, no encontró a su compañero pero vio que el elevador está en el suelo, así que llamó a emergencias e intentó levantarlo él mismo con un gato hidráulico. La víctima era un vecino de L'Hospitalet de Llobregat de nacionalidad española.</p> <p>Los Mossos ya han puesto en marcha el protocolo habitual en este tipo de casos, que consiste en informar de los hechos a los juzgados y al Departamento de Empresa. Este es el segundo accidente laboral con víctimas mortales ocurrido en los últimos siete días, después de que un trabajador de la empresa Toi Toi Sanitarios Móviles, de Olesa de Montserrat, falleciera el pasado 31 de julio, según ha informado CC OO. La víctima quedó atrapada cuando maniobraba una carretilla elevadora.</p> 
</main_text>
</body>

</text>



