<?xml version="1.0" encoding="UTF-8"?>


<text>


<header><url>http://ccaa.elpais.com/ccaa/2015/01/07/catalunya/1420628552_709029.html</url><media>El_País</media><section>ccaa</section><date>2015/01/07</date><authors>  EFE</authors></header>


<body>
<title>  Suspendido el maratón en Sabadell por el temporal de diciembre</title>
<subtitle>  La competición no se celebrará al no quedar garantizada la seguridad de los corredores</subtitle>
<main_text>
   <p>La Unión Excursionista de Sabadell (UES) ha suspendido el maratón por montaña de Sabadell. La denominada Llanera Trail, prevista para el 25 de enero, no se celebrará porque no se puede garantizar la seguridad de los corredores.</p> <p>La decisión se ha tomado después que la organización haya evaluado el estado del entorno de la ciudad por donde tenía que discurrir la carrera. Hay numerosos árboles caídos como consecuencia de los fuertes vientos registrados el pasado 9 de diciembre que dificultan el paso y suponen un peligro para los participantes.</p> <p>La devastación del temporal fue tan grave que ha cambiado el paisaje, ha destruido caminos y senderos y en zonas como el bosque de Can Deu, en Can Vilar o Can Casamada las afectaciones han llegado al 100 %, señala la UES en un comunicado.</p> <p>La asociación anuncia que ante el grave estado del espacio y por motivos de seguridad, el Ayuntamiento de Sabadell ha prohibido los accesos a los espacios naturales del río Ripoll y del entorno. Los dos recorridos de la Llanera Trail, tanto el del maratón, como el de la carrera de 25 kilómetros han quedado gravemente dañados y buena parte quedan dentro del área prohibida.</p> <p>La organización trabaja ahora para trazar un nuevo recorrido y establecer una fecha para celebrar la prueba.</p> <p> </p> 
</main_text>
</body>

</text>



