<?xml version="1.0" encoding="UTF-8"?>


<text>


<header><url>http://ccaa.elpais.com/ccaa/2015/02/06/catalunya/1423220699_554195.html</url><media>El_País</media><section>ccaa</section><date>2015/02/06</date><authors>EFE</authors></header>


<body>
<title>
El escritor y periodista Xavier Bosch gana el Ramon Llull con ‘Algú com tu’
</title>
<subtitle>
La entrega del premio se aplazó por la muerte del editor José Manuel Lara Bosch
</subtitle>
<main_text>
 <p>El escritor y periodista Xavier Bosch ha ganado hoy la 35 edición del Premio de las Letras Catalanas Ramon Llull, dotado con 60.000 euros, por la obra <em>Algú com tu.</em> De un total de 54 manuscritos, llegaron a la final del premio cuatro obras, de las que el jurado ha acabado eligiendo la de Bosch.</p> <p>La entrega del premio, prevista para el día 3 de febrero, se aplazó por la muerte del editor José Manuel Lara Bosch y próximamente se comunicará la fecha de entrega oficial del galardón, en un acto que tendrá lugar en el Palau de la Generalitat.</p> <p>La crónica trata la reconstrucción de una historia de amor entre Jean-Pierre Zanardi, galerista de la Rive Gauche, y Paulina Homs, una barcelonesa de vida tranquila y familiar que un día llega a París para la boda de una prima. Entre los dos surgirá un amor, con cuatro días de intensa relación, que los marcará para siempre y que Gina, la hija de Paulina, descubrirá muchos años más tarde, después de la muerte de su progenitora, a través de las palabras escritas en las cartas de la pareja.</p> <p>Nacido en la capital catalana en 1967, Bosch es el autor de la trilogía de novelas protagonizadas por el periodista-investigador Dani Santana, <em>Se sabrà tot</em> (Premio Sant Jordi 2009), <em>Homes d'honor</em> (2012) y <em>Eufòria</em> (2014). Asimismo, ha publicado los cuentos <em>Jo, el simolses</em> y <em>Vicis domèstics</em> y la novela juvenil <em>La màgia dels reis</em>.</p> <p>En el ámbito del periodismo, es recordado por ser el creador de formatos audiovisuales de éxito en TV3 como <em>Alguna pregunta més?</em> y <em>El gran dictat</em>, o por el programa radiofónico <em>El Món</em> a RAC1. También ha sido director del diario <em>Avui</em> y del programa de TV3 <em>Agora</em>, y actualmente es miembro del consejo editorial del periódico <em>Ara.</em></p> <p>El Premio Ramon Llull, otorgado por primera vez en 1981 con el objetivo de contribuir a estimular la creación literaria en catalán e impulsar su difusión, ha sido entregado, a lo largo de su historia, a personalidades como Joan Perucho, el primer ganador; Pere Gimferrer, Carme Riera, Terenci Moix, Baltasar Porcel, Vicenç Villatoro, Sílvia Soler o Care Santos, el año pasado.</p> <p><em>Algú com tu</em> se editará en catalán, castellano y también en francés (Éditions Robert Laffont).</p> 
</main_text>
</body>

</text>



