<?xml version="1.0" encoding="UTF-8"?>


<text>


<header><url>http://ccaa.elpais.com/ccaa/2015/02/06/valencia/1423228760_315077.html</url><media>El_País</media><section>ccaa</section><date>2015/02/06</date><authors>Vicente Sobrino</authors></header>


<body>
<title>
Simón Casas gestionará la plaza de Valencia cuatro temporadas
</title>
<subtitle>
El empresario estudia la reaparición de El Soro en el cartel de Fallas
</subtitle>
<main_text>
 <p>La empresa Simón Casas Production ya es oficialmente la gestora de la plaza de toros de Valencia, para las próximas cuatro temporadas, más dos posibles prórrogas, al haberse firmado ya el contrato de arrendamiento con la Diputación Provincial. De esta forma se pone fin a un proceso largo y que ha necesitado de las convocatorias de dos concursos, al ser recurrido el primero por uno de los posibles licitantes y modificarse el pliego de condiciones</p> <p>Con el tiempo justo para presentar los carteles de Fallas, la empresa está ultimando la confección de los mismos que constarán de siete corridas de toros, un festejo de rejones, dos novilladas picadas y una de promoción. La Feria comenzará el viernes 13 y se prolongará hasta el domingo 22 de marzo.</p> <p>Aunque no ha transcendido combinación alguna, se está estudiando la reaparición de Vicente Ruiz “El Soro” tras su última actuación en esta plaza, que data del 19 de marzo de 1994. Pocos días después El Soro caería gravemente lesionado de su rodilla izquierda y tras más de 30 operaciones pudo reaparecer en los ruedos el pasado mes de agosto en la Fira de Xàtiva,</p> <p>De confirmarse la vuelta de El Soro, ésta podría producirse el lunes 16 de marzo con un cartel en el que estaría acompañado por Enrique Ponce y José María Manzanares. La empresa tiene intención de dar a conocer los carteles de manera oficial la próxima semana.</p> 
</main_text>
</body>

</text>



