<?xml version="1.0" encoding="UTF-8"?>


<text>


<header><url>http://ccaa.elpais.com/ccaa/2015/02/06/andalucia/1423235358_460371.html</url><media>El_País</media><section>ccaa</section><date>2015/02/06</date><authors>EFE</authors></header>


<body>
<title>
Los críticos de Podemos rechazan la lista de “despacho” de Rodríguez
</title>
<subtitle>
La fiscalía pide 15 meses de cárcel para Cañamero por atentado a un agente
</subtitle>
<main_text>
 <p>La candidatura crítica de Podemos Andalucía desde Abajo, compuesta por círculos de las ocho provincias y que se medirá en las primarias de este partido con la opción de la eurodiputada Teresa Rodríguez, lamentó este viernes que su lista sea producto de “acuerdos de despacho”.</p> <p>Podemos Andalucía celebra este fin de semana elecciones primarias para elegir a más de un centenar de representantes de las ocho provincias que se convertirán en los candidatos al Parlamento andaluz para las próximas elecciones autonómicas del 22 de marzo.</p> <p>Unos 55.000 inscritos en esta organización tendrán la última palabra en unas votaciones que perfilan como favorita a la lista que encabeza la eurodiputada gaditana Teresa Rodríguez, la previsible candidata de Podemos a la Presidencia de la Junta, que se presentará por Sevilla si sale elegida.</p> <p>Los resultados se conocerán el próximo lunes y, hasta domingo, los inscritos de Podemos podrán elegir entre esta opción y la presentada por los críticos de Andalucía desde Abajo, cuya “cara visible” es la malagueña Rocio Filpo, que sería la candidata de los críticos a la Secretaría General cuando se elijan los órganos internos.</p> <p>Durante la presentación de la candidatura, Alejandro García, del círculo Macarena de Sevilla, declaró que la lista ha surgido de encuentros provinciales “abiertos participativos y democráticos”. “La mejor manera de hacer las cosas y de recoger el espíritu del manifiesto que dio origen a Podemos, y no en reuniones en despachos”, afirmó.</p> <p>García insistió en que la candidatura de Rodríguez está “hecha, diseñada en los despachos”, en referencia al acuerdo entre la eurodiputada y el secretario de Organización, Sergio Pascual, que recibió el respaldo del secretario general, Pablo Iglesias.</p> <h3>Juicio a Cañamero</h3> <p>Por su parte, la fiscalía ha mantenido la pena de 15 meses de cárcel que pide para el líder jornalero y seguidor de Podemos Diego Cañamero por un delito de atentado a agente de la autoridad en unas movilizaciones de 2009, mientras que otros cinco acusados han acordado una rebaja en las penas y evitan entrar en la cárcel. Cañamero, al que un policía acusa de tirarle una piedra de un kilo en el abdomen, no se ha presentado en la sala. Su abogado ha pedido la absolución.</p> 
</main_text>
</body>

</text>



