<?xml version="1.0" encoding="UTF-8"?>


<text>


<header><url>http://ccaa.elpais.com/ccaa/2015/07/07/madrid/1436267749_390420.html</url><media>El_País</media><section>ccaa</section><date>2015/07/07</date><authors>EFE</authors></header>


<body>
<title>
Maquinaria pesada intenta apagar el fuego en el vertedero ilegal
</title>
<subtitle>
Los servicios municipales del Ayuntamiento de Madrid continúan este martes los trabajos para sofocar el incendio
</subtitle>
<main_text>
 <p>Los servicios municipales del Ayuntamiento de Madrid continúan este martes los trabajos con maquinaria pesada para sofocar el incendio registrado desde hace una semana en un vertedero ilegal situado entre la capital y Rivas Vaciamadrid, después de se iniciaran estas labores desde el lunes.</p> <p>Los concejales de Salud y Seguridad, Javier Barbero; de Medio Ambiente, Inés Sabanés; y del distrito de Vallecas, Paco Pérez, se habían reunido el lunes con representantes de la Policía Municipal de Madrid, bomberos y Samur para afrontar la situación del vertedero.</p> <p>La acción de la maquinaria pesada abrió camino hasta el foco del incendio y permitirá que se pueda compactar la basura y retirarla de la zona, según han señalado fuentes municipales de Rivas. Posteriormente, se sellará y cubrirá la zona con tierra, como es habitual en el desalojo de vertederos.</p> <p>Desde el Ayuntamiento de Rivas han asegurado que en ninguno de los centros de salud ni en el hospital de Arganda del Rey, localidad colindante a Rivas, se han registrado casos de insuficiencia respiratoria, aunque sí ha habido llamadas a las fuerzas de seguridad para informar sobre la calidad del aire.</p> <p>La administración ha tomado muestras del aire y tiene previstas reuniones la próxima semana para analizar el resultado de la extinción y de todo el periodo que haya permanecido activo el incendio.Por su parte, los vecinos de la zona han convocado una concentración para la tarde del martes, a las 20 horas en la plaza del Ayuntamiento ripense para reflexionar sobre la situación.</p> 
</main_text>
</body>

</text>




