<?xml version="1.0" encoding="UTF-8"?>


<text>


<header><url>http://ccaa.elpais.com/ccaa/2015/02/06/paisvasco/1423227500_658528.html</url><media>El_País</media><section>ccaa</section><date>2015/02/06</date><authors>EFE</authors></header>


<body>
<title>
Cabieces se limita a declarar que ahora llega el “tiempo judicial”
</title>
<subtitle>
Ha declarado durante dos horas ante la fiscal de Bizkaia
</subtitle>
<main_text>
 <p><strong>Mikel Cabieces</strong>, exalcalde de Portugalete y exdelegado del Gobierno en el País Vasco, que se ha dado de baja temporalmente como militante del PSE-EE, ha rechazado realizar declaraciones tras comparecer este viernes ante la Fiscalía de Bizkaia por una denuncia interpuesta por Kutxabank contra el anterior presidente de la entidad financiera, Mario Fernández, por supuestas irregularidades de las que, presuntamente, Cabieces habría sido beneficiario. Es tiempo judicial, ha afirmado.</p> <p>El ministerio público investiga las supuestas anomalías denunciadas por Kutxabank, que habrían supuesto un coste de 243.592,02 euros para el banco durante la gestión de Mario Fernández al frente de la entidad financiera, una cantidad que ya ha sido devuelta.</p> <p>Mikel Cabieces ha comparecido a las 10.30 horas en el Palacio de Justicia de Bilbao, acompañado de su abogado Félix Rojo, y ha salido dos horas más tarde.</p> <p>A las 11.30 horas, ha entrado en la sede judicial el expresidente de Kutxabank Mario Fernández, que ha asegurado que se encuentra totalmente indignado por la denuncia planteada contra él por la entidad financiera, aunque ha asegurado que está tranquilo.</p> 
</main_text>
</body>

</text>



