<?xml version="1.0" encoding="UTF-8"?>


<text>


<header><url>http://ccaa.elpais.com/ccaa/2015/06/08/catalunya/1433760902_875734.html</url><media>El_País</media><section>ccaa</section><date>2015/06/08</date><authors>Alfonso L. Congostrina</authors></header>


<body>
<title>
Fernández Díaz: “El PSOE es el caballo de Troya de Podemos”
</title>
<subtitle>
El ministro culpa a los socialistas de querer excluir al PP de las instituciones pactando con formaciones sin "sentido de Estado"
</subtitle>
<main_text>
 <p>“El PSOE es el caballo de Troya de Podemos”, así de contundente se ha mostrado esta mañana el ministro del Interior, Jorge Fernández Díaz, al asegurar que la estrategia de los socialistas en toda España es promover pactos con otras formaciones con el único objetivo de “desplazar al Partido Popular de las instituciones”.</p> <p>Fernández Díaz ha realizado estas declaraciones aprovechando su presencia en un simulacro de la Guardia Civil en el frontal marítimo de Barcelona. El ministro ha querido ejemplificar la supuesta estrategia de los socialistas con el caso de Badalona. Allí, el actual alcalde del PP, Xavier García Albiol, ha conseguido 10 concejales, a solo un concejal de la mayoría absoluta. Guanyem (5 concejales), ERC (3), ICV-EUiA (2) y el PSC (4) ya han anunciado que pactarán y que Dolors Sabater, de Guanyem, será nombrada alcaldesa el próximo sábado. Sabater encabeza una lista que agrupa las bases badaloninas de Podemos, Proceso Constituyente y la CUP.</p> <p>El ministro del Interior ha criticado que el PSC vote a favor de Sabater: “Una regidora de CUP, una formación que no tiene el más mínimo sentido de Estado”. “Es una ofensa que el PSOE ponga al mismo nivel el PP y Bildu, un partido que no ha condenado la violencia etarra, cuando marca las líneas rojas para llegar a acuerdos”, ha apuntillado Fernández Díaz. El ministro ha cuestionado el sentido de Estado de la formación de Pedro Sánchez argumentando que “solo quiere echar a los populares”.</p> <p>Fernández Díaz ha vuelto a solicitar dimisiones en la Generalitat después de que los Mossos denunciaran en dos ocasiones que la “Policía Nacional colabora con los terroristas yihadistas”. Denuncias que “fueron archivadas por el poder judicial”. El ministro del interior ha vuelto a remarcar que el único interlocutor con Interpol son las policías estatales y “si se volviera a repetir el congreso de la organización policial tampoco invitaría a los Mossos”.</p> 
</main_text>
</body>

</text>



