<?xml version="1.0" encoding="UTF-8"?>


<text>


<header><url>http://ccaa.elpais.com/ccaa/2015/05/07/catalunya/1431014951_733979.html</url><media>El_País</media><section>ccaa</section><date>2015/05/07</date><authors>EFE</authors></header>


<body>
<title>
Los restos de la víctima del terremoto de Nepal llegan a Barcelona
</title>
<subtitle>
Roser Palau hacía senderismo en el país asiático cuando fue sorprendida por el seísmo
</subtitle>
<main_text>
 <p>Los restos mortales de Roser Palau, ciudadana de Vilassar de Mar que falleció a consecuencia del terremoto que arrasó el Nepal el pasado 25 de abril, han llegado hoy al aeropuerto de El Prat de Barcelona. La llegada del féretro se ha producido en la más estricta intimidad, a petición de los familiares, según fuentes próximas al operativo.<br /> <br /> La delegada del Gobierno en Cataluña, Llanos de Luna, y el subdelegado del Gobierno en Barcelona, Emilio Ablanedo, han acompañado a los familiares de Roser Palau a la llegada del féretro en el aeropuerto. La delegación del Gobierno en Cataluña se ha puesto a disposición de la familia de la víctima para prestar su ayuda en todos los trámites que sean necesarios.<br /> <br /> El cadáver de Roser Palau fue encontrado en el valle de Langtang, una zona popular entre los senderistas, que fue de las más afectadas por el terremoto del Nepal. La víctima falleció atrapada por una avalancha de hielo, piedras y barro a consecuencia del terremoto que sacudió Nepal, aunque su familia no sabía nada de ella desde el día del seísmo.</p>   <p>El ministro de Exteriores, José Manuel García-Margallo, teme que puedan ser siete los españoles muertos por el terremoto del Nepal, según ha manifestado en Pamplona.</p> 
</main_text>
</body>

</text>



