<?xml version="1.0" encoding="UTF-8"?>


<text>


<header><url>http://ccaa.elpais.com/ccaa/2015/04/07/paisvasco/1428415165_795583.html</url><media>El_País</media><section>ccaa</section><date>2015/04/07</date><authors>Inés P. Chávarri</authors></header>


<body>
<title>
EH Bildu emplaza al PNV a “sumar voluntades” hacia la independencia
</title>
<subtitle>
La coalición 'abertzale' pide a los nacionalistas "mostrar el talento político y la altura de miras necesarias"
</subtitle>
<main_text>
 <p>EH Bildu ha emplazado esta mañana al PNV a sumar voluntades, por encima de las diferencias políticas para recorrer el camino hacia la independencia de Euskadi bajo la defensa del derecho a decidir. La dirigente de la coalición <em>abertzale</em> Maribi Ugarteburu y el candidato de la formación a la presidencia de Navarra, Adolfo Araiz, han pedido a los nacionalistas mostrar el talento político y la altura de miras necesarias, después de que el presidente del PNV, Andoni Ortuzar, tendiera la mano el pasado domingo a EH Bildu, durante la celebración del Aberri Eguna, para escribir un nuevo capítulo en la historia del país.</p> <p>La invitación del PNV llegó con una exigencia: para abrir bien un nuevo capítulo, hay que cerrar bien el anterior, en referencia a la propuesta de los nacionalistas en materia de paz y convivencia y sobre la que hoy EH Bildu ha preferido no pronunciarse, mientras continúan los contactos entre ambos partidos en privado.</p> <p>Ugarteburu y Araiz han apostado reforzar lo que une a las fuerzas nacionalistas para conseguir a través de tres procesos propios que toda la ciudadanía vasca pueda decidir sobre el futuro político de Euskal Herria. Ha llegado la hora de poner en práctica el derecho a decidir con todas aquellas personas y agentes que estén dispuestos a ello, han destacado.</p> <p>EH Bildu además ha señalado que estar esperando al permiso del Estado español no es más que una perdida de tiempo y un pretexto para no dar ningún paso.</p> <p>El Estado vasco no es un capricho, necesitamos ser libres como pueblo y como sociedad, romper las pesadas cadenas que nos unen a los estados español y francés que no hacen más que condicionar y empeorar el bienestar del que disponemos, han zanjado Ugarteburu y Araiz.</p> 
</main_text>
</body>

</text>



