<?xml version="1.0" encoding="UTF-8"?>


<text>


<header><url>http://ccaa.elpais.com/ccaa/2015/02/06/madrid/1423221537_991026.html</url><media>El_País</media><section>ccaa</section><date>2015/02/06</date><authors>F. Javier Barroso</authors></header>


<body>
<title>
Un camión choca con una furgoneta y queda colgando la cabina en Madrid
</title>
<subtitle>
El conductor ha sido rescatado ileso tras una hora y cuarto El accidente se ha producido en la M-45 en Madrid
</subtitle>
<main_text>
 <p>Un camión cargado de bobinas de papel ha sufrido este viernes un accidente contra una furgoneta en la M-45, tras lo cual ha quedado colgando la cabina sobre un puente, junto al término municipal de Coslada (Madrid). El conductor ha sido rescatado después de que los bomberos hayan levantado una escalera de nueve metros de altura desde la vía de servicio de la autopista radial R-3.</p> <p>El conductor ha estado dentro de la cabina una hora y cuarto. Ha resultado ileso, pese a lo cual ha sido trasladado por el SAMUR al hospital Gregorio Marañón para ser reconocido. El conductor de la furgoneta ha sufrido la fractura de un tobillo. También ha ingresado en el mismo centro hospitalario.</p> <p>La M-45 ha estado cortada mientras los bomberos trabajaban. Parte de las bobinas han caído a la R-3 sin causar heridos.</p> 
</main_text>
</body>

</text>



