<?xml version="1.0" encoding="UTF-8"?>


<text>


<header><url>http://ccaa.elpais.com/ccaa/2015/02/06/catalunya/1423227413_993323.html</url><media>El_País</media><section>ccaa</section><date>2015/02/06</date><authors>EFE</authors></header>


<body>
<title>
El Síndic investiga la actuación de la Generalitat ante el temporal de nieve
</title>
<subtitle>
Rafael Ribó ha abierto una investigación sobre el colapso en las carreteras y autopistas que se produjo el pasado miércoles a consecuencia de la nevada
</subtitle>
<main_text>
 <p>El Síndic de Greuges, Rafael Ribó, ha abierto una investigación para averiguar si el colapso de carreteras y autopistas que se produjo el pasado miércoles a consecuencia de la nevada es atribuible a una falta de previsión y de coordinación. Ribó quiere esclarecer si ha habido deficiencias en la actuación del Gobierno de la Generalitat y de la Administración del Estado ante el temporal de nieve que afectó gran parte de Cataluña. Centenares de conductores se quedaron atrapados, algunos durante más de cuatro horas, en la AP-7, la AP-2 y la A-2, entre otras vías principales, a causa de una nevada. Según el Servicio Meteorológico de Cataluña (SMC), la nevada no fue excepcional porque, pese a afectar a lugares poco habituales, se suele repetir cada dos o tres inviernos.</p> <p>El Síndic ha anunciado la apertura de la investigación de oficio tras conocer que miles de personas se quedaron paradas durante muchas horas en las carreteras, lo que puede haber vulnerado el derecho de accesibilidad en unas condiciones de movilidad adecuadas y seguras. Aunque la Generalitat había activado el plan de emergencias por nevadas Neucat, la investigación tiene como objetivo, según el defensor del pueblo catalán, determinar si hubo una demora en el uso de las máquinas quitanieves en la red viaria y una actuación descoordinada entre los Mossos d'Esquadra y el Servei Català de Trànsit.</p> <p>Rafael Ribó ya ha solicitado toda la información de la incidencia al Departamento de Interior, del que depende tráfico, protección civil y la seguridad; el de Territorio y Sostenibilidad, del que dependen las carreteras y el servicio meteorológico; a la compañía concesionaria de autopistas Abertis y al Defensor del Pueblo, dado que muchas de las carreteras y autopistas afectadas son de titularidad estatal. También ha pedido información sobre una posible avería de Telefónica en el servicio de comunicación de la Generalitat, que podría haber complicado la transmisión de datos entre los equipos de emergencia, aunque estos utilizan una red propia de la Generalitat, la Rescat.</p> 
</main_text>
</body>

</text>



