<?xml version="1.0" encoding="UTF-8"?>


<text>


<header><url>http://ccaa.elpais.com/ccaa/2015/02/06/paisvasco/1423241735_894118.html</url><media>El_País</media><section>ccaa</section><date>2015/02/06</date><authors>EP</authors></header>


<body>
<title>
José Luis Bilbao defiende el lugar del euskera entre las lenguas del mundo
</title>
<subtitle>
El diputado general de Bizkaia aboga por "impulsar su conocimiento y reconocimiento"
</subtitle>
<main_text>
 <p>El diputado general de Bizkaia, José Luis Bilbao, ha manifestado que el euskera tiene su sitio entre las lenguas del mundo y ha abogado por impulsar su conocimiento y reconocimiento. Bilbao ha participado este viernes en la feria internacional Expolangues que se celebra en París, un evento que tiene como objetivo la difusión y la promoción de idiomas y culturas, donde ha destacado el impulso de las instituciones vascas a favor de la lengua vasca.</p> <p>El diputado general de Bizkaia ha recorrido la feria y ha participado en la actuación programada por la Fundación Azkue y el Instituto Etxepare, protagonizada por Javier Muguruza y Gerardo Markuleta. Expolangues permite a los profesionales del sector y al público en general, descubrir culturas a través de su patrimonio lingüístico. En esta cita internacional participan organismos institucionales, editores, librerías especializadas, embajadas, institutos culturales, escuelas de idiomas, empresas multimedia, organismos de estancias lingüísticas, laboratorios de idiomas, agencias de traducción e interpretación.</p> 
</main_text>
</body>

</text>



