<?xml version="1.0" encoding="UTF-8"?>


<text>


<header><url>http://ccaa.elpais.com/ccaa/2015/02/06/paisvasco/1423226088_664551.html</url><media>El_País</media><section>ccaa</section><date>2015/02/06</date><authors>EP</authors></header>


<body>
<title>
La Plataforma ve que sin control público hay “fraude y clientelismo”
</title>
<subtitle>
Celebran una concentración coincidiendo con las comparecencias de Fernández y Cabieces en la Fiscalía
</subtitle>
<main_text>
 <p>La plataforma contra la privatización de Kutxabank ha advertido, en referencia a la denuncia interpuesta por el banco vasco contra su anterior presidente, Mario Fernández, por supuestas irregularidades de las que, presuntamente, Mikel Cabieces habría sido beneficiario caso, de que la pérdida de control público favorece el fraude y el clientelismo.</p> <p>Representantes de la plataforma se han concentrado este viernes ante el Palacio de Justicia de Bilbao, coincidiendo con la declaración de Mario Fernández y Mikel Cabieces ante la Fiscal-jefe de Bizkaia, María del Carmen Adán, que investiga las supuestas irregularidades denunciadas por Kutxabank, que habrían supuesto un coste de 243.592,02 euros para el banco durante la gestión de Fernández al frente de la entidad financiera.</p> <p>El portavoz de la plataformas Mikel Noval ha afirmado que la pérdida del control público y social de lo que pasa en torno al sistema financiero vasco y en torno a Kutxabank es lo que está favoreciendo estas situaciones de fraude, clientelismo y tratos de favor.</p> <p>Según Noval, es evidente que el proceso de conversión de las cajas en banco, lo que es la bancarización de Kutxabank o el proceso de conversión de las cajas en fundaciones bancarias, se ha basado en un reparto de puestos y prebendas, en base a un acuerdo político que se ha venido realizando entre quienes han acordado y favorecido ese proceso. Lo que está pasando hoy aquí tiene una clara responsabilidad política, que trasciende, evidentemente, al caso Mario Fernández y al caso Cabices, ha agregado.</p>  <p>En su opinión, con este tipo de fraudes solo hay unos beneficiarios, aquellas entidades que tienen interés en hacerse con las acciones de Kutxabank, porque, de esta forma, lo que van a conseguir es que la privatización se haga a precio de saldo.</p> <p>Además, ha reiterado la exigencia y compromiso de que ni una sola acción de Kutxabank quede en manos en el futuro de ningún accionista privado. Eso debería ser un compromiso político exigible a todas las instituciones en Euskal Herria, ha concluido.</p> 
</main_text>
</body>

</text>



