<?xml version="1.0" encoding="UTF-8"?>


<text>


<header><url>http://ccaa.elpais.com/ccaa/2015/08/07/catalunya/1438945482_375658.html</url><media>El_País</media><section>ccaa</secion><date>2015/08/07</date><authors>Agencias</authors></header>


<body>
<title>
Rull tacha de “escándalo” la reforma constitucional propuesta por el PP
</title>
<subtitle>
El coordinador general de CDC cree que la reforma busca recentralizar competencias
</subtitle>
<main_text>
 <p>El coordinador general de Convergència Democràtica de Catalunya (CDC) y número 12 de Junts pel sí, Josep Rull, ha considerado que la reforma de la Constitución planteada por el Gobierno es un escándalo que busca recentralizar competencias de las comunidades autónomas.<br /> <br /> En una entrevista este viernes en Catalunya Ràdio, ha opinado que solo busca blindar las competencias del Estado sobre las de las autonomías, y ha advertido de que es lo que pasará si Junts pel sí no obtiene una victoria holgada el 27 de septiembre.<br /> <br /> El día que abra la Constitución el PP o el PSOE no será para avanzar en más competencias o más reconocimiento de la identidad nacional de Catalunya, ha advertido.<br /> <br /> Sobre la mayoría que el soberanismo necesita el 27S, ha reiterado que con una mayoría de escaños hay legitimidad suficiente para avanzar hacia la independencia, y ha planteado que las elecciones se ganan en escaños y una gran victoria es el aval que el proceso debe tener ante<br /> Europa.<br /> <br /> Además, Rull ha contestado al candidato de Catalunya sí que es pot, Lluís Rabell, que declaró este miércoles que a la independencia se llega por un colapso del Estado, como el que sucedió en los Balcanes, o por un proceso de negociación.<br /> <br /> El dirigente de CDC ha lamentado que aunque dicen que la política del miedo la hace el PP, ayer quedó retratada la confluencia de izquierdas.</p>   
</main_text>
</body>

</text>



