<?xml version="1.0" encoding="UTF-8"?>


<text>


<header><url>http://ccaa.elpais.com/ccaa/2015/05/07/madrid/1431017592_737990.html</url><media>El_País</media><section>ccaa</section><date>2015/05/07</date><authors>Elisa Silió</authors></header>


<body>
<title>
El alcalde de Rivas impide una candidatura de su antecesor
</title>
<subtitle>
La justicia avala la denuncia que presentó contra Rivas x la Izquierda
</subtitle>
<main_text>
 <p>El alcalde de Rivas, Pedro del Cura, ha impedido que un nuevo partido se presente a las próximas elecciones. El 23 de abril, cuando quedaban pocas horas para que se agotase el plazo, un grupo de militantes de IU Rivas -entre ellos el alcalde durante 20 años, José Masa, en el puesto 24- y ciudadanos sin carné inscribieron a una nueva formación, Rivas x la Izquierda, ante la Junta Electoral de la zona de Alcalá de Henares.</p> <p>Al día siguiente, Del Cura, regidor de IU en esta localidad de 81.000 habitantes y antiguo delfín de Masa, denunció la candidatura de Rivas y la junta le dio la razón. Rivas x la Izquierda ha anulado su acto de presentación, previsto para las 20.00 horas de hoy, tras saber que el Fiscalía Electoral no va a admitir a trámite su recurso.</p> <p>Del Cura alegó que Rivas x la Izquierda no tenía número de partido registrado en el Ministerio del Interior -un requisito imprescindible para presentarse-, y así era. Pero la junta de Alcalá había aceptado la candidatura, según esta formación, porque existe un plazo posterior de 20 días para resolver problemas administrativos y la estaban tramitando. Según este partido, la junta no les notificó la impugnación y se enteraron de esta al no aparecer en el Boletín Oficial del Estado.</p> <p>Por otra parte, Adolfo Barrena, secretario de organización de IU federal, recurrió también el 24 de abril la candidatura ante la Junta Electoral Central. Este hecho pone una vez más de manifiesto la guerra que libran la dirección nacional de la coalición, con su candidato Alberto Garzón a la cabeza, y la ejecutiva regional, que ve con buenos ojos Rivas x la izquierda, formación compuesta en parte por miembros de IU Madrid. Rivas es el municipio más grande que gobierna IU en España -la Aldea Gala, la llaman-, y de ahí el interés máximo de la federal.</p> <p>Rivas x la Izquierda, que lidera Laura Cruz, de IU, presentó un recurso contencioso administrativo que, a falta de tiempo, fue directo al Tribunal Constitucional, que a su vez lo derivó a la Fiscalía Electoral. Además, apoya esta lista el antiguo alcalde Fausto Fernández y va como número dos Marcos Sanz, del equipo de Masa. Este último dimitió como regidor en mayo de 2014, tras una guerra interna con Del Cura y los cercanos a la excandidata regional Tania Sánchez, vecina de Rivas.</p> <p>Desde el equipo de Del Cura, que ha formalizado una corriente dentro de IU, declinaron hace unos días valorar en EL PAÍS la irrupción de Rivas x la Izquierda, aunque esté dentro de sus filas. Nosotros nos centramos en trabajar por mantener los servicios públicos y conservar un modelo que el Partido Popular tiene como principal objetivo destruir, apuntan. Rivas ha sido loado en muchos ámbitos como ejemplo de gestión, de prestaciones sociales y ecológicas y de participación ciudadana. Ahora Del Cura y los seguidores de Masa se disputan la medalla.</p> <p>Desde IU federal tampoco se pronuncian. Explican que es un tema autonómico y, por tanto, no tienen competencias para actuar. Tendría que ser IU regional quien expulsase a los miembros de Rivas x la Izquierda. La federal no reconoce a Raquel López como candidata al Ayuntamiento de Madrid, pero tampoco puede reaccionar porque IU Madrid tiene plena autonomía. La guerra estalló cuando la regional se negó a expulsar a sus portavoces en la Asamblea (Gregorio Gordo) y el Ayuntamiento de Madrid (Ángel Pérez).</p> <p>Cruz, la candidata de Rivas x la Izquierda, había dejado claro que su formación nunca tras las elecciones pactaría con alguien imputado -en referencia a Del Cura, inmerso en el caso Aúpa, por los contratos municipales al hermano de la ex concejala Tania Sánchez por 1,4 millones-, porque se lo impide su código ético. Tampoco lo permite el reglamento interno de IU, que previsiblemente le obligaría a dejar el cargo si sigue adelante una denuncia del PP que ya fue admitida a trámite. Y ni en sueños Podemos, que se presenta como Rivas Puede, llegaría a un acuerdo con este alcalde. Este escenario deja en una situación muy incómoda a IU regional y federal.</p> 
</main_text>
</body>

</text>



