<?xml version="1.0" encoding="UTF-8"?>


<text>


<header><url>http://ccaa.elpais.com/ccaa/2015/02/06/catalunya/1423233586_977238.html</url><media>El_País</media><section>ccaa</section><date>2015/02/06</date><authors>Jessica Mouzo Quintáns</authors></header>


<body>
<title>
“Me preocupa la perversidad de las políticas contra la ablación”
</title>
<subtitle>
Adriana Kaplan es la directora de la Fundación Wassu-UAB, que trabaja en la prevención de la mutilación genital femenina (MGF)
</subtitle>
<main_text>
 <p>Desde un humilde despacho en el mastodóntico campus de la Universidad Autónoma de Barcelona, Adriana Kaplan (Buenos Aires, 1956) y el equipo de investigadores que dirige en la Fundación Wassu-UAB, han conseguido levantar el veto en Gambia sobre la mutilación genital femenina (MGF). A través de su Observatorio Transnacional de Investigación Aplicada a la prevención de la MGF, la organización científica trabaja, desde hace 27 años, a dos bandas, entre España y Gambia (donde el 78% de las mujeres están mutiladas), para erradicar la práctica. Con el “conocimiento y el respeto” por bandera, Kaplan ha conseguido penetrar en las entrañas de esta tradición milenaria y formar a varias generaciones de profesionales de la salud gambianos para atajar estas prácticas y tratar las consecuencias que sufren, de por vida, las mujeres mutiladas.</p> <p><strong>Pregunta.</strong> En pleno siglo XXI, 120 millones de mujeres son víctimas de la mutilación genital femenina (MGF) y unos 30 millones de niñas están en riesgo. ¿Esto es tradición o barbarie?</p> <p><strong>Respuesta.</strong> Es una tradición milenaria, pero no todas las tradiciones son buenas y ésta viola los derechos de las niñas, que sufren las consecuencias a lo largo de su vida.</p> <p><strong>P.</strong> ¿En base a qué argumentos se sigue sustentando hoy la MGF?</p>  <p><strong>R.</strong> Por un lado, se justifica por razones de limpieza e higiene: no contaminan los alimentos, por ejemplo; también por estética, porque unos genitales circuncidados son más bellos. Otro motivo es para preservar la virginidad de la niña en el matrimonio y evitar la promiscuidad. Y también están las razones religiosas, pero no todos las comparten. Hay algunas etnias que se sustentan en la religión para mantener la tradición, pero en realidad el islam no dice nada acerca de la MGF porque es una práctica pre-islámica.</p> <p><strong>P.</strong> ¿Ha cambiado el perfil de las niñas a las que someten a la MGF en estos 27 años a pie de campo?</p> <p><strong>R.</strong> En origen ha cambiado. Estamos estudiando las nuevas tendencias y hay tres fenómenos muy preocupantes: por un lado, la medicalización —las niñas son mutiladas por profesionales de la salud—. La creencia es que si lo hacen con profesionales de la salud, con anestesia, no hay problema. También está disminuyendo la edad, de 9 años a 4 o 5. Otro elemento es el impacto de las migraciones, porque, por un lado, a veces las familias son multiplicadores de las medidas de prevención que hacemos pero también está quien recibe presiones para que mande dinero a su país para la ceremonia de mutilación de un familiar. Y otro elemento coyuntural es el efecto colateral positivo del ébola: en Liberia, Sierra leona y Guinea, para evitar el contagio, se han ido frenando las mutilaciones este año.</p> <p><strong>P.</strong> ¿Cómo se interviene para erradicar una tradición tan arraigada?</p>  <p><strong>R.</strong> Con conocimiento y respeto. Es muy difícil hablar de derechos humanos en un entorno de pobreza. Lo abordas con evidencias, que las mujeres se sientan identificadas con lo que le estás diciendo: los desgarros en los partos, los partos prolongados, la muerte del bebé porque no dilatan… No estás convenciendo de nada, le estás mostrando un espejo de la realidad.</p> <p><strong>P.</strong> Lo hacen a través de su Observatorio Transnacional.</p> <p><strong>R.</strong> Exacto, actuamos a través de la transferencia del conocimiento en cascada, aquí y en Gambia. Hacemos investigación cualitativa y aplicada. Presentamos los estudios clínicos a líderes religiosos y formamos a los sanitarios porque vimos que era muy importante que los estudiantes de ciencia de la salud acabaran la carrera sabiendo que esta práctica es un problema de salud. Los sanitarios están legitimados y reconocidos en los poblados y, por tanto, son personas a las que se le escucha.</p> <p><strong>P.</strong> ¿Y el papel de la fundación en España?</p> <p><strong>R.</strong> Aquí es exactamente lo mismo. Hacemos formación para que puedan hacer una labor de prevención. Hace más de 20 años inventamos un compromiso preventivo, que es una carta que firman los padres en la que se reconoce que en su país se practica la MGF, que aquí está penada por la ley, y se recoge que se han explorado los genitales de la menor y estaban en perfecto estado y cuando vuelvan le harán otra revisión. Hemos probado este documento en 11 poblados y ha funcionado porque no son los padres los que cuestionan la autoridad de los abuelos en las sociedades gerontocráticas, sino que es un documento el que lo dice.</p> <p><strong>P.</strong> En España hay 17.000 niñas en riesgo de ser mutiladas y más de un tercio de ellas residen en Cataluña. ¿Qué medidas se están tomando para prevenir esta práctica?</p> <p><strong>R.</strong> Así como en Gambia hemos conseguido sistematizar la metodología, en España no.Se está haciendo bandera de este tema porque vende. Una cosa es lo que se dice que se hace y otra es la realidad. Y luego está la falta de conocimiento de la realidad, de que es un tema íntimo, privado, que de alguna forma estigmatiza a una población fácilmente reconocible. En Cataluña hay dos formas de trabajar: la punitiva, donde se aplica un protocolo de forma arbitraria y perversa; y la línea de la prevención, del conocimiento. Y son dos lílíneas que no acaban de encontrarse.</p> <p><strong>P.</strong> Pero sí hay un protocolo en Cataluña para prevenir la MGF.</p> <p>R. Sí, y es bueno, pero se ha pervertido. Tiene varios niveles: prevención, detección y atención. El primero es donde actuamos nosotros porque damos contenido para formar a los profesionales. Lo que pasa es que se saltan el primer nivel y directamente intervienen los mossos d’esquadra. Quienes hacen prevención son los mossos y le dicen a los sanitarios que si tienen cualquier problema, que los llamen. Ante la sospecha de un viaje, sacan los pasaportes y el niño tiene que pasar por un control de genitales cada 6 meses hasta que cumpla los 18 años. Y muchos padres, en prevención de que no llamen a la puerta dos mossos, mandan a las niñas de vuelta al país.</p> <p><strong>P.</strong> Y en España, Sanidad también prepara un protocolo</p> <p><strong>R.</strong> Sólo sabemos que han incorporado nuestro compromiso preventivo, y nos alegra, pese a que tampoco nos han citado ni nos lo han comunicado. No nos han pedido asesoramiento cuando sí se lo hemos ofrecido. Desconocemos totalmente ese protocolo.</p> <p><strong>P.</strong> ¿Faltan recursos o interés de elevar la MGF a una prioridad en salud pública?</p> <p><strong>R</strong>. A ver, hay excepciones, como Badalona o Bilbao, que se vuelcan con el tema con respeto y sensibilidad pero sí, en general, se dedican pocos recursos y, lo que es más grave, se ponen en manos de gente oportunista, profesionales de la subvención, que tienen otros intereses que no son los de las niñas. Me preocupa la perversidad de las políticas que se están usando y la aplicación perversa de los protocolos contra la MGF.</p> <p><strong>P.</strong> Queda mucho camino. ¿Se podrá erradicar esta práctica?</p> <p><strong>R.</strong> Erradicar es una gran palabra… Confío en que vamos por el buen camino. El problema son los mensajes equivocados, los mensajes radicales… hay que ir con muchísimo respeto y conocimiento, sin estigmatizar. Yo espero poder decir que dentro de 10 años ya no se hacen mutilaciones pero no nos podemos olvidar de que las mujeres que han sido mutiladas seguirán padeciendo las consecuencias de por vida y hay que seguir enseñando y formando a profesionales, tanto en África como aquí.</p> 
</main_text>
</body>

</text>



