<?xml version="1.0" encoding="UTF-8"?>


<text>


<header><url>http://ccaa.elpais.com/ccaa/2015/06/08/galicia/1433752811_176319.html</url><media>El_País</media><section>ccaa</section><date>2015/06/08</date><authors>EP</authors></header>


<body>
<title>
La Guardia Civil investiga la muerte violenta de una mujer en A Pobra
</title>
<main_text>
 <p>La Guardia Civil investiga la muerte de una mujer cuyo cuerpo fue hallado con signos externos de violencia en la noche del domingo en una finca en el municipio coruñés de A Pobra do Caramiñal. El cuerpo fue localizado con heridas de arma blanca pasadas las 21,00 horas en un terreno en el lugar de Fandiña, en el municipio de A Pobra, según han informado a Europa Press fuentes próximas a la investigación.</p> <p>El cuerpo de la mujer presentaba varias heridas de arma blanca, por lo que la Guardia Civil ha abierto una investigación, que está bajo secreto de sumario. Fue un vecino de la zona, propietario de los terrenos, el que halló el cuerpo de la mujer semiescondido y dio aviso a la Policía Local de A Pobra, que desplazó una patrulla al punto, a donde acudieron, además, la Guardia Civil y la comisión judicial. Además, el 061 desplazó una ambulancia asistencial y movilizó un médico del Punto de Atención Continuada de la zona, que finalmente no llegó al lugar tras confirmarse el fallecimiento de la mujer.</p> 
</main_text>
</body>

</text>



