<?xml version="1.0" encoding="UTF-8"?>


<text>


<header><url>http://ccaa.elpais.com/ccaa/2015/08/07/catalunya/1438940379_171858.html</url><media>El_País</media><section>ccaa</secion><date>2015/08/07</date><authors>Ana González Liste</authors></header>


<body>
<title>
Gemma Lienas, número dos de la lista de Catalunya Sí que es Pot
</title>
<subtitle>
La escritora se une a la candidatura de la confluencia liderada por Lluís Rabell
</subtitle>
<main_text>
 <p>La escritora Gemma Lienas será el número dos de la confluencia de izquierdas Catalunya Sí que es Pot, según han confirmado este viernes fuentes de la candidatura, que todavía está pendiente de una validación final de los nombres que conformarán la lista para las elecciones del 27 de septiembre. Lienas ya había participado en la lista de Barcelona en Comú para las municipales y acompañó en mítines a la alcaldesa Ada Colau. La escritora estuvo vinculada a los socialistas catalanes y apoyó la campaña de José Montilla como candidato a la presidencia de la Generalitat en 2006.</p> <p>Gemma Lienas (Barcelona, 1951) ha destacado por sus novelas juveniles. Uno de sus personajes más conocidos es el de la joven Carlota, que la ha acompañado en varios libros como <em>El diario rojo de Carlota</em>. Estudió Filosofía y Letras en la Universidad Autónoma de Barcelona y ha sido galardonada con el premio Ramon LLul en 2003 y la medalla Francesc Macià al Trabajo en 2010. En su carrera ha colaborado con diversos medios de comunicación, entre ellos el diario El País.<br /></p> <p>La confluencia ha tenido problemas para configurar su candidatura por temas de paridad y de equilibrios entre formaciones —Iniciativa, Podem, EUiA y Equo—, aunque parece que ICV será la más visible porque ya colocó a sus dirigentes como cabezas de lista por Girona y Lleida —Marc Vidal y Sara Vilà— y al diputado Joan Coscubiela como <em>número tres</em> por Barcelona, que además será el portavoz en el Parlament. La lista por Tarragona la liderará un miembro de Podem, mientras que la ecosocialista Hortènsia Grau será la <em>número dos.</em> Rabell aseguró esta semana que espera que las sorpresas que comportará la configuración final de la candidatura sean agradables para sus simpatizantes.<br /></p> 
</main_text>
</body>

</text>



