<?xml version="1.0" encoding="UTF-8"?>


<text>


<header><url>http://ccaa.elpais.com/ccaa/2015/11/06/catalunya/1446819863_953327.html</url><media>El_País</media><section>ccaa</section><date>2015/11/06</date><authors>Clara Blanchar</authors></header>


<body>
<title>
ERC apoyará los presupuestos de Colau si extiende la T-12 hasta los 16
</title>
<subtitle>
De acuerdo a las previsiones del ejecutivo municipal las cuentas pasarán el primer trámite la próxima semana
</subtitle>
<main_text>
 <p>Como ha hecho en lo que va de mandato cada vez que hay una negociación sobre la mesa, ERC ha expuesto este viernes sus condiciones para aprobar los presupuestos que plantea el ejecutivo de la alcaldesa Ada Colau. El portavoz del grupo municipal, Jordi Coronas ha enumerado que son extender la tarjeta de transporte gratuito T-12 hasta los 16 años–la edad en la que finaliza la ESO, ha argumentado–; la puesta en marcha de un operador energético municipal, medidas de fomento del empleo y contra el fracaso escolar. La T-16 es una de las medidas que Barcelona en comú llevaba en su programa electoral.</p>   <p>Coronas ha invitado al ejecutivo a ponerse las pilas a la hora de dialogar. El tiempo se agota ha advertido sobre el hecho de que en el pleno del pasado viernes Colau no logró apoyo para aprobar las ordenanzas fiscales y se vio obligada a retirarlas del orden del día. La fecha límite del gobierno para convocar un pleno extraordinario si consigue apoyos, es el próximo viernes. El portavoz de los republicanos ha insistido en que la apuesta de ERC son unas ordenanzas progresivas y progresistas que tengan en cuenta la renta de los vecinos.</p> <p>Con su apelación al Gobierno el concejal republicano también se refería a las negociaciones sobre el presupuesto --un proyecto muy mejorable, a su juicio-- que según las primeras previsiones del gerente de Economía, Jordi Ayala, deberían pasar el primer trámite el próximo miércoles en la comisión de Gobierno; y votarse en la comisión de economía de la semana del 16.</p> <p>Las críticas de ERC a los presupuestos se suman a las de los últimos días por parte de los grupos de la oposición en el Ayuntamiento de Barcelona –PP, Ciutadans y PSC–, han cuestionado duramente las primeras cifras que el ejecutivo de Ada Colau les ha mostrado de los presupuestos de 2016. Unos números en los que del total cae un 5%, y la inversión, en 138 millones.</p> 
</main_text>
</body>

</text>



