<?xml version="1.0" encoding="UTF-8"?>


<text>


<header><url>http://ccaa.elpais.com/ccaa/2015/07/07/valencia/1436280870_090796.html</url><media>El_País</media><section>ccaa</section><date>2015/07/07</date><authors>Maria Josep Serra</authors></header>


<body>
<title>
Compromís pide anular la norma que prohíbe las camisetas reivindicativas
</title>
<subtitle>
La norma regula el uso de camisetas reivindicativas en las Cortes Valencianas Fue impuesta por el expresidente del Parlamento, Juan Cotino
</subtitle>
<main_text>
 <p>La diputada Isaura Navarro, de Compromís, ha pedido que las Cortes Valencianas inicien los trámites necesarios para anular, lo más rápidamente posible, la resolución impuesta por el expresidente del parlamento valenciano, Juan Cotino, en abril del año 2012.</p> <p>La norma regula el uso de camisetas reivindicativas en las dependencias parlamentarias. Es la particular ley mordaza del parlamento valenciano, ha denunciado. El otro día hubo problemas con las víctimas del accidente del metro cuando accedieron al hemiciclo porque llevaban camisetas. No tiene sentido, ha explicado Navarro a este diario.</p> <p>La vicepresidenta del Gobierno Valenciano, Mònica Oltra, de Compromís, se dio a conocer al público mediante este atuendo. En febrero de 2012 la diputada fue expulsada por Cotino del pleno por llevar una camiseta con el mensaje: 'No nos falta dinero nos sobran chorizos'. Después, el político elaboró la orden que aún está vigente en las Corts.</p> <p>La norma indica que la presidencia de la Cámara debe actuar cuando se utilizan prendas de vestir, carteles, fotografías, pancartas u otros elementos materiales que resulten alusivos a algún diputado institució. La resolución señala que se procederá a la expulsión y a la adopción de medidas sancionadoras y disciplinarias. Y señala que no se permitirá la presencia en cualquier dependencia de las Corts de ninguna persona que utilice estos materiales reivindicativos.</p> <p>Otro de los apartados de esta normativa, establece que no podrán utilizarse las fachadas interiores o exteriores, escaleras, ascensores, pasillos y otros espacios comunes para situar ningún tipo de propaganda, reivindicación, información, carteles, pancartas o símbolos que puedan identificar una opción política o cualquier otro elemento.</p> <p>Navarro también ha criticado que impide que los diputados y diputadas puedan comparecer ante los medios de comunicación en la sala de prensa de la cámara autonómica acompañados de personas ajenas a la institución.</p> <p>Para Navarro, la derogación de la orden es vital para recuperar la dignidad de la institución, recuperar la libertad de expresión de la ciudadanía y sus representantes, tengan la ideología que tengan.</p> 
</main_text>
</body>

</text>



