<?xml version="1.0" encoding="UTF-8"?>


<text>


<header><url>http://ccaa.elpais.com/ccaa/2015/01/07/valencia/1420636632_831830.html</url><media>El_País</media><section>ccaa</section><date>2015/01/07</date><authors>  Juan Manuel Játiva</authors></header>


<body>
<title>  Fabra desvía a Madrid las preguntas sobre su candidatura</title>
<subtitle>  El presidente de la Generalitat no se siente "incómodo en el cargo", a pesar de la incertidumbre pendiente de las decisiones de Génova</subtitle>
<main_text>
   <p>El president de la Generalitat, Alberto Fabra, ha rechazado cualquier asomo de incomodidad en el cargo a causa de la incertidumbre persistente sobre su futura candidatura a la jefatura del Consell. A preguntas de los periodistas tras la presentación del Consell Valenciano de Emprendedores, Fabra ha remitido una vez más a Madrid para conocer cualquier novedad sobre la futura candidatura del PP a la presidencia de la Generalitat. </p> <p>Eso se lo tienen que preguntar ustedes al partido, a nivel nacional, ha contestado. Ya saben que los estatutos marcan cómo se tiene que hacer la designación de los candidatos tanto para los ayuntamientos como las comunidades autónomas.</p> <p>Ha dicho sentirse absolutamente tranquilo respecto a su candidatura en su cargo presidencial. Aquello que no dependa de mí, no me incomoda, y no me quita la capacidad para seguir trabajando con la misma ilusión y la misma decisión y convicción, ha asegurado al ser preguntado por ello.</p> <p>El presidente se ha agarrado a la responsabilidad de gobierno y a los datos de reducción del paro y de creación de empleo para justificar su trabajo al margen de las decisiones electorales pendientes. Al respecto, ha descartado que las candidaturas se aclaren en el Comité ejecutivo nacional del PP que se celebrará el próximo lunes.</p> <p>Respecto a la decisión de la exalcaldesa de Alicante, Sonia Castedo, de no acudir al pleno extraordinario donde se informó de su renuncia al cargo y de comparecer para explicarlo en un programa de televisión, Fabra se ha limitado a decir que lo hubiera hecho de otra manera. Se ha desmarcado al decir que él hubiera actuado de otra manera y que ya no quiere hablar del pasado.</p> 
</main_text>
</body>

</text>



