<?xml version="1.0" encoding="UTF-8"?>


<text>


<header><url>http://ccaa.elpais.com/ccaa/2015/10/07/madrid/1444244697_242599.html</url><media>El_País</media><section>ccaa</section><date>2015/10/07</date><authors>F. Javier Barroso</authors></header>


<body>
<title>
La detención de Chelh se adelantó un día
</title>
<subtitle>
La Gendarmería francesa arrestó al supuesto asesino de Eva Blanco ante el riesgo de que se fugara por un trabajo en el extranjero
</subtitle>
<main_text>
 <p>La detención de Ahmed Chelh, el supuesto asesino de Eva Blanco, se adelantó un día respecto a la fecha prevista, según fuentes de la Guardia Civil. La Gendarmería francesa tenía previsto arrestarle en la mañana del pasado viernes día 2, pero cuando los agentes se enteraron de que el jueves tenía una entrevista de trabajo en Besançon, adelantaron el operativo para evitar su posible salida del país sobre todo si el empleo era fuera de Francia.</p> <p>Cuando los agentes le dijeron que le arrestaban por el crimen de Eva Blanco, Chelh permaneció impasible, como si no supiera a qué se referían. Su actitud cambió cuando le explicaron que era por el asesinato de Algete. En ese momento, hizo un gesto como si le hubieran pillado tras tantos años. </p> 
</main_text>
</body>

</text>



