<?xml version="1.0" encoding="UTF-8"?>


<text>


<header><url>http://ccaa.elpais.com/ccaa/2015/11/06/catalunya/1446816422_223008.html</url><media>El_País</media><section>ccaa</section><date>2015/11/06</date><authors>Camilo S. Baquero</authors></header>


<body>
<title>
Martínez Sistach: “El obispo de Roma es un argentino”
</title>
<subtitle>
El arzobispo saliente de Barcelona reivindica el perfil pastoral de su sucesor, el turolense Juan José Omella
</subtitle>
<main_text>
 <p>Juan José Omella tomará posesión del arzobispado de Barcelona el próximo 26 de diciembre. Así lo ha explicado su antecesor, Lluís Martínez Sistach, en una rueda de prensa celebrada esta mañana en el palacio arzobispal. El prelado ha aprovechado para salir al paso de las críticas de ciertos sectores clericales y políticos porque Omella no sea catalán. El obispo de Roma es argentino, aseguró Martínez Sistach en referencia al papa Francisco, que también ostenta dicha responsabilidad.</p> <p>El hasta hoy arzobispo ha recordado que la lengua materna de Omella, natural de Cretas (Teruel) es el catalán y ha asegurado que lo habla usualmente, si bien aceptó que no tienen una relación estrecha. También ha puesto el énfasis en que fue bautizado y confirmado una diócesis catalana, en referencia a la de Tortosa, a la que el pueblo del nuevo prelado perteneció hasta los años sesenta.<br /> <br /> El criterio de la elección del Papa ha sido pastoral, ha apuntado Martínez Sistach, que tampoco ha querido ahondar en la posición de Omella frente al litigo del arte sacro de Lleida. En muchos casos el párroco puede no conocer su barrio y debe esforzarse más. En otras ocasiones el párraco ni conoce su barrio, ha añadido.</p> <p>Omella, por su parte, ha enviado una carta a la feligresía barcelonesa en la que asegura que la primera cosa que hará es “dedicar tiempo a adentrarme en vuestra historia y en vuestros proyectos e inquietudes”. Y también ha enviado una crítica velada a aquellos que ponen en duda la capacidad de un foráneo para integrarse en la lógica catalana. Dentro de los agradecimientos se detiene especialmente en el obispo auxiliar Sebastià Taltavull, uno de sus rivales en las quinelas para ser el nuevo purpurado de Barcelona. Monseñor, proveniente de la isla de Menorca, ha sabido integrarse plenamente en esta Iglesia local de Barcelona.</p> <p>Hasta el día del releva, Martínez Sistach hará las veces de administrador apostólico y después se retirará a la residencia sacerdotal de Sant Josep Oriol, ha explicado el propio prelado. A manera de balance, el hasta hoy arzobispo ha resaltado la labor de Cáritas, la formulación de cuatro planes pastorales y la consagración de la Basílica de la Sagrada Familia por parte del anterior papa Benedicto XVI. De hecho, mañana se cumplen cinco años de esa visita.</p> 
</main_text>
</body>

</text>



