<?xml version="1.0" encoding="UTF-8"?>


<text>


<header><url>http://ccaa.elpais.com/ccaa/2015/03/06/catalunya/1425654194_206608.html</url><media>El_País</media><section>ccaa</section><date>2015/03/06</date><authors>Lluís Visa</authors></header>


<body>
<title>
El yerno de Ros, incluido en la gestora de la agrupación socialista de Lleida
</title>
<subtitle>
José Crespín es jefe del gabinete del alcalde socialista de Lleida
</subtitle>
<main_text>
 <p>José Crespín, yerno y jefe del gabinete del alcalde socialista de Lleida, Àngel Ros, es uno de los siete miembros de la comisión gestora que dirigirá la Agrupación Local del PSC, disuelta a raíz del enfrentamiento entre Ros y la exprimera teniente de alcalde, Marta Camps, que ha sido apartada de todos sus cargos municipales y políticos.</p> <p>La veterana militante Teresa Cunillera, diputada en el Congreso en seis legislaturas, presidirá la gestora cuya composición ha dado a conocer esta mañana Joaquín Fernández, secretario de coordinación territorial del PSC. También formarán parte de la comisión que conducirá la formación en esta etapa de transición Sara Mestres (concejala de Seguridad Ciudadana y responsable del comité de campaña), Carmina Pardo, Judith Alcalà y Guillermo Hervera Boldú, todos ellas personas próximas a Ros.</p>   <p>Cunillera ha manifestado que la gestora tendrá como misión mantener la llama de la agrupación socialista hasta la constitución de una nueva ejecutiva, algo que no se producirá hasta después de las próximas municipales y de un proceso congresual. También ha indicado que otro de los objetivos será apoyar al máximo a Ros, candidato a la alcaldía de Lleida, para que la crisis desatada por las acusaciones de Camps no le perjudique en sus expectativas electorales. “Esta situación ha provocado mucho dolor en el partido y eso sí que será difícil de gestionar”, ha señalado.</p> <p>Por su parte, Ros ha lamentado la mala imagen que se ha dado en los últimos días ante los ciudadanos, a los que ha pedido perdón, y ha reconocido que el enfrentamiento con la que ha sido durante 11 años su persona de máxima confianza en el consistorio y en el partido puede mermar su crédito como alcalde.</p> <p>Ros ha anunciado que la próxima semana se reunirá con los portavoces de los grupos municipales de la oposición, CiU y PP, y con los alcaldables de las otras formaciones que concurrirán a las municipales para darles explicaciones sobre los registros efectuados esta semana en el Ayuntamiento por funcionarios de la Oficina Antifraude de Catalunya y de la Fiscalía Anticorrupción.</p> 
</main_text>
</body>

</text>



