<?xml version="1.0" encoding="UTF-8"?>


<text>


<header><url>http://ccaa.elpais.com/ccaa/2015/08/07/paisvasco/1438964534_020775.html</url><media>El_País</media><section>ccaa</secion><date>2015/08/07</date><authors>Pedro Gorospe</authors></header>


<body>
<title>
Libertad condicional para el exjefe de ETA Álvarez Santacristina, ‘Txelis’
</title>
<subtitle>
Expulsado por ETA en 1998, fue uno de los primeros miembros de la banda que apostaron por la vía Nanclares y renegaron de la organización
</subtitle>
<main_text>
 <p>El histórico dirigente de ETA José Luis Álvarez Santacristina, alias <em>Txelis</em>, tiene ya el visto bueno del Juzgado Central de Vigilancia Penitenciaria de la Audiencia Nacional, para disfrutar de la libertad condicional. Acogido a la vía Nanclares de reinserción y desvinculado por completo de la organización criminal, que le expulsó en 1998, Txelis recupera la libertad después de cumplir más de las tres cuartas partes de su condena. Estaba clasificado en tercer grado y, según el juez que ha firmado la orden, el magistrado José Luis Castro, observa buena conducta y existe un pronóstico individualizado y favorable de reinserción social. Txelis, el ideólogo de ETA hasta la operación de Bidart, Francia, fue condenado a 30 años de cárcel por ordenar al <em>comando Ekaitz</em> el asesinato del exsecretario de Estado Manuel Broseta a principios de 1992. Además, había redactado un listado con decenas de objetivos de la banda.</p> <p>Fue detenido en 1992 en la histórica operación policial de Bidart (Francia) que hizo caer a la entonces cúpula de ETA, de la que también formaban parte Francisco Múgica Garmendia, alias <em>Pakito</em>, y Joseba Arregi Erostarbe, alias <em>Fitipaldi</em>. El operativo se produjo tan solo unos días antes del inicio de la Expo de Sevilla y meses antes de los Juegos Olímpicos de Barcelona. Tras pasar los primeros años de condena en Francia, en 1999 fue trasladado a España. Entonces era considerado por los servicios policiales el 'ideólogo' de aquella cúpula.</p> <p>Con la libertad condicional, Txelis ya no volverá a la cárcel más que para firmar una vez al mes, aunque no acabará de cumplir condena hasta el 21 de diciembre de 2019. Otra de las condiciones que le impone el juez para mantener esta situación es la de que siga pagando los 150 euros mensuales de indemnización para satisfacer a sus víctimas.</p>  <p>El exseminarista Álvarez Santacristina ejercía de profesor de euskera en un centro educativo de Álava, concretamente en el Txema Finez, el viceconsejero de Justicia del Gobierno vasco, ya fallecido, durante el mandato del socialista Patxi López. El proceso de separación de <em>Txelis</em> de la banda fue muy rápido una vez en prisión. De hecho, la organización terrorista le expulsó seis años después. Un documento suscrito por él y otros cinco presos etarras en el que mostraban su rechazo al asesinato del concejal del PP de Ermua, Miguel Ángel Blanco, precipitó su expulsión. En la misiva sostenían que la lucha armada de ETA está conociendo como nunca el desprestigio político y social. He asumido ante Dios, ante mi pueblo y ante ustedes que he trabajado en ETA para bien y para mal, también de mi conciencia, dijo en 2001 en el juicio contra sus excompañeros Pakito y Fitipaldi. En el auto del juez dictado este viernes se añade que en alguna ocasión a raíz de algún atentado terrorista, se ha dirigido a los funcionarios manifestando su pesar y disculpándose.</p> 
</main_text>
</body>

</text>



