<?xml version="1.0" encoding="UTF-8"?>


<text>


<header><url>http://ccaa.elpais.com/ccaa/2015/09/07/paisvasco/1441621796_054340.html</url><media>El_País</media><section>ccaa</section><date>2015/09/07</date><authors>El País</authors></header>


<body>
<title>
El Zinemaldia concederá 15.000 euros al filme que favorezca la cooperación
</title>
<subtitle>
El Festival de Cine quiere premiar a la película iberoamericana que contribuya al desarrollo humano y la erradicación de la pobreza
</subtitle>
<main_text>
 <p>El Festival de Cine de San Sebastián entregará, por primera vez este año, el Premio Cooperación Española, que galardonará con 15.000 euros al productor de la película iberoamericana que mejor contribuya al desarrollo humano, la erradicación de la pobreza y el pleno ejercicio de los derechos humanos.</p> <p>El director del Zinemaldia, José Luis Rebordinos, ha presentado este nuevo galardón en compañía de la directora de relaciones culturales y científicas de la Agencia Española de Cooperación (AECID), Itziar Taboada, y del jefe de Comunicación de la Cooperación Española, Rubén López Pulido. Al galardón optará cualquiera de las películas iberoamericanas seleccionadas en Sección Oficial, Nuevos Directores y Horizontes Latinos. El jurado estará compuesto por Pulido, el director de San Sebastián 2016, Pablo Berástegui, y la directora de comunicación de Donostia Kultura, Jaione Askasibar.</p> <p>Rebordinos ha explicado que este nuevo premio, creado por el Festival donostiarra y la AECID tiene como objetivo reforzar el compromiso que ambas partes tienen de trabajar conjuntamente con la industria audiovisual de Iberoamérica para impulsar nuevos talentos, dinamizar la producción de proyectos cinematográficos y fortalecer la comercialización e internacionalización de las películas.</p> <p>Taboada se ha felicitado de que con este nuevo premio la Cooperación Española consolida los lazos que le unen al certamen de cine donostiarra, con cuya sección Horizontes Latinos ya colabora desde sus inicios. Por su parte López Pulido ha incidido en que desde la Cooperación Española con este nuevo Premio se persigue visibilizar a través del cine la solidaridad española y fomentar el compromiso de la ciudadanía.</p> <p>El festival ha realizado una preselección con los filmes candidatos, entre los que figuran <em>Eva no duerme,</em> de Pablo Agüero, que trata de la muerte de Eva Perón, y <em>El rey de La Habana</em>, de Agustí Villaronga, que adapta la novela homónima de Pedro Juan Gutiérrez. Ambas películas concurren en la Sección Oficial.</p> <p>De Horizontes Latinos se han elegido <em>El abrazo de la serpiente</em>, de Ciro Guerra, y <em>El botón de nácar</em>, del cineasta chileno Patricio Guzmán. También se ha preseleccionado <em>Ixcanul</em>, de Jayro Bustamante, y <em>La obra del siglo</em>, de Carlos M. Quintela. También figuran <em>Paulina</em>, de Santiago Mitre, y <em>La tierra y la sombra</em>, de César Augusto Acevedo.</p> 
</main_text>
</body>

</text>



