<?xml version="1.0" encoding="UTF-8"?>


<text>


<header><url>http://ccaa.elpais.com/ccaa/2015/08/07/madrid/1438936042_984683.html</url><media>El_País</media><section>ccaa</secion><date>2015/08/07</date><authors>EFE</authors></header>


<body>
<title>
El Ayuntamiento asegura no haber cerrado acuerdos para nuevas cesiones de edificios
</title>
<subtitle>
el protocolo de cesión "se encuentra en una fase preliminar", según una nueva entrada de su web V.O.
</subtitle>
<main_text>
 <p>El Ayuntamiento de Madrid asegura que no ha cerrado acuerdos con ninguna asociación o colectivo sobre nuevas cesiones de edificios de titularidad municipal para que sean gestionados con fines sociales, y subraya que el protocolo de cesión se encuentra en una fase preliminar.</p> <p>Así lo aclara una nueva entrada de su web V.O., en la que se afirma que el Ayuntamiento cederá más espacios a asociaciones y colectivos tras evaluar su rendimiento social. Tras recordar las palabras que pronunció ayer la alcaldesa, Manuela Carmena, sobre este asunto, la web afirma que el Ayuntamiento cede espacios a variedad de asociaciones vecinales y ciudadanas desde hace años.</p> <p>En cada caso se han tenido en cuenta criterios distintos y se rigen según condiciones coyunturales. El equipo de Gobierno actual aún no ha cerrado acuerdos con ninguna asociación o colectivo para nuevas cesiones, afirma.</p> <p>Y añade, además, que el protocolo de cesión se encuentra en una fase preliminar y será elaborado desde el Area de Gobierno de Coordinación Territorial y Asociaciones, en diálogo con las organizaciones y colectivos de la ciudad. Carmena dijo ayer que le parece interesante permitir que asociaciones y colectivos de ciudadanos puedan gestionar espacios públicos, y como ejemplo citó una propuesta del equipo de gobierno anterior con una asociación que reivindicaba la creación de la Casa Gitana. Todas esas cosas la vamos a ir viendo y tendremos que hacer un protocolo de cómo se va a ir llevando esa cesión, siempre muy vinculada al rendimiento social que pueda tener para la ciudad de Madrid, remarcó la alcaldesa, recoge la web V.O.</p> 
</main_text>
</body>

</text>



