<?xml version="1.0" encoding="UTF-8"?>


<text>


<header><url>http://ccaa.elpais.com/ccaa/2015/03/06/catalunya/1425630821_089651.html</url><media>El_País</media><section>ccaa</section><date>2015/03/06</date><authors>Alfonso L. Congostrina</authors></header>


<body>
<title>
Desarticulado un punto de distribución de viagras falsos
</title>
<subtitle>
La organización había comercializado por toda Europa 150.000 comprimidos mensuales
</subtitle>
<main_text>
 <p>Los Mossos d’Esquadra han desarticulado en Premià de Mar el mayor punto de distribución internacional de medicamentos ilegales contra la disfunción eréctil intervenido en Cataluña. La policía catalana detuvo el pasado 24 de febrero en Premià de Mar a un hombre paquistaní de 53 años y a una mujer india de 35, vecinos de la localidad, acusados de delitos de tráfico de medicamentos ilegales, contrabando y pertenencia a una organización criminal que había distribuido, desde 2012, 150.000 comprimidos mensuales a toda Europa.</p> <p>La investigación comenzó a mediados del pasado mes de febrero cuando el responsable de una oficina de correos del Vallès Occidental alertó a la policía catalana de que había recibido un paquete agujereado. En el interior del mismo había gran cantidad de medicamentos contra la disfunción eréctil. El envío procedía de la India, desde donde llegan a Europa la mayoría de medicamentos ilegales, y debía entregarse en un establecimiento de Premià. El destinatario, responsable de una tienda de complementos de telefonía móvil, recibía diariamente varios paquetes similares.</p> <p>Los agentes pusieron los hechos en conocimiento del juez, que ordenó la intervención del paquete en cuestión, así como la de futuros envíos. De este modo la policía pudo analizar el medicamento, comprobar que se trataba de una sustancia ilegal y abrir una investigación para identificar a los autores.</p> <p>El pasado 24 de febrero los policías inmovilizaron en la citada oficina de correos y en una empresa de mensajería privada hasta 65 sobres con medicamentos que la organización enviaba a clientes de diversos países europeos. Ese mismo día detuvieron al responsable de la tienda de telefonía y a una joven –supuestamente de la organización-, registraron un piso de Premià de Mar y la tienda de telefonía.</p> <p>En los registros se localizaron 251 paquetes, con 1000 comprimidos contra la disfunción eréctil cada uno de ellos, y distintos envases con más medicamentos. En total, intervinieron más de 400.000 dosis.</p> <p>La organización había creado una web que permitía a otras personas crear páginas vinculadas. Todas las compras y los pagos realizados se dirigían automáticamente a la web madre de la organización, desde donde se distribuía la mercancía. La banda contaba en varias ciudades europeas con pisos donde almacenar y desde donde distribuir gran cantidad de medicamentos ilegales procedentes de China o India.</p> <p>Los Mossos aseguran que el piso de Premià de Mar es el principal punto de distribución de medicamentos ilegales desarticulado en Cataluña. Durante 2015 realizaron 2.900 envíos a clientes de toda Europa, mayoritariamente de Alemania.</p> <p>Tras declarar en el Juzgado de Guardia se dictó una orden de prisión para el cabecilla de la trama. La investigación no se ha cerrado y no se descartan nuevas detenciones.</p> 
</main_text>
</body>

</text>



