<?xml version="1.0" encoding="UTF-8"?>


<text>


<header><url>http://ccaa.elpais.com/ccaa/2015/07/07/catalunya/1436270070_403792.html</url><media>El_País</media><section>ccaa</section><date>2015/07/07</date><authors>Alfonso L. Congostrina</authors></header>


<body>
<title>
Detenido un presunto yihadista en el aeropuerto de El Prat
</title>
<subtitle>
El hombre regresaba a Argelia después de combatir con el Estado Islámico en Siria
</subtitle>
<main_text>
 <p>La Guardia Civil ha detenido este mediodía en el aeropuerto del Prat de Llobregat a un supuesto combatiente yihadista de origen argelino, llamado Ouagueni Karim, que regresaba de Siria, después de combatir con el Estado Islámico, y pretendía volver a su país. La Guardia Civil ha identificado al detenido tras recibir una orden de busca y captura de Bélgica, donde había residido el arrestado antes de viajar para combatir en el frente sirio. Los agentes sospechan que iba a cometer en su país diferentes atentados de carácter yihadista, según fuentes cercanas al caso.</p> <p>El acusado venía en un vuelo procedente de Hamburgo que ha hecho escala en Barcelona. Desde el Aeropuerto del Prat tenía previsto viajar a Madrid y desde allí hasta Argelia. Los agentes del cuerpo armado han cortado su viaje y en las próximas horas será trasladado ante la Audiencia Nacional donde declarará tras ser acusado de terrorismo.</p> <p>Las diferentes organizaciones policiales de lucha contra el crimen llevan meses alertando del peligro que suponen los combatientes extranjeros. Aquellos que deciden alistarse en las filas del Estado Islámico y si sobreviven regresan a sus países de origen totalmente radicalizados. Interpol y Europol tienen identificados poco más de 5.000 terroristas con estas características lo que permite el intercambio de información entre los diferentes cuerpos policiales de carácter estatal.</p> 
</main_text>
</body>

</text>



