<?xml version="1.0" encoding="UTF-8"?>


<text>


<header><url>http://ccaa.elpais.com/ccaa/2015/01/07/paisvasco/1420664898_262512.html</url><media>El_País</media><section>ccaa</section><date>2015/01/07</date><authors>  EFE</authors></header>


<body>
<title>  Localizan el cadáver de un varón calcinado junto a un caserío</title>
<subtitle>  Las primeras hipótesis apuntan a una muerte accidental al tratar de encender la caldera</subtitle>
<main_text>
   <p>El cadáver de un hombre calcinado ha sido localizado este miércoles junto a un caserío de la localidad guipuzcoana de Aretxabaleta. Según las primeras hipótesis, la muerte se ha podido producir de manera accidental al incendiarse su ropa tras encender la caldera de su vivienda.</p> <p>Según han explicado fuentes del Departamento de Seguridad, a las 18.20 horas la Ertzaintza ha recibido la llamada de un particular alertando de que había encontrado un cadáver calcinado en una campa situada junto a un caserío del barrio Apotzaga-Etxebarri de Aretxabaleta.</p> <p>Al lugar de han desplazado varias unidades de la Ertzaintza y un médico forense para certificar la muerte del hombre, de 60 años, que ha sido identificado como el propietario del caserío.</p> <p>Al parecer, el hombre encendió la caldera de su vivienda y el fuego alcanzó su ropa.</p> <p>Al intentar apagar las llamas, el varón salió al exterior del caserío pero sin poder sofocar el fuego y murió calcinado, según los datos que maneja la Ertzaintza como probable causa de su fallecimiento. </p> 
</main_text>
</body>

</text>



