<?xml version="1.0" encoding="UTF-8"?>


<text>


<header><url>http://ccaa.elpais.com/ccaa/2015/05/07/paisvasco/1430994800_146478.html</url><media>El_País</media><section>ccaa</section><date>2015/05/07</date><authors>El País</authors></header>


<body>
<title>
Las ONG piden el 0,7% para la cooperación
</title>
<subtitle>
83 asociaciones han denunciado en Vitoria los recortes
</subtitle>
<main_text>
 <p>La coordinadora de organizaciones no gubernamentales de Euskadi ha solicitado hoy a los partidos, que esta medianoche comienzan la campaña electoral, que se comprometan a destinar a cooperación internacional el 0,7% del presupuesto de cada institución. La coordinadora, integrada por 83 ONG que trabajan en cooperación internacional, ha denunciado hoy en la plaza de la Virgen Blanca de Vitoria los grandes recortes acumulados en los últimos años en políticas de cooperación, especialmente en Alava. Con este fin han hecho una protesta teatralizada en la que un personaje que representaba la clase política con unas grandes tijeras recortaba derechos sociales y provocaba la caída al suelo de personas, símbolo de las muchas que tienen una oportunidad en la vida gracias a la solidaridad.</p> <p>Cuando estaban en el suelo, un ladrón les despojaba de sus enseres, lo que quería representar el expolio que sufren los países empobrecidos. No podemos olvidar que miles de personas de países empobrecidos, gracias a la cooperación internacional impulsada desde Euskadi, estaban viendo mejoradas sus condiciones de vida en materia de educación, salud, promoción de la equidad entre hombres y mujeres, participación en asuntos públicos, acceso al agua potable y sistemas de saneamiento, lucha contra el hambre, entre otras, y ahora se están quedando de lado, ha explicado un portavoz de la coordinadora. Mediante esta acción, las ONG han presentado los siete compromisos que piden a los partidos para mejorar las políticas de cooperación al desarrollo en el marco de las elecciones locales y forales del 24 de mayo.</p> <p>El portavoz de la coordinadora ha explicado que piden a los partidos que defiendan las políticas de cooperación vascas en sus programas electorales. Frente a discursos irresponsables y oportunistas que enmascaran estrategias para dilapidar el Estado del Bienestar y sustituir derechos por privilegios -ha añadido- apelamos a la responsabilidad política y social. Además de pedir el 0,7 por ciento de los presupuestos consolidados a cooperación internacional, las ONG piden a los partidos que no enfrenten las prioridades de aquí con las del sur. También reclaman que en las instituciones con mayor capacidad de gestión se garantice la participación de las organizaciones sociales en la definición de las políticas de cooperación.</p> 
</main_text>
</body>

</text>



