<?xml version="1.0" encoding="UTF-8"?>


<text>


<header><url>http://ccaa.elpais.com/ccaa/2015/02/06/paisvasco/1423226528_725089.html</url><media>El_País</media><section>ccaa</section><date>2015/02/06</date></header>

<body>
<title>
EH Bildu advierte de que se impida la comisión de investigación
</title>
<subtitle>
Ugarteburu aprovecha las citaciones de Fernández y Cabieces para denunciar las responsabilidades políticas
</subtitle>
<main_text>
 <p>La parlamentaria de EH Bildu Maribi Ugerteburu ha asegurado este viernes que el PNV y el PSE-EE quedarán en evidencia si impiden que en la Cámara vasca se cree una comisión de investigación sobre las supuestas irregularidades en Kutxabank.</p> <p>Ugerteburu ha participado, junto a los sindicatos ELA y LAB, en una concentración de una plataforma contra la privatización de Kutxabank con motivo de la declaración ante la Fiscalía del exdirigente socialista Mikel Cabieces y el expresidente del banco vasco, Mario Fernández.</p> <p>La parlamentaria de EH Bildu ha afirmado que este caso huele muy mal y ha considerado vergonzoso que el PNV y el PSE-EE sostengan que es un asunto personal de Cabieces y Fernández y que no tienen responsabilidad alguna como partidos políticos.</p> <p>Ugarteburu ha asegurado que si no se crea la comisión de investigación en el Parlamento, el PNV y el PSE-EE demostrarán que tienen como único objetivo la desaparición del control público de Kutxabank y esconder acuerdos corruptos entre ellos.</p> 
</main_text>
</body>

</text>



