<?xml version="1.0" encoding="UTF-8"?>


<text>


<header><url>http://ccaa.elpais.com/ccaa/2015/04/07/andalucia/1428407101_063976.html</url><media>El_País</media><section>ccaa</section><date>2015/04/07</date><authors>El País</authors></header>


<body>
<title>
Renuncia el candidato de UPyD al Ayuntamiento de Sevilla
</title>
<subtitle>
De la Borbolla afirma que el consejo de dirección del partido "no ha sabido estar a la altura"
</subtitle>
<main_text>
 <p>Eladio García de la Borbolla ha confirmado este martes su renuncia a liderar la candidatura de UPyD al Ayuntamiento de Sevilla en las próximas elecciones municipales. De la Borbolla argumenta que el consejo de dirección del partido no ha sabido estar a la altura de las circunstancias ya que la salida de necesarios y válidos compañeros para el partido parece importar poco o nada a la dirección. Esta decisión se suma a la crisis que sufre el partido de Rosa Díez desde las pasadas elecciones andaluzas. Unas elecciones se pueden ganar y perder, eso nunca me ha importado, pero lo que sí que me parece importante es la respuesta de nuestros dirigentes, ha apuntado en su cuenta de Facebook. La renuncia se produce una semana después de que dimitiera en bloque el Consejo Local de UPyD en Málaga.</p> <p>El hasta ahora candidato a la alcaldía de Sevilla ha explicado que, cuando fue elegido como candidato en las primarias, el partido contaba con un mínimo de garantía y dignidad con el que poder defender el proyecto de ciudad que desde UPyD se tenía para Sevilla, pero que ahora se ha quedado huérfano de la ilusión de los militantes y simpatizantes, asegurando que en estas condiciones nada se puede hacer.</p> <p>No me preocuparía perder unas elecciones, pero sí la pérdida de ilusión de quienes estábamos trabajando por ganar el Ayuntamiento de Sevilla para los sevillanos, con una manera diferente de trabajar y hacer política, ha explicado De la Borbolla, quien ha indicado que ha sido una decisión muy dura y valorado durante dos semanas.</p> <p>De la Borbolla ha subrayado que solo podían enfrentarse a unas elecciones con un mínimo de credibilidad, que vendría dado por un golpe de timón por parte del consejo de dirección, que no sóoo no se ha responsabilizado del resultado electoral, sino que ha salido reforzado con el apoyo del último consejo político, lo cual ha provocado la salida de muchos compañeros del partido.</p> 
</main_text>
</body>

</text>



