<?xml version="1.0" encoding="UTF-8"?>


<text>


<header><url>http://ccaa.elpais.com/ccaa/2015/02/06/paisvasco/1423245550_811303.html</url><media>El_País</media><section>ccaa</section><date>2015/02/06</date><authors>El País</authors></header>


<body>
<title>
Maki Na Kamura presenta obras de dos series de paisajes
</title>
<subtitle>
La pintura de la artista japonesa se completa con ciclos de cine dedicados a Mizoguchi y Matsumoto
</subtitle>
<main_text>
 <p>La exposición <em>Horizon, rainbow and horizon (</em>Horizonte, arco iris y horizonte<em>)</em> presenta en Bilbao Arte la obra de la pintora japonesa afincada en Berlín Maki Na Kamura (hasta el 6 de marzo). La muestra reúne los coloridos paisajes de dos de sus series, <em>GiL</em> <em>(Geometrie in Landschaftdarstellungen/ Geometría en representaciones de paisaje)</em> de 2014, y <em>LD</em> <em>(Landschaft-darstellun­gen/ Representaciones de paisajes)</em> de 2014, inspirados en la silueta de las <em>Espiga­doras</em> que Jean-François Millet pintó en 1857.</p> <p>Además de la exposición de Na Kamura, Bilbao Arte acogerá en febrero dos ciclos de cine japonés, con películas realizadas por Kenji Mizoguchi (5 al 26 de febrero) y Hitoshi Matsumoto (13 al 27 de febrero). </p> <p>La obra pictórica de Maki Na Kamura surge de su propia imaginación. Para Maki Na Kamura, la pintura es un esfuerzo del artista insatisfecho que busca encontrar satisfacción a través de imágenes en las que se deposita una emoción. Contrariamente a las apariencias, a la dificultad de su interpretación, la poesía pictórica de Maki Na Ka­mura es una fuerza profundamente espiritual: la pintura es el sujeto de su propio pintar<em>,</em> explica Kosme de Barañano, comisario de esta original exposición. <em></em>Sus paisajes son como libros de poesía, donde la emoción, el tacto, los sentidos y la memoria, recomponen una raíz subterránea, un nuevo mapa. Como la raíz de la higuera que prefigura las ramas del árbol, es una mirada al fondo de la historia del paisaje, y des­de ella nos da una imagen nueva<em>.</em></p> <p>La artista llegó a Alemania a mediados de los años 90. Una década más tarde, realizó una acción en un piano, rodeada de sus propias pinturas en Fasanen Strasse, una popular calle berlinesa del distrito de Charlottenburg. Na Kamura es una de las artistas incluidas en la guía <em>Vitamina P2,</em> que publica Phaidon en Londres, y ha recibido, entre otros premios, el Falkenrot Preis 2013 del centro artístico alemán Künstlerhaus Bethanien y el galardón de pintura Marcel Broodthaers.</p> 
</main_text>
</body>

</text>



