<?xml version="1.0" encoding="UTF-8"?>


<text>


<header><url>http://ccaa.elpais.com/ccaa/2015/07/07/paisvasco/1436269427_598703.html</url><media>El_País</media><section>ccaa</section><date>2015/07/07</date><authors>Mikel Ormazabal</authors></header>


<body>
<title>
El Gobierno vasco apoya la izada de la ikurriña en Pamplona
</title>
<subtitle>
El portavoz Josu Erkoreka afirma que la decisión fue adoptada "válidamente"
</subtitle>
<main_text>
 <p>El portavoz del Gobierno vasco, Josu Erkoreka, ha afirmado que la decisión de izar la ikurriña durante el chupinazo de los Sanfermines de Pamplona fue adoptada válidamente por el Consistorio de esta ciudad y ha expresado su absoluto respeto con la colocación de la bandera vasca.</p> <p>Erkoreka ha abogado por no empañar con la polémica entre partidarios y detractores de la ikurriña la voluntad mayoritaria de los ciudadanos de vivir la fiesta al margen de debates políticos.</p> <p>En relación al recurso interpuesto por la Delegación del Gobierno en Navarra contra la izada de la ikurriña, Erkoreka ha advertido de que no es aconsejable judicializar asuntos que, en su opinión, pueden ser resueltos por la vía del diálogo, del acuerdo y de la búsqueda de puntos de encuentro desde el máximo respeto a la pluralidad de la sociedad navarra.</p> 
</main_text>
</body>

</text>



