<?xml version="1.0" encoding="UTF-8"?>


<text>


<header><url>http://ccaa.elpais.com/ccaa/2015/02/06/valencia/1423253787_731247.html</url><media>El_País</media><section>ccaa</section><date>2015/02/06</date><authors>Cristina Vázquez</authors></header>


<body>
<title>
Guanyem València pospone al día 15 la decisión sobre su fórmula electoral
</title>
<subtitle>
Podemos apoya la formación siempre que se presente como partido independiente EU prefiere defiende acudir en coalición con el partido de Pablo Iglesias La plataforma Volem València concurrirá a las municipales tras unas primarias abiertas
</subtitle>
<main_text>
 <p>La asamblea de Guanyem València aprobó concurrir a las elecciones municipales de mayo tras someterse a un proceso de primarias abiertas, con candidatos independientes de otros partidos, en listas cremallera y con la posibilidad de votar a un máximo de 10 candidatos. No hubo acuerdo, sin embargo, sobre la fórmula electoral con la que se presentarán a las urnas. La decisión se pospone a otra asamblea el día 15 de este mes. </p> <p>La plataforma sometió a votación la fórmula jurídica con la que se presentará a los comicios locales. Podemos apuesta por un partido independiente bajo la marca Volem València y EU, por una coalición de partidos. La asamblea descartó la fórmula de la agrupación de electores. Pero ninguna de las dos opciones sacó el 60% de los votos necesarios. Los que defienden la creación de un partido independiente, libre de siglas clásicas pero apoyado desde fuera por ellos, cosechó el 52,4% de los votos. La coalición de partidos la refrendó un 38% de la asamblea.</p> <p>De cualquier modo, la plataforma Guanyem València hace camino de cara a la cita electoral y el viernes nombró a cinco hombres y cinco mujeres como portavoces de la plataforma político-ciudadana hasta que se vote en primarias la candidatura que se presentará a las urnas.</p> <p>Guanyem Valencià dijo que representarán y pondrán rostro a Guanyem València Jordi Peris, Rafael Monterde, Iñaki Pérez, Jesualdo Navarro, Eva Romaní, Isabel Prats, Pau Vivas, Angela Pedraza, Rosa Gonzálbez y Ana Clara Rey.</p> <p>Según han destacado, cerca de cien personas emitieron sus votos en la tarde-noche del pasado 30 de enero en el transcurso de un plenario de la plataforma que se celebró en la sede de la Intersindical Valenciana. Para la elección de quienes ya son portavoces, ha señalado que se tuvo en cuenta la paridad de género y la diversidad --una de las portavoces es inmigrante--, además del conocimiento de la lengua --un 60% de los portavoces habla valenciano--.</p> <p>La plataforma constituida el pasado mes de septiembre cuenta ya con portavoces elegidos democráticamente en un momento crucial para este proyecto, cuando se está a punto de decidir la forma jurídica con la que concurrirá a las elecciones, además de la aprobación de un reglamento de elecciones primarias que permitirá elegir la candidatura que concurrirá a las próximas elecciones municipales y la aprobación de un código ético.</p> 
</main_text>
</body>

</text>



