<?xml version="1.0" encoding="UTF-8"?>


<text>


<header><url>http://ccaa.elpais.com/ccaa/2015/01/07/paisvasco/1420651902_207492.html</url><media>El_País</media><section>ccaa</section><date>2015/01/07</date><authors>  EP</authors></header>


<body>
<title>  ‘Loco con ballesta’ competirá en la categoría de cortometrajes</title>
<subtitle>  El director y profesor de la UPV Kepa Sojo ha dirigido a Karra Elejalde en una comedia costumbrista negra</subtitle>
<main_text>
   <p>El profesor de Historia del Cine de la Universidad del País Vasco (UPV) y director de cine, Kepa Sojo, ha sido nominado a los Premios Goya al Mejor cortometraje de ficción por su película <em>Loco con ballesta</em>.</p> <p><em>Loco con ballesta</em>, cuarto cortometraje de Kepa Sojo, es una comedia costumbrista negra protagonizada por Karra Elejalde y Andrés Gertrudix. Desde su estreno, ha obtenido ya 24 premios en festivales tan importantes como Bilbao, Cortogenia, FIBABC, Medina del Campo o Aguilar de Campoo y ha sido seleccionado en más de 100 festivales nacionales e internacionales como San Marino, Brujas, San Petersburgo, Montpellier o Pistoia, donde además fue galardonado, ha informado la UPV.</p> <p>Sojo es profesor de Historia del Cine en el grado de Historia del Arte de la Facultad de Letras de la UPV, del Máster CYXAC y director de Proyección Universitaria del Campus de Álava de la UPV. También ha dirigido otros tres cortos muy premiados (<em>Cuando puedas</em>, <em>Looking for Chencho</em> y <em>100 maneras de hacer el pollo al txilindrón</em>), la serie de televisión para ETB <em>Platos sucios</em> y el largometraje estrenado en 2006 <em>El síndrome de Svensson</em>.</p> 
</main_text>
</body>

</text>



