<?xml version="1.0" encoding="UTF-8"?>


<text>


<header><url>http://ccaa.elpais.com/ccaa/2015/10/07/valencia/1444220614_565459.html</url><media>El_País</media><section>ccaa</section><date>2015/10/07</date><authors>Joaquín Ferrandis</authors></header>


<body>
<title>
Agentes económicos y universidades avalan el acuerdo por la financiación
</title>
<subtitle>
El presidente de la Generalitat, Ximo Puig, advierte que la unidad no puede ser rota por ningún debate electoral y propone crear una comisión de seguimiento del pacto
</subtitle>
<main_text>
 <p>Los rectores de las universidades públicas y los dirigentes de la organización empresarial Cierval y UGT y CC OO del País Valenciano han firmado este mediodía en el Palau de la Generalitat, en compañía del presidente Ximo Puig, el manifiesto que exige al Gobierno central un cambio en el sistema de financiación autonómica, la deuda histórica y unas inversiones acordes al porcentaje de la población.</p> <p>El acto, celebrado en el Saló de Corts del Palau de la Generalitat en presencia de los portavoces parlamentarios, el presidente de las Cortes y la Asociación Valenciana de Empresarios, se ha querido revestir hoy de solemnidad tras el histórico acuerdo alcanzado ayer por todos los grupos políticos en el Parlamento.</p> <p>Puig, durante su alocución, ha advertido que no será fácil conseguir los objetivos fijados en el manifiesto, pero que es imprescindible romper inercias. Esta unidad no se puede ver rota por ningún debate electoral, ha dicho el presidente de la Generalitat que ha propuesto constituir una comisión de seguimiento de cómo van avanzando las negociaciones.</p> <p>Es un acuerdo que va mucho más allá del territorio ideológico o anímico y cultural, ha explicado Puig, que ha dicho que se trata de acabar con una injusticia y que este debate de la financiación afecta a todos los valencianos.</p> <p>El presidente de la patronal autonómica Cierval, José Vicente González, ha indicado que pedirá a los empresarios que hagan una campaña gota a gota para que el problema forme parte de las conversaciones habituales. No más, se acabó, ha dicho González, Las empresas valencianas se han tenido que reconvertir solas porque aquí no había ninguna Administración que diese el apoyo de otras autonomías. Las empresas lo han hecho a pecho descubierto.</p> <p>Por su parte, Paco Molina de CC OO y Gonzalo Pino de UGT han indicado que la mejora de la financiación no puede esperar y han recalcado que el mensaje es tanto para el interior como para el exterior del País Valenciano.</p> 
</main_text>
</body>

</text>



