<?xml version="1.0" encoding="UTF-8"?>


<text>


<header><url>http://ccaa.elpais.com/ccaa/2015/03/06/catalunya/1425646037_046686.html</url><media>El_País</media><section>ccaa</section><date>2015/03/06</date><authors>Àngels Piñol</authors></header>


<body>
<title>
El Pacto del Derecho a Decidir evita etiquetar el 27-S como un plebiscito
</title>
<subtitle>
El foro soberanista acuerda un manifiesto de mínimos en aras del consenso
</subtitle>
<main_text>
 <p>El Pacto Nacional por el Derecho a Decidir, que reúne a partidos soberanistas, sindicatos y entidades que propugnan la consulta, acordó ayer un documento de mínimos por el bien del consenso. El foro, coordinado por Joan Rigol, expresidente del Parlament, pactó un texto en el que remarca el derecho de los catalanes a decidir su futuro pero evitando etiquetar las elecciones anticipadas del 27 de septiembre elecciones del 27-S como un plebiscito para sustituir a la consulta o el referéndum prohibidos como plantea el presidente Artur Mas. El término se omitió por la oposición de Iniciativa, CCOO y el Movimiento Laico que sostienen que el dilema de la secesión debe dilucidarse en un referéndum.</p>   <p>Rigol subrayó el Pacto cuenta con la adhesión de más 4.161 entidades y que solo “tres o cuatro” rechazaron el enfoque plebiscitario. Pero la sesión constató las grietas en el seno del soberanismo —la CUP no acudió a la cita— sobre el instrumento a elegir para desatascar el conflicto. Mas debió darse por aludido porque por primera vez no intervino en el foro. Lo hizo para despedir la sesión y justificando su silencio por el debatirse varias opciones.</p> <p>El manifiesto consensuado refleja que el ente se ceñirá “estrictamente” a defender el derecho a decidir; insta a los partidos a ser claros en su hoja de ruta y recuerda que el 27-S mantiene la reivindicación “exigida reiteradamente y de forma multitudinaria por parte del pueblo catalán”. No generó polémica un segundo documento: el que lamenta la conducta del Gobierno de Rajoy y los fallos del Constitucional —el último sobre la Ley de Consultas— que “aleja” cada vez más a los firmantes de la Constitución.</p>  <p>Iniciativa alzó la voz contra las plebiscitarias. La diputada Dolors Camats concluyó que la sesión reflejo la falta de una estrategia común. Los eurodiputados catalanes, que elevarán este mes a Bruselas el millón de firmas recogidas el 9N en favor de la consulta, mostraron divergencias. El ecosocialista Ernest Urtasun avisó del riesgo de las plebiscitarias: “Pedir en Europa un referéndum como el de Escocia nos fortalece y plantear un atajo nos debilita”. Su impresión fue compartida por Francesc Gambús (Unió), que, en una dura intervención, recalcó que Europa asocia el derecho a decidir a independencia y que el binomio no despierta simpatías. Frente a esta línia, Ramon Tremosa (CDC), se quejó amargamente de las trabas de la diplomacia española y aseguró que en Europa se ha pasado de “cierta indiferencia a una simpatía explícita”. Antoni Abad, de la patronal CECOT, pidió dar “vitaminas” al proceso.</p>  <p>El líder de la UGT, Josep Maria Alvarez, dijo no entender el objeto de la reunión. La realidad es que el foro se celebró en un momento en que el soberanismo, según los sondeos, está debilitado. No lo niega ni Convergència que en un argumentario reconoce que debe de ilusionar de nuevo a los ciudadanos con “las bondades” de la secesión. La penúltima sesión del Pacto se celebró dos días antes del 9-N y se llamó a la movilización. Ahora no es el caso. El proceso se ha desgastado por las negociaciones entre el presidente catalán y Oriol Junqueras que concluyeron con el 27-S. Y no hay síntomas de que hayan pactado la parte del programa electoral compartiendo hoja de ruta.</p> <p>Ante esta situación, la propia Asamblea Nacional Catalana debatirá un documento por si decide concurrir a las elecciones. CDC lo desaconseja y su presidenta, Carme Forcadell, precisó que solo darán el paso si los partidos “lo hacen fatal” o si se consuma otra “agresión” del Estado. Forcadell, que dejará el cargo en mayo —suena como posible sustituto Raúl Romeva, que acaba de abandonar ICV— y Muriel Casals, de Ònmiun, coincidieron en que el encuentro fue “bien” al aprobar un documento “inclusivo” que recoge todas las sensibilidades.</p>   
</main_text>
</body>

</text>



