<?xml version="1.0" encoding="UTF-8"?>


<text>


<header><url>http://ccaa.elpais.com/ccaa/2015/05/07/paisvasco/1430992456_788678.html</url><media>El_País</media><section>ccaa</section><date>2015/05/07</date><authors>P. G.</authors></header>


<body>
<title>
Creada una ponencia para reactivar la Margen Izquierda y Oarsoaldea
</title>
<subtitle>
Servirá para generar las directrices que tengan que incorporarse a cualquier plan de desarrollo de esas áreas
</subtitle>
<main_text>
 <p>El Parlamento vasco ha acordado hoy por unanimidad constituir una ponencia para tratar de reactivar económicamente y regenerar las zonas deprimidas de la Margen Izquierda de Bizkaia, y además la comarca de Oarsoaldea en Gipuzkoa. PNV, EH Bildu y PSE han consensuado una enmienda a una proposición no de ley de la coalición soberanista, que ha contado también con el apoyo de PP y UPyD.</p> <p>Así las cosas, el Parlamento contará con una ponencia para analizar con los agentes industriales, políticos, y con los grupos sociales e institucionales relacionados con Oarsoaldea y con la Margen Izquierda, incluida la zona minera, las posibles soluciones para superar una situación socioecómica que creen extremadamente y que la UE califica de desfavorecidas atendiendo a los datos del paro, pobreza y PIB, entre otros muchos indicadores que maneja. Los parlamentarios tendrán que dedicarse a fondo para sacar adelante una serie de directrices y objetivos base para que sirvan de plataforma a los planes interinstitucionales que se pongan en marcha para regenerar y reactivar ambas zonas.</p> <p>El Parlamento ha considerado imprescindible un compromiso y esfuerzo multilateral para lograr esa reactivación y ha pedido también al Ejecutivo de Iñigo Urkullu que materialice las subvenciones a la inversión industrial productiva al objeto de equilibrar el empleo y la actividad de todas ellas.</p> 
</main_text>
</body>

</text>



