<?xml version="1.0" encoding="UTF-8"?>


<text>


<header><url>http://ccaa.elpais.com/ccaa/2015/02/06/paisvasco/1423217235_741200.html</url><media>El_País</media><section>ccaa</section><date>2015/02/06</date></header>

<body>
<title>
Muere en el incendio de su vivienda
</title>
<subtitle>
Los vecinos del incendio afectado por el fuego ya han vuelto a sus casas
</subtitle>
<main_text>
 <p>Un hombre ha perdido la vida este viernes de madrugada a consecuencia de un incendio ocurrido en su domicilio de Bilbao, según ha informado en un comunicado el Departamento de Seguridad del Gobierno vasco.</p> <p>Los hechos han ocurrido alrededor de las tres menos diez de la madrugada, cuando la Ertzaintza ha sido alertada de que se había producido fuego en un piso de un edificio de seis alturas ubicado en la calle Gordóniz de la capital vizcaína.</p> <p>Ante la existencia de gran cantidad de humo, los vecinos del inmueble han salido de sus casas. Al lugar se han desplazado patrullas de la Policía Autónoma y de Policía Municipal, Bomberos y servicios sanitarios.</p> <p>Finalmente, se ha confirmado el fallecimiento de un varón, morador de la vivienda donde se ha originado el fuego. De momento, se investigan las causas que han provocado este trágico suceso. Por su parte, los vecinos ya han regresado a sus domicilios.</p> <p> </p> 
</main_text>
</body>

</text>



