<?xml version="1.0" encoding="UTF-8"?>


<text>


<header><url>http://ccaa.elpais.com/ccaa/2015/03/06/catalunya/1425675629_751216.html</url><media>El_País</media><section>ccaa</section><date>2015/03/06</date><authors>Juan I. Irigoyen</authors></header>


<body>
<title>
Sergio García: “Nunca participé en acción delictiva alguna”
</title>
<subtitle>
El delantero del Espanyol niega su intervención en amaños de partidos y se ofrece a colaborar con la justicia “para aclarar o disipar cualquier duda sobre los hechos”
</subtitle>
<main_text>
 <p>Sergio García, capitán y emblema del Espanyol, quedó retratado después de que la Cadena Ser revelara la declaración realizada por el exgerente de Osasuna, Ángel Vizcay. El exdirigente explicó que Puñal y Damiá se habían reunido con el delantero para pactar el empate en la jornada 37 de la pasada Liga. Y ayer por la noche Sergio García se defendió. El delantero aseguró, en un comunicado, que se enteró de la situación a través del programa El Larguero y se ofreció a colaborar con la justicia. “Nunca he participado en acción delictiva alguna, con o sin relación con el deporte, por lo que, desde este momento, me pongo a disposición de los Tribunales en el caso de que fuere necesaria mi colaboración para aclarar o disipar cualquier duda sobre los hechos”, declaró el jugador del Espanyol.</p>  <p>“Hablé con Sergio la primera vez que salió la información y me transmitió que estaba tranquilo al 100%. Creo en la honorabilidad de todos mis jugadores”, expuso el presidente del Espanyol, Joan Collet, en El Punt Avui TV. El directivo entiende, también, que todavía todo se debe demostrar y que el club colaborará con todo para combatir contra “esta lacra”, en referenia a los amaños en el fútbol. Y Sergio contratacó: “Me reservo las acciones legales oportunas para salvaguardar mi honor y mi propia imagen contra cualquier persona física o jurídica que pretenda relacionarme con cualquier actividad delictiva”.</p> <p>Ayer por la mañana, el Espanyol suspendió el entrenamiento que estaba programado a puerta abierta. En cambio, la plantilla se fue a un centro termal y deportivo de Barcelona. Por Sant Adrià desfilaron pocos jugadores y la rueda de prensa quedó en manos de Lucas Vázquez, que a sus 23 años, y con 21 partidos en Primera, compareció ante los medios después de que el club advirtiera a los periodistas de que el jugador no formó parte del grupo la temporada pasada y que sólo contestaría a preguntas relacionadas con el partido del próximo domingo frente a la Real Sociedad. “En esos temas el club ya se posicionó”, afirmó el extremo blanquiazul, que desvió cuantos balones le cayeron al pie. Sergio se defiende. El Espanyol lo apoya. Y la plantilla guarda silencio.</p> 
</main_text>
</body>

</text>



